run_id,timestamp,git_hash,objective,network_size,epoch,loss,euler_fb_mean,euler_fb_finite_ratio,violation_count,warning_count,exception_flag,exception_type,exception_message,lifetime_reward_mean
20260123_224946,2026-01-23T22:49:47.444847,15cedc7a9730972b927f01fdf3bc98946ca1b50a,bellman,8x8,0,10.604513168334961,0.5840938650202588,1.0,453539,0,0,,,
20260123_224946,2026-01-23T22:49:48.046003,15cedc7a9730972b927f01fdf3bc98946ca1b50a,bellman,8x8,99,3.010470390319824,0.572808701719041,1.0,241508,0,0,,,
20260123_224946,2026-01-23T22:49:48.663580,15cedc7a9730972b927f01fdf3bc98946ca1b50a,bellman,8x8,199,4.320456027984619,0.34825508544032346,1.0,0,0,0,,,-0.23171769798383682
20260123_224946,2026-01-23T22:49:49.257610,15cedc7a9730972b927f01fdf3bc98946ca1b50a,bellman,8x8,299,2.3464772701263428,0.2549532311999064,1.0,0,0,0,,,0.06898354598717911
20260123_224946,2026-01-23T22:49:49.859759,15cedc7a9730972b927f01fdf3bc98946ca1b50a,bellman,8x8,399,0.6341332793235779,0.20371363886220933,1.0,0,0,0,,,0.14488140087437948
20260123_224946,2026-01-23T22:49:50.465614,15cedc7a9730972b927f01fdf3bc98946ca1b50a,bellman,8x8,499,1.7422488927841187,0.1661705752263515,1.0,0,0,0,,,0.17656916407043288
20260123_224946,2026-01-23T22:49:51.127931,15cedc7a9730972b927f01fdf3bc98946ca1b50a,bellman,8x8,599,0.9525010585784912,0.13528393034850525,1.0,0,0,0,,,0.19625310000370008
20260123_224946,2026-01-23T22:49:51.762469,15cedc7a9730972b927f01fdf3bc98946ca1b50a,bellman,8x8,699,2.059218406677246,0.0850223112266758,1.0,0,0,0,,,0.21432549007073623
20260123_224946,2026-01-23T22:49:52.365831,15cedc7a9730972b927f01fdf3bc98946ca1b50a,bellman,8x8,799,0.9260721206665039,0.03060326095604978,1.0,0,0,0,,,0.23037689453834306
20260123_224946,2026-01-23T22:49:53.018485,15cedc7a9730972b927f01fdf3bc98946ca1b50a,bellman,8x8,899,1.0616800785064697,0.004503206658791896,1.0,0,0,0,,,0.2451952359245702
20260123_224946,2026-01-23T22:49:53.681469,15cedc7a9730972b927f01fdf3bc98946ca1b50a,bellman,8x8,999,0.32277631759643555,0.0004099266917000932,1.0,0,0,0,,,0.25689313956592386
20260123_224946,2026-01-23T22:49:54.530629,15cedc7a9730972b927f01fdf3bc98946ca1b50a,bellman,8x8,1099,0.7770372629165649,0.0002084781781741185,1.0,0,0,0,,,0.2606939748687763
20260123_224946,2026-01-23T22:49:55.349187,15cedc7a9730972b927f01fdf3bc98946ca1b50a,bellman,8x8,1199,2.42895245552063,0.00019226749955123524,1.0,0,0,0,,,0.25174869285168244
20260123_224946,2026-01-23T22:49:56.008923,15cedc7a9730972b927f01fdf3bc98946ca1b50a,bellman,8x8,1299,0.8404529094696045,0.0014822027420814266,1.0,566,0,0,,,0.2170365151431919
20260123_224946,2026-01-23T22:49:56.676919,15cedc7a9730972b927f01fdf3bc98946ca1b50a,bellman,8x8,1399,0.15367263555526733,0.04504434866797965,1.0,33584,0,0,,,0.04159155511452875
20260123_224946,2026-01-23T22:49:57.342327,15cedc7a9730972b927f01fdf3bc98946ca1b50a,bellman,8x8,1499,0.14863869547843933,0.10295685013845286,1.0,83168,0,0,,,-0.17840611203540505
20260123_224946,2026-01-23T22:49:58.007685,15cedc7a9730972b927f01fdf3bc98946ca1b50a,bellman,8x8,1599,0.09562452882528305,0.11777447938369733,1.0,96713,0,0,,,-0.23397413449256738
20260123_224946,2026-01-23T22:49:58.940557,15cedc7a9730972b927f01fdf3bc98946ca1b50a,bellman,8x8,1699,0.15146096050739288,0.12032032538830208,1.0,99281,0,0,,,-0.2339643239853979
20260123_224946,2026-01-23T22:49:59.812591,15cedc7a9730972b927f01fdf3bc98946ca1b50a,bellman,8x8,1799,0.5845348834991455,0.12652992476531835,1.0,104971,0,0,,,-0.24452428872627033
20260123_224946,2026-01-23T22:50:00.490193,15cedc7a9730972b927f01fdf3bc98946ca1b50a,bellman,8x8,1899,0.3355482518672943,0.11911987423076426,1.0,98744,0,0,,,-0.19606436175273076
20260123_224946,2026-01-23T22:50:01.164691,15cedc7a9730972b927f01fdf3bc98946ca1b50a,bellman,8x8,1999,0.14012950658798218,0.10832656829305051,1.0,88949,0,0,,,-0.1372933442745573
20260123_224946,2026-01-23T22:50:01.765929,15cedc7a9730972b927f01fdf3bc98946ca1b50a,bellman,8x8,2099,0.749167263507843,0.09349232747149472,1.0,75673,0,0,,,-0.06813545018870824
20260123_224946,2026-01-23T22:50:02.445096,15cedc7a9730972b927f01fdf3bc98946ca1b50a,bellman,8x8,2199,0.3249713182449341,0.08760305260594578,1.0,69801,0,0,,,-0.03796254385791239
20260123_224946,2026-01-23T22:50:03.054512,15cedc7a9730972b927f01fdf3bc98946ca1b50a,bellman,8x8,2299,0.07555069029331207,0.048467765306677395,1.0,34263,0,0,,,0.11527110217533396
20260123_224946,2026-01-23T22:50:03.680178,15cedc7a9730972b927f01fdf3bc98946ca1b50a,bellman,8x8,2399,0.10100137442350388,0.03235825051239317,1.0,18731,0,0,,,0.18380250997451797
20260123_224946,2026-01-23T22:50:04.319730,15cedc7a9730972b927f01fdf3bc98946ca1b50a,bellman,8x8,2499,0.16998803615570068,0.017698935309535955,1.0,3503,0,0,,,0.24872418874676597
20260123_224946,2026-01-23T22:50:04.975830,15cedc7a9730972b927f01fdf3bc98946ca1b50a,bellman,8x8,2599,0.05395328253507614,0.017354458617264753,1.0,135,0,0,,,0.2727621673692462
20260123_224946,2026-01-23T22:50:05.620077,15cedc7a9730972b927f01fdf3bc98946ca1b50a,bellman,8x8,2699,0.15567547082901,0.018356528939648342,1.0,0,0,0,,,0.2797649727584948
20260123_224946,2026-01-23T22:50:06.399578,15cedc7a9730972b927f01fdf3bc98946ca1b50a,bellman,8x8,2799,0.4327092468738556,0.019970800423175207,1.0,0,0,0,,,0.2786640354097304
20260123_224946,2026-01-23T22:50:07.319495,15cedc7a9730972b927f01fdf3bc98946ca1b50a,bellman,8x8,2899,0.03775922581553459,0.02467732365835218,1.0,0,0,0,,,0.2746698988508298
20260123_224946,2026-01-23T22:50:07.983907,15cedc7a9730972b927f01fdf3bc98946ca1b50a,bellman,8x8,2999,0.14427632093429565,0.028005842089837644,1.0,0,0,0,,,0.2718750569294709
20260123_224946,2026-01-23T22:50:08.646563,15cedc7a9730972b927f01fdf3bc98946ca1b50a,bellman,8x8,3099,0.14702275395393372,0.0001294556754464793,1.0,0,0,0,,,0.2746203746294977
20260123_224946,2026-01-23T22:50:09.237010,15cedc7a9730972b927f01fdf3bc98946ca1b50a,bellman,8x8,3199,0.0439906045794487,0.0009326366590676116,1.0,0,0,0,,,0.28438674409681597
20260123_224946,2026-01-23T22:50:09.900246,15cedc7a9730972b927f01fdf3bc98946ca1b50a,bellman,8x8,3299,0.10210124403238297,0.0028188224832138074,1.0,0,0,0,,,0.2857456586581989
20260123_224946,2026-01-23T22:50:10.573972,15cedc7a9730972b927f01fdf3bc98946ca1b50a,bellman,8x8,3399,0.030191868543624878,0.006111890910879083,1.0,0,0,0,,,0.2827364221453357
20260123_224946,2026-01-23T22:50:11.235136,15cedc7a9730972b927f01fdf3bc98946ca1b50a,bellman,8x8,3499,0.1087036058306694,0.011251553996617076,1.0,0,0,0,,,0.2786110679000719
20260123_224946,2026-01-23T22:50:11.999840,15cedc7a9730972b927f01fdf3bc98946ca1b50a,bellman,8x8,3599,0.18531040847301483,0.017027058368589677,1.0,0,0,0,,,0.27366386182547425
20260123_224946,2026-01-23T22:50:12.817176,15cedc7a9730972b927f01fdf3bc98946ca1b50a,bellman,8x8,3699,0.024779073894023895,0.024864453786390187,1.0,0,0,0,,,0.2670904767783018
20260123_224946,2026-01-23T22:50:13.473780,15cedc7a9730972b927f01fdf3bc98946ca1b50a,bellman,8x8,3799,0.13214075565338135,0.03065535584612917,1.0,0,0,0,,,0.26187885642759356
20260123_224946,2026-01-23T22:50:14.142254,15cedc7a9730972b927f01fdf3bc98946ca1b50a,bellman,8x8,3899,0.03162011504173279,0.038584194031782315,1.0,0,0,0,,,0.2568178037003339
20260123_224946,2026-01-23T22:50:14.809168,15cedc7a9730972b927f01fdf3bc98946ca1b50a,bellman,8x8,3999,0.05475711077451706,0.045950198922546405,1.0,0,0,0,,,0.25118251737407643
20260123_224946,2026-01-23T22:50:15.473572,15cedc7a9730972b927f01fdf3bc98946ca1b50a,bellman,8x8,4099,0.06584956496953964,0.05338106089597204,1.0,0,0,0,,,0.24500930121117936
20260123_224946,2026-01-23T22:50:16.401009,15cedc7a9730972b927f01fdf3bc98946ca1b50a,bellman,8x8,4199,0.06794300675392151,0.06089041529475253,1.0,0,0,0,,,0.23951282740133376
20260123_224946,2026-01-23T22:50:17.216839,15cedc7a9730972b927f01fdf3bc98946ca1b50a,bellman,8x8,4299,0.039292797446250916,0.06665420083686513,1.0,0,0,0,,,0.23433946983116602
20260123_224946,2026-01-23T22:50:18.142498,15cedc7a9730972b927f01fdf3bc98946ca1b50a,bellman,8x8,4399,0.03279232233762741,0.07427648776663773,1.0,0,0,0,,,0.22954945457083312
20260123_224946,2026-01-23T22:50:18.812139,15cedc7a9730972b927f01fdf3bc98946ca1b50a,bellman,8x8,4499,0.036795474588871,0.0813503277509608,1.0,0,0,0,,,0.22274656409384502
20260123_224946,2026-01-23T22:50:19.389057,15cedc7a9730972b927f01fdf3bc98946ca1b50a,bellman,8x8,4599,0.011849887669086456,0.0882398695646043,1.0,0,0,0,,,0.21603484134325204
20260123_224946,2026-01-23T22:50:20.001343,15cedc7a9730972b927f01fdf3bc98946ca1b50a,bellman,8x8,4699,0.013561667874455452,0.09298999860230651,1.0,0,0,0,,,0.21090864425067546
20260123_224946,2026-01-23T22:50:20.638495,15cedc7a9730972b927f01fdf3bc98946ca1b50a,bellman,8x8,4799,0.01671375334262848,0.09782731092184804,1.0,0,0,0,,,0.20305766919471008
20260123_224946,2026-01-23T22:50:21.242867,15cedc7a9730972b927f01fdf3bc98946ca1b50a,bellman,8x8,4899,0.019867271184921265,0.10169927087730685,1.0,0,0,0,,,0.19767798242931572
20260123_224946,2026-01-23T22:50:21.827651,15cedc7a9730972b927f01fdf3bc98946ca1b50a,bellman,8x8,4999,0.015252171084284782,0.10895945526232936,1.0,0,0,0,,,0.189890636596177
20260123_224946,2026-01-23T22:50:22.469818,15cedc7a9730972b927f01fdf3bc98946ca1b50a,bellman,8x8,5099,0.01694825477898121,0.08716605763986081,1.0,0,0,0,,,0.18797514845454177
20260123_224946,2026-01-23T22:50:23.115388,15cedc7a9730972b927f01fdf3bc98946ca1b50a,bellman,8x8,5199,0.012709030881524086,0.09473922813505851,1.0,0,0,0,,,0.18168696938633008
20260123_224946,2026-01-23T22:50:23.690190,15cedc7a9730972b927f01fdf3bc98946ca1b50a,bellman,8x8,5299,0.023911003023386,0.0096970463224352,1.0,0,0,0,,,0.168975287608781
20260123_224946,2026-01-23T22:50:24.334490,15cedc7a9730972b927f01fdf3bc98946ca1b50a,bellman,8x8,5399,0.023919960483908653,0.030144781842000156,1.0,0,0,0,,,0.17778621047740895
20260123_224946,2026-01-23T22:50:24.970475,15cedc7a9730972b927f01fdf3bc98946ca1b50a,bellman,8x8,5499,0.014847839251160622,0.051346617454692024,1.0,0,0,0,,,0.17967816450250615
20260123_224946,2026-01-23T22:50:25.553372,15cedc7a9730972b927f01fdf3bc98946ca1b50a,bellman,8x8,5599,0.0380387045443058,0.06784385169934012,1.0,0,0,0,,,0.17775694314403084
20260123_224946,2026-01-23T22:50:26.284420,15cedc7a9730972b927f01fdf3bc98946ca1b50a,bellman,8x8,5699,0.0650053471326828,0.08197631564027233,1.0,0,0,0,,,0.17180540493890423
20260123_224946,2026-01-23T22:50:26.972720,15cedc7a9730972b927f01fdf3bc98946ca1b50a,bellman,8x8,5799,0.02385781519114971,0.09089134376715265,1.0,0,0,0,,,0.16708851057198373
20260123_224946,2026-01-23T22:50:27.601766,15cedc7a9730972b927f01fdf3bc98946ca1b50a,bellman,8x8,5899,0.00809569749981165,0.09969216256500658,1.0,0,0,0,,,0.15949914767638176
20260123_224946,2026-01-23T22:50:28.291452,15cedc7a9730972b927f01fdf3bc98946ca1b50a,bellman,8x8,5999,0.015261003747582436,0.10283227049160815,1.0,0,0,0,,,0.15429033591092325
20260123_224946,2026-01-23T22:50:28.970996,15cedc7a9730972b927f01fdf3bc98946ca1b50a,bellman,8x8,6099,0.028583820909261703,0.008642231142671335,1.0,0,0,0,,,0.12397749652973825
20260123_224946,2026-01-23T22:50:29.636920,15cedc7a9730972b927f01fdf3bc98946ca1b50a,bellman,8x8,6199,0.07604510337114334,0.01790769078219,1.0,0,0,0,,,0.13139612159645359
20260123_224946,2026-01-23T22:50:30.231975,15cedc7a9730972b927f01fdf3bc98946ca1b50a,bellman,8x8,6299,0.015228652395308018,0.029007085338848812,1.0,0,0,0,,,0.13439702048610214
20260123_224946,2026-01-23T22:50:30.836661,15cedc7a9730972b927f01fdf3bc98946ca1b50a,bellman,8x8,6399,0.013330534100532532,0.039425438983093954,1.0,0,0,0,,,0.13685468029444553
20260123_224946,2026-01-23T22:50:31.493982,15cedc7a9730972b927f01fdf3bc98946ca1b50a,bellman,8x8,6499,0.01715829037129879,0.030225492375579963,1.0,0,0,0,,,0.13125734687829604
20260123_224946,2026-01-23T22:50:32.108788,15cedc7a9730972b927f01fdf3bc98946ca1b50a,bellman,8x8,6599,0.016099192202091217,0.004093130235255558,1.0,0,0,0,,,0.10905083534241938
20260123_224946,2026-01-23T22:50:32.713019,15cedc7a9730972b927f01fdf3bc98946ca1b50a,bellman,8x8,6699,0.015890201553702354,0.008572596470171447,1.0,0,0,0,,,0.11510524661304589
20260123_224946,2026-01-23T22:50:33.313085,15cedc7a9730972b927f01fdf3bc98946ca1b50a,bellman,8x8,6799,0.019665272906422615,0.014018794465641804,1.0,0,0,0,,,0.11839866510502257
20260123_224946,2026-01-23T22:50:33.967190,15cedc7a9730972b927f01fdf3bc98946ca1b50a,bellman,8x8,6899,0.010008558630943298,0.0210539830339394,1.0,0,0,0,,,0.12093880196387496
20260123_224946,2026-01-23T22:50:34.568565,15cedc7a9730972b927f01fdf3bc98946ca1b50a,bellman,8x8,6999,0.015093332156538963,0.028321134009279377,1.0,0,0,0,,,0.12068137156503111
20260123_224946,2026-01-23T22:50:35.196530,15cedc7a9730972b927f01fdf3bc98946ca1b50a,bellman,8x8,7099,0.04680299386382103,0.03617097292750259,1.0,0,0,0,,,0.12059140131513194
20260123_224946,2026-01-23T22:50:35.860618,15cedc7a9730972b927f01fdf3bc98946ca1b50a,bellman,8x8,7199,0.012867823243141174,0.044756785129502534,1.0,0,0,0,,,0.11966014283670992
20260123_224946,2026-01-23T22:50:36.527246,15cedc7a9730972b927f01fdf3bc98946ca1b50a,bellman,8x8,7299,0.020197557285428047,0.052441901659694846,1.0,0,0,0,,,0.11916753523327307
20260123_224946,2026-01-23T22:50:37.154366,15cedc7a9730972b927f01fdf3bc98946ca1b50a,bellman,8x8,7399,0.009961687959730625,0.059207096137938606,1.0,0,0,0,,,0.1178210087349607
20260123_224946,2026-01-23T22:50:37.785984,15cedc7a9730972b927f01fdf3bc98946ca1b50a,bellman,8x8,7499,0.05501023679971695,0.06408637230803378,1.0,0,0,0,,,0.11620901253856117
20260123_224946,2026-01-23T22:50:38.464837,15cedc7a9730972b927f01fdf3bc98946ca1b50a,bellman,8x8,7599,0.01721591129899025,0.06820701201802876,1.0,0,0,0,,,0.11490649627230753
20260123_224946,2026-01-23T22:50:39.093618,15cedc7a9730972b927f01fdf3bc98946ca1b50a,bellman,8x8,7699,0.0061509087681770325,0.0725068518661601,1.0,0,0,0,,,0.11341057115288164
20260123_224946,2026-01-23T22:50:39.723069,15cedc7a9730972b927f01fdf3bc98946ca1b50a,bellman,8x8,7799,0.011523519642651081,0.07678819600571841,1.0,0,0,0,,,0.1117019344924241
20260123_224946,2026-01-23T22:50:40.378813,15cedc7a9730972b927f01fdf3bc98946ca1b50a,bellman,8x8,7899,0.012479240074753761,0.07952631599793221,1.0,0,0,0,,,0.11017076071424767
20260123_224946,2026-01-23T22:50:41.015891,15cedc7a9730972b927f01fdf3bc98946ca1b50a,bellman,8x8,7999,0.00612786877900362,0.08221119212566463,1.0,0,0,0,,,0.10777902331593431
20260123_224946,2026-01-23T22:50:41.609037,15cedc7a9730972b927f01fdf3bc98946ca1b50a,bellman,8x8,8099,0.026795679703354836,0.07423611646506288,1.0,0,0,0,,,0.10340599380523158
20260123_224946,2026-01-23T22:50:42.206977,15cedc7a9730972b927f01fdf3bc98946ca1b50a,bellman,8x8,8199,0.0187995545566082,0.025160902444067688,1.0,0,0,0,,,0.09474710371644794
20260123_224946,2026-01-23T22:50:42.804679,15cedc7a9730972b927f01fdf3bc98946ca1b50a,bellman,8x8,8299,0.005209625698626041,0.03555877882729419,1.0,0,0,0,,,0.09773995936513417
20260123_224946,2026-01-23T22:50:43.463740,15cedc7a9730972b927f01fdf3bc98946ca1b50a,bellman,8x8,8399,0.00996057316660881,0.04416581421690807,1.0,0,0,0,,,0.09863901913776846
20260123_224946,2026-01-23T22:50:44.120902,15cedc7a9730972b927f01fdf3bc98946ca1b50a,bellman,8x8,8499,0.005639276001602411,0.05075068747987643,1.0,0,0,0,,,0.09783619028890547
20260123_224946,2026-01-23T22:50:44.722857,15cedc7a9730972b927f01fdf3bc98946ca1b50a,bellman,8x8,8599,0.01740371435880661,0.022923847337806363,1.0,0,0,0,,,0.10297168547223977
20260123_224946,2026-01-23T22:50:45.383511,15cedc7a9730972b927f01fdf3bc98946ca1b50a,bellman,8x8,8699,0.009598543867468834,0.03221982915201352,1.0,0,0,0,,,0.10617970494331504
20260123_224946,2026-01-23T22:50:46.038778,15cedc7a9730972b927f01fdf3bc98946ca1b50a,bellman,8x8,8799,0.003656598972156644,0.03951931841356327,1.0,0,0,0,,,0.10632041118968635
20260123_224946,2026-01-23T22:50:46.697467,15cedc7a9730972b927f01fdf3bc98946ca1b50a,bellman,8x8,8899,0.008788743987679482,0.043594039743338725,1.0,0,0,0,,,0.10688653693292914
20260123_224946,2026-01-23T22:50:47.297739,15cedc7a9730972b927f01fdf3bc98946ca1b50a,bellman,8x8,8999,0.011225691996514797,0.05100945626478279,1.0,0,0,0,,,0.10527707034188008
20260123_224946,2026-01-23T22:50:47.940262,15cedc7a9730972b927f01fdf3bc98946ca1b50a,bellman,8x8,9099,0.006682489532977343,0.053345606683515144,1.0,0,0,0,,,0.1050040457456009
20260123_224946,2026-01-23T22:50:48.569169,15cedc7a9730972b927f01fdf3bc98946ca1b50a,bellman,8x8,9199,0.004328856244683266,0.05865234836575837,1.0,0,0,0,,,0.10500056051378776
20260123_224946,2026-01-23T22:50:49.227127,15cedc7a9730972b927f01fdf3bc98946ca1b50a,bellman,8x8,9299,0.010668442584574223,0.017639270393519837,1.0,0,0,0,,,0.08908405331105937
20260123_224946,2026-01-23T22:50:49.886788,15cedc7a9730972b927f01fdf3bc98946ca1b50a,bellman,8x8,9399,0.013817738741636276,0.01756389498700628,1.0,0,0,0,,,0.0917265642402425
20260123_224946,2026-01-23T22:50:50.544548,15cedc7a9730972b927f01fdf3bc98946ca1b50a,bellman,8x8,9499,0.007279037032276392,0.02510248177086396,1.0,0,0,0,,,0.09594420507226242
20260123_224946,2026-01-23T22:50:51.162095,15cedc7a9730972b927f01fdf3bc98946ca1b50a,bellman,8x8,9599,0.008890279568731785,0.026368792640441827,1.0,0,0,0,,,0.09508439349988142
20260123_224946,2026-01-23T22:50:51.775691,15cedc7a9730972b927f01fdf3bc98946ca1b50a,bellman,8x8,9699,0.015016528777778149,0.02268672195625186,1.0,0,0,0,,,0.09364145507227284
20260123_224946,2026-01-23T22:50:52.451820,15cedc7a9730972b927f01fdf3bc98946ca1b50a,bellman,8x8,9799,0.00618525967001915,0.027735909466896372,1.0,0,0,0,,,0.09473036585056241
20260123_224946,2026-01-23T22:50:53.076343,15cedc7a9730972b927f01fdf3bc98946ca1b50a,bellman,8x8,9899,0.004635367542505264,0.03231629029960459,1.0,0,0,0,,,0.09382137006046476
20260123_224946,2026-01-23T22:50:53.726663,15cedc7a9730972b927f01fdf3bc98946ca1b50a,bellman,8x8,9999,0.004352334421128035,0.0369667634299185,1.0,0,0,0,,,0.0928828343052232
20260123_224946,2026-01-23T22:50:54.352455,15cedc7a9730972b927f01fdf3bc98946ca1b50a,bellman,8x8,10099,0.006181941833347082,0.03933594772426204,1.0,0,0,0,,,0.09201173377532032
20260123_224946,2026-01-23T22:50:55.030202,15cedc7a9730972b927f01fdf3bc98946ca1b50a,bellman,8x8,10199,0.004700919147580862,0.04433688831960808,1.0,0,0,0,,,0.09194025605707892
20260123_224946,2026-01-23T22:50:55.692384,15cedc7a9730972b927f01fdf3bc98946ca1b50a,bellman,8x8,10299,0.01243518479168415,0.04687849652183104,1.0,0,0,0,,,0.09107200114187304
20260123_224946,2026-01-23T22:50:56.345378,15cedc7a9730972b927f01fdf3bc98946ca1b50a,bellman,8x8,10399,0.01653137616813183,0.04886914682105726,1.0,0,0,0,,,0.08979587204714151
20260123_224946,2026-01-23T22:50:56.945234,15cedc7a9730972b927f01fdf3bc98946ca1b50a,bellman,8x8,10499,0.005658179521560669,0.04966080980422248,1.0,0,0,0,,,0.08769150656310343
20260123_224946,2026-01-23T22:50:57.604508,15cedc7a9730972b927f01fdf3bc98946ca1b50a,bellman,8x8,10599,0.005965756252408028,0.053566562973414875,1.0,0,0,0,,,0.08598272196324983
20260123_224946,2026-01-23T22:50:58.207199,15cedc7a9730972b927f01fdf3bc98946ca1b50a,bellman,8x8,10699,0.007104604970663786,0.05354374059084876,1.0,0,0,0,,,0.08423876202916761
20260123_224946,2026-01-23T22:50:58.807048,15cedc7a9730972b927f01fdf3bc98946ca1b50a,bellman,8x8,10799,0.009592684917151928,0.05422823661499478,1.0,0,0,0,,,0.08364556012846233
20260123_224946,2026-01-23T22:50:59.451947,15cedc7a9730972b927f01fdf3bc98946ca1b50a,bellman,8x8,10899,0.006027595605701208,0.05647899988018708,1.0,0,0,0,,,0.08092087866470823
20260123_224946,2026-01-23T22:51:00.054507,15cedc7a9730972b927f01fdf3bc98946ca1b50a,bellman,8x8,10999,0.005445041693747044,0.057042298856513296,1.0,0,0,0,,,0.08074700737600794
20260123_224946,2026-01-23T22:51:00.720770,15cedc7a9730972b927f01fdf3bc98946ca1b50a,bellman,8x8,11099,0.0042254929430782795,0.049155253451504,1.0,0,0,0,,,0.07850025264977316
20260123_224946,2026-01-23T22:51:01.384473,15cedc7a9730972b927f01fdf3bc98946ca1b50a,bellman,8x8,11199,0.0067769126035273075,0.0442780145734514,1.0,0,0,0,,,0.07935865223364152
20260123_224946,2026-01-23T22:51:01.986672,15cedc7a9730972b927f01fdf3bc98946ca1b50a,bellman,8x8,11299,0.0038624524604529142,0.02907366572025694,1.0,0,0,0,,,0.07882619978463387
20260123_224946,2026-01-23T22:51:02.587130,15cedc7a9730972b927f01fdf3bc98946ca1b50a,bellman,8x8,11399,0.0025903061032295227,0.037256960774025176,1.0,0,0,0,,,0.08192747335418663
20260123_224946,2026-01-23T22:51:03.261849,15cedc7a9730972b927f01fdf3bc98946ca1b50a,bellman,8x8,11499,0.0008785637328401208,0.04469417105451612,1.0,0,0,0,,,0.08145648749378334
20260123_224946,2026-01-23T22:51:03.887010,15cedc7a9730972b927f01fdf3bc98946ca1b50a,bellman,8x8,11599,0.004310098476707935,0.04592366248080907,1.0,0,0,0,,,0.07981776976634969
20260123_224946,2026-01-23T22:51:04.567130,15cedc7a9730972b927f01fdf3bc98946ca1b50a,bellman,8x8,11699,0.011763066984713078,0.04820502919316368,1.0,0,0,0,,,0.08013053107044206
20260123_224946,2026-01-23T22:51:05.154162,15cedc7a9730972b927f01fdf3bc98946ca1b50a,bellman,8x8,11799,0.003198076505213976,0.051780258330832114,1.0,0,0,0,,,0.07769904686092509
20260123_224946,2026-01-23T22:51:05.813556,15cedc7a9730972b927f01fdf3bc98946ca1b50a,bellman,8x8,11899,0.00589575944468379,0.051866387953482446,1.0,0,0,0,,,0.06281711238382381
20260123_224946,2026-01-23T22:51:06.493505,15cedc7a9730972b927f01fdf3bc98946ca1b50a,bellman,8x8,11999,0.002714887959882617,0.05422662079417932,1.0,0,0,0,,,0.06297627323874218
20260123_224946,2026-01-23T22:51:07.147266,15cedc7a9730972b927f01fdf3bc98946ca1b50a,bellman,8x8,12099,0.003105857642367482,0.05496012957057701,1.0,0,0,0,,,0.06215081927949925
20260123_224946,2026-01-23T22:51:07.775181,15cedc7a9730972b927f01fdf3bc98946ca1b50a,bellman,8x8,12199,0.009203205816447735,0.055131992852138864,1.0,0,0,0,,,0.06303041021505837
20260123_224946,2026-01-23T22:51:08.548866,15cedc7a9730972b927f01fdf3bc98946ca1b50a,bellman,8x8,12299,0.006601028144359589,0.011782541349982694,1.0,0,0,0,,,0.05979511535100753
20260123_224946,2026-01-23T22:51:09.150941,15cedc7a9730972b927f01fdf3bc98946ca1b50a,bellman,8x8,12399,0.01056121289730072,0.016001552234524753,1.0,0,0,0,,,0.06291349248687932
20260123_224946,2026-01-23T22:51:09.760207,15cedc7a9730972b927f01fdf3bc98946ca1b50a,bellman,8x8,12499,0.0039702365174889565,0.018658141914258977,1.0,0,0,0,,,0.06363043072182098
20260123_224946,2026-01-23T22:51:10.384316,15cedc7a9730972b927f01fdf3bc98946ca1b50a,bellman,8x8,12599,0.006700885947793722,0.020745044674711152,1.0,0,0,0,,,0.06264994395983939
20260123_224946,2026-01-23T22:51:11.062125,15cedc7a9730972b927f01fdf3bc98946ca1b50a,bellman,8x8,12699,0.000895015662536025,0.023558160244847387,1.0,0,0,0,,,0.06294062300195591
20260123_224946,2026-01-23T22:51:11.736588,15cedc7a9730972b927f01fdf3bc98946ca1b50a,bellman,8x8,12799,0.004848000127822161,0.02548467464784153,1.0,0,0,0,,,0.06397666764824687
20260123_224946,2026-01-23T22:51:12.392591,15cedc7a9730972b927f01fdf3bc98946ca1b50a,bellman,8x8,12899,0.010039595887064934,0.026302152931230012,1.0,0,0,0,,,0.06289664356762091
20260123_224946,2026-01-23T22:51:13.052386,15cedc7a9730972b927f01fdf3bc98946ca1b50a,bellman,8x8,12999,0.0035147876478731632,0.029489191331217624,1.0,0,0,0,,,0.06298424520617793
20260123_224946,2026-01-23T22:51:13.674649,15cedc7a9730972b927f01fdf3bc98946ca1b50a,bellman,8x8,13099,0.0026660189032554626,0.030448822737587308,1.0,0,0,0,,,0.06444633730098775
20260123_224946,2026-01-23T22:51:14.356159,15cedc7a9730972b927f01fdf3bc98946ca1b50a,bellman,8x8,13199,-0.00012321090616751462,0.03193245761062826,1.0,0,0,0,,,0.06382748422264611
20260123_224946,2026-01-23T22:51:15.035887,15cedc7a9730972b927f01fdf3bc98946ca1b50a,bellman,8x8,13299,0.003510022070258856,0.033501231722275406,1.0,0,0,0,,,0.06375304136582184
20260123_224946,2026-01-23T22:51:15.638170,15cedc7a9730972b927f01fdf3bc98946ca1b50a,bellman,8x8,13399,0.003640413749963045,0.034343467607063756,1.0,0,0,0,,,0.06330048695882917
20260123_224946,2026-01-23T22:51:16.459924,15cedc7a9730972b927f01fdf3bc98946ca1b50a,bellman,8x8,13499,0.004008509684354067,0.03680465331916366,1.0,0,0,0,,,0.06320415214474519
20260123_224946,2026-01-23T22:51:17.500571,15cedc7a9730972b927f01fdf3bc98946ca1b50a,bellman,8x8,13599,0.004661206156015396,0.03976491249529772,1.0,0,0,0,,,0.06426345415771881
20260123_224946,2026-01-23T22:51:18.363104,15cedc7a9730972b927f01fdf3bc98946ca1b50a,bellman,8x8,13699,0.004158133640885353,0.0404695176092855,1.0,0,0,0,,,0.06369060590310116
20260123_224946,2026-01-23T22:51:19.004613,15cedc7a9730972b927f01fdf3bc98946ca1b50a,bellman,8x8,13799,0.00353851611725986,0.03998071978049666,1.0,0,0,0,,,0.06430769626063366
20260123_224946,2026-01-23T22:51:19.588286,15cedc7a9730972b927f01fdf3bc98946ca1b50a,bellman,8x8,13899,0.0031689454335719347,0.039871124184282965,1.0,0,0,0,,,0.0659250498995801
20260123_224946,2026-01-23T22:51:20.234210,15cedc7a9730972b927f01fdf3bc98946ca1b50a,bellman,8x8,13999,0.004450550768524408,0.0407882982830688,1.0,0,0,0,,,0.05973825585063252
20260123_224946,2026-01-23T22:51:20.821588,15cedc7a9730972b927f01fdf3bc98946ca1b50a,bellman,8x8,14099,0.002996993949636817,0.04082867304743331,1.0,0,0,0,,,0.058193991666285805
20260123_224946,2026-01-23T22:51:21.537725,15cedc7a9730972b927f01fdf3bc98946ca1b50a,bellman,8x8,14199,0.002308834344148636,0.04196849149873969,1.0,0,0,0,,,0.059815917719845534
20260123_224946,2026-01-23T22:51:22.153554,15cedc7a9730972b927f01fdf3bc98946ca1b50a,bellman,8x8,14299,0.0040753427892923355,0.04189255440385068,1.0,0,0,0,,,0.060333066748718495
20260123_224946,2026-01-23T22:51:22.791541,15cedc7a9730972b927f01fdf3bc98946ca1b50a,bellman,8x8,14399,0.002527866279706359,0.042779200022039277,1.0,0,0,0,,,0.0601287499016571
20260123_224946,2026-01-23T22:51:23.426033,15cedc7a9730972b927f01fdf3bc98946ca1b50a,bellman,8x8,14499,0.001569717307575047,0.04366435886237241,1.0,0,0,0,,,0.060870897565544695
20260123_224946,2026-01-23T22:51:24.090067,15cedc7a9730972b927f01fdf3bc98946ca1b50a,bellman,8x8,14599,0.0011377895716577768,0.04354141678287533,1.0,0,0,0,,,0.061974708705064274
20260123_224946,2026-01-23T22:51:24.793436,15cedc7a9730972b927f01fdf3bc98946ca1b50a,bellman,8x8,14699,0.0009795796358957887,0.043022389528750864,1.0,0,0,0,,,0.061737616413437876
20260123_224946,2026-01-23T22:51:25.420657,15cedc7a9730972b927f01fdf3bc98946ca1b50a,bellman,8x8,14799,0.004265717696398497,0.04137723246967653,1.0,0,0,0,,,0.06182465377758445
20260123_224946,2026-01-23T22:51:26.026656,15cedc7a9730972b927f01fdf3bc98946ca1b50a,bellman,8x8,14899,0.002119805198162794,0.04143581348185307,1.0,0,0,0,,,0.06193440610242526
20260123_224946,2026-01-23T22:51:26.686245,15cedc7a9730972b927f01fdf3bc98946ca1b50a,bellman,8x8,14999,0.0013657310046255589,0.041995717096110635,1.0,0,0,0,,,0.06153379946257972
20260123_224946,2026-01-23T22:51:27.287707,15cedc7a9730972b927f01fdf3bc98946ca1b50a,bellman,8x8,15099,0.005541435908526182,0.0417989125993995,1.0,0,0,0,,,0.06249986310122587
20260123_224946,2026-01-23T22:51:27.934927,15cedc7a9730972b927f01fdf3bc98946ca1b50a,bellman,8x8,15199,0.0019775666296482086,0.04208873072071128,1.0,0,0,0,,,0.06099074452781321
20260123_224946,2026-01-23T22:51:28.567554,15cedc7a9730972b927f01fdf3bc98946ca1b50a,bellman,8x8,15299,0.003612675704061985,0.04062423232956462,1.0,0,0,0,,,0.05859228457768272
20260123_224946,2026-01-23T22:51:29.233878,15cedc7a9730972b927f01fdf3bc98946ca1b50a,bellman,8x8,15399,0.0031838612630963326,0.040766834984731305,1.0,0,0,0,,,0.05866658644768331
20260123_224946,2026-01-23T22:51:29.903380,15cedc7a9730972b927f01fdf3bc98946ca1b50a,bellman,8x8,15499,0.004214129410684109,0.04116341057618911,1.0,0,0,0,,,0.05826626986822567
20260123_224946,2026-01-23T22:51:30.562450,15cedc7a9730972b927f01fdf3bc98946ca1b50a,bellman,8x8,15599,0.004267845302820206,0.04121960454462623,1.0,0,0,0,,,0.05858596099752479
20260123_224946,2026-01-23T22:51:31.216435,15cedc7a9730972b927f01fdf3bc98946ca1b50a,bellman,8x8,15699,0.0008526224410161376,0.040988499843501815,1.0,0,0,0,,,0.057134190436395206
20260123_224946,2026-01-23T22:51:31.860413,15cedc7a9730972b927f01fdf3bc98946ca1b50a,bellman,8x8,15799,0.0021777900401502848,0.039386885268631884,1.0,0,0,0,,,0.056566463453212396
20260123_224946,2026-01-23T22:51:32.526188,15cedc7a9730972b927f01fdf3bc98946ca1b50a,bellman,8x8,15899,0.0013702530413866043,0.03934541789128161,1.0,0,0,0,,,0.055987302821945806
20260123_224946,2026-01-23T22:51:33.150059,15cedc7a9730972b927f01fdf3bc98946ca1b50a,bellman,8x8,15999,0.0015547790098935366,0.04047945469559863,1.0,0,0,0,,,0.05784085038917362
20260123_224946,2026-01-23T22:51:33.775243,15cedc7a9730972b927f01fdf3bc98946ca1b50a,bellman,8x8,16099,0.0005156937404535711,0.039594887698485765,1.0,0,0,0,,,0.05790858578882027
20260123_224946,2026-01-23T22:51:34.399035,15cedc7a9730972b927f01fdf3bc98946ca1b50a,bellman,8x8,16199,0.005557783879339695,0.03841153599924155,1.0,0,0,0,,,0.05586295864734107
20260123_224946,2026-01-23T22:51:34.996410,15cedc7a9730972b927f01fdf3bc98946ca1b50a,bellman,8x8,16299,0.0030400066170841455,0.03795040422007105,1.0,0,0,0,,,0.05480206274764807
20260123_224946,2026-01-23T22:51:35.598479,15cedc7a9730972b927f01fdf3bc98946ca1b50a,bellman,8x8,16399,0.003391754347831011,0.03707459589211339,1.0,0,0,0,,,0.05533714263209503
20260123_224946,2026-01-23T22:51:36.256956,15cedc7a9730972b927f01fdf3bc98946ca1b50a,bellman,8x8,16499,0.001324677374213934,0.03680993286291368,1.0,0,0,0,,,0.05598884791852466
20260123_224946,2026-01-23T22:51:36.857233,15cedc7a9730972b927f01fdf3bc98946ca1b50a,bellman,8x8,16599,0.002900131745263934,0.035217400194028414,1.0,0,0,0,,,0.054211059256201496
20260123_224946,2026-01-23T22:51:37.514359,15cedc7a9730972b927f01fdf3bc98946ca1b50a,bellman,8x8,16699,0.00214439257979393,0.03482897642339822,1.0,0,0,0,,,0.05566825175954518
20260123_224946,2026-01-23T22:51:38.172260,15cedc7a9730972b927f01fdf3bc98946ca1b50a,bellman,8x8,16799,0.0035975994542241096,0.03443907717396996,1.0,0,0,0,,,0.055885847145589446
20260123_224946,2026-01-23T22:51:38.759761,15cedc7a9730972b927f01fdf3bc98946ca1b50a,bellman,8x8,16899,0.0026101497933268547,0.0328515260509289,1.0,0,0,0,,,0.05296818845503096
20260123_224946,2026-01-23T22:51:39.437239,15cedc7a9730972b927f01fdf3bc98946ca1b50a,bellman,8x8,16999,0.001645021722652018,0.03215029296390867,1.0,0,0,0,,,0.054478924730914306
20260123_224946,2026-01-23T22:51:40.042405,15cedc7a9730972b927f01fdf3bc98946ca1b50a,bellman,8x8,17099,0.002786868019029498,0.032193336871923744,1.0,0,0,0,,,0.056915070201392366
20260123_224946,2026-01-23T22:51:40.649478,15cedc7a9730972b927f01fdf3bc98946ca1b50a,bellman,8x8,17199,0.0017145605525001884,0.03145895432355019,1.0,0,0,0,,,0.05866397866688927
20260123_224946,2026-01-23T22:51:41.269333,15cedc7a9730972b927f01fdf3bc98946ca1b50a,bellman,8x8,17299,0.005330885294824839,0.03112902678667069,1.0,0,0,0,,,0.05856097455797407
20260123_224946,2026-01-23T22:51:41.909363,15cedc7a9730972b927f01fdf3bc98946ca1b50a,bellman,8x8,17399,0.0012972925323992968,0.03023879672167368,1.0,0,0,0,,,0.060701897042730074
20260123_224946,2026-01-23T22:51:42.579011,15cedc7a9730972b927f01fdf3bc98946ca1b50a,bellman,8x8,17499,0.0040747919119894505,0.029720457125815756,1.0,0,0,0,,,0.06222494421083859
20260123_224946,2026-01-23T22:51:43.202577,15cedc7a9730972b927f01fdf3bc98946ca1b50a,bellman,8x8,17599,0.0005143407033756375,0.029426944320564415,1.0,0,0,0,,,0.06428077251092328
20260123_224946,2026-01-23T22:51:43.881938,15cedc7a9730972b927f01fdf3bc98946ca1b50a,bellman,8x8,17699,0.0012487928615882993,0.029273641530055558,1.0,0,0,0,,,0.07026692884623649
20260123_224946,2026-01-23T22:51:44.513459,15cedc7a9730972b927f01fdf3bc98946ca1b50a,bellman,8x8,17799,0.0006608227849937975,0.028985799394936295,1.0,0,0,0,,,0.07477012890340987
20260123_224946,2026-01-23T22:51:45.170038,15cedc7a9730972b927f01fdf3bc98946ca1b50a,bellman,8x8,17899,0.004381127189844847,0.02770307225629722,1.0,0,0,0,,,0.07701198572696649
20260123_224946,2026-01-23T22:51:45.801883,15cedc7a9730972b927f01fdf3bc98946ca1b50a,bellman,8x8,17999,0.001128137344494462,0.026826869932717726,1.0,0,0,0,,,0.07767723025704962
20260123_224946,2026-01-23T22:51:46.460088,15cedc7a9730972b927f01fdf3bc98946ca1b50a,bellman,8x8,18099,0.004694211762398481,0.02670072947696781,1.0,0,0,0,,,0.08246001762024031
20260123_224946,2026-01-23T22:51:47.125041,15cedc7a9730972b927f01fdf3bc98946ca1b50a,bellman,8x8,18199,0.0008267092052847147,0.026178348560558787,1.0,0,0,0,,,0.08367622273865608
20260123_224946,2026-01-23T22:51:47.714713,15cedc7a9730972b927f01fdf3bc98946ca1b50a,bellman,8x8,18299,0.005048801656812429,0.02610240986909389,1.0,0,0,0,,,0.08997386768206436
20260123_224946,2026-01-23T22:51:48.315273,15cedc7a9730972b927f01fdf3bc98946ca1b50a,bellman,8x8,18399,0.0007571721216663718,0.02535391333853113,1.0,0,0,0,,,0.08996179982728679
20260123_224946,2026-01-23T22:51:48.971912,15cedc7a9730972b927f01fdf3bc98946ca1b50a,bellman,8x8,18499,0.004972456954419613,0.024566125933304192,1.0,0,0,0,,,0.09010975954834904
20260123_224946,2026-01-23T22:51:49.648648,15cedc7a9730972b927f01fdf3bc98946ca1b50a,bellman,8x8,18599,0.00133128697052598,0.02431774992408009,1.0,0,0,0,,,0.09285322612082024
20260123_224946,2026-01-23T22:51:50.305623,15cedc7a9730972b927f01fdf3bc98946ca1b50a,bellman,8x8,18699,0.0009624455124139786,0.023639244483085804,1.0,0,0,0,,,0.09334319648646724
20260123_224946,2026-01-23T22:51:50.950022,15cedc7a9730972b927f01fdf3bc98946ca1b50a,bellman,8x8,18799,0.002447886858135462,0.023277772587063053,1.0,0,0,0,,,0.0947434569793772
20260123_224946,2026-01-23T22:51:51.650841,15cedc7a9730972b927f01fdf3bc98946ca1b50a,bellman,8x8,18899,0.0012449207715690136,0.022462249166143238,1.0,0,0,0,,,0.09314619547431333
20260123_224946,2026-01-23T22:51:52.360055,15cedc7a9730972b927f01fdf3bc98946ca1b50a,bellman,8x8,18999,0.0020527467131614685,0.021689345531185608,1.0,0,0,0,,,0.09327554344882737
20260123_224946,2026-01-23T22:51:53.110620,15cedc7a9730972b927f01fdf3bc98946ca1b50a,bellman,8x8,19099,0.0016712622018530965,0.021347141193899688,1.0,0,0,0,,,0.09381390292614886
20260123_224946,2026-01-23T22:51:53.866151,15cedc7a9730972b927f01fdf3bc98946ca1b50a,bellman,8x8,19199,0.0009067991049960256,0.02100530869369777,1.0,0,0,0,,,0.09418640796601335
20260123_224946,2026-01-23T22:51:54.605484,15cedc7a9730972b927f01fdf3bc98946ca1b50a,bellman,8x8,19299,0.0012828510953113437,0.02117768815113209,1.0,0,0,0,,,0.09653273598820694
20260123_224946,2026-01-23T22:51:55.330240,15cedc7a9730972b927f01fdf3bc98946ca1b50a,bellman,8x8,19399,0.001977746607735753,0.020279133005758468,1.0,0,0,0,,,0.09616343267347206
20260123_224946,2026-01-23T22:51:56.019017,15cedc7a9730972b927f01fdf3bc98946ca1b50a,bellman,8x8,19499,0.0011080512776970863,0.019926111571794535,1.0,0,0,0,,,0.09720999584233736
20260123_224946,2026-01-23T22:51:56.846388,15cedc7a9730972b927f01fdf3bc98946ca1b50a,bellman,8x8,19599,0.0012243103701621294,0.01929373768136088,1.0,0,0,0,,,0.09387566973861455
20260123_224946,2026-01-23T22:51:57.593461,15cedc7a9730972b927f01fdf3bc98946ca1b50a,bellman,8x8,19699,0.0008129040943458676,0.018531758335341236,1.0,0,0,0,,,0.09537724605591136
20260123_224946,2026-01-23T22:51:58.356031,15cedc7a9730972b927f01fdf3bc98946ca1b50a,bellman,8x8,19799,0.0006326038856059313,0.017828146104011466,1.0,0,0,0,,,0.09169907599840034
20260123_224946,2026-01-23T22:51:59.096708,15cedc7a9730972b927f01fdf3bc98946ca1b50a,bellman,8x8,19899,0.0012752633774653077,0.017674962587113895,1.0,0,0,0,,,0.09220799906213373
20260123_224946,2026-01-23T22:51:59.778652,15cedc7a9730972b927f01fdf3bc98946ca1b50a,bellman,8x8,19999,0.0017732158303260803,0.01727300494415658,1.0,0,0,0,,,0.09177577738500475
20260123_224946,2026-01-23T22:52:00.470756,15cedc7a9730972b927f01fdf3bc98946ca1b50a,bellman,8x8,20099,0.00220099207945168,0.0171010709124198,1.0,0,0,0,,,0.09037014916242009
20260123_224946,2026-01-23T22:52:01.107274,15cedc7a9730972b927f01fdf3bc98946ca1b50a,bellman,8x8,20199,0.00031611541635356843,0.01658615055414657,1.0,0,0,0,,,0.08828087474571253
20260123_224946,2026-01-23T22:52:01.729919,15cedc7a9730972b927f01fdf3bc98946ca1b50a,bellman,8x8,20299,0.0002443881530780345,0.016615836425928593,1.0,0,0,0,,,0.0922480350088723
20260123_224946,2026-01-23T22:52:02.386025,15cedc7a9730972b927f01fdf3bc98946ca1b50a,bellman,8x8,20399,0.001158372382633388,0.015452278891730202,1.0,0,0,0,,,0.08721599760030191
20260123_224946,2026-01-23T22:52:03.045599,15cedc7a9730972b927f01fdf3bc98946ca1b50a,bellman,8x8,20499,0.000566842791158706,0.015227834896804779,1.0,0,0,0,,,0.08532951081491386
20260123_224946,2026-01-23T22:52:03.647267,15cedc7a9730972b927f01fdf3bc98946ca1b50a,bellman,8x8,20599,0.00410492392256856,0.015217929062509938,1.0,0,0,0,,,0.0862804605326035
20260123_224946,2026-01-23T22:52:04.249007,15cedc7a9730972b927f01fdf3bc98946ca1b50a,bellman,8x8,20699,0.001390881952829659,0.014787628728490744,1.0,0,0,0,,,0.08371123917841615
20260123_224946,2026-01-23T22:52:04.850447,15cedc7a9730972b927f01fdf3bc98946ca1b50a,bellman,8x8,20799,0.000826807867269963,0.015100959981220968,1.0,0,0,0,,,0.08765218722697446
20260123_224946,2026-01-23T22:52:05.453811,15cedc7a9730972b927f01fdf3bc98946ca1b50a,bellman,8x8,20899,0.001994623336941004,0.014698558601405693,1.0,0,0,0,,,0.08843396417081362
20260123_224946,2026-01-23T22:52:06.108090,15cedc7a9730972b927f01fdf3bc98946ca1b50a,bellman,8x8,20999,0.00037431862438097596,0.014038142905841369,1.0,0,0,0,,,0.0848431015807524
20260123_224946,2026-01-23T22:52:06.706956,15cedc7a9730972b927f01fdf3bc98946ca1b50a,bellman,8x8,21099,0.002890518633648753,0.013994837921241015,1.0,0,0,0,,,0.08549643225830658
20260123_224946,2026-01-23T22:52:07.304249,15cedc7a9730972b927f01fdf3bc98946ca1b50a,bellman,8x8,21199,0.0024961617309600115,0.013739160518471181,1.0,0,0,0,,,0.08716170427205128
20260123_224946,2026-01-23T22:52:07.997955,15cedc7a9730972b927f01fdf3bc98946ca1b50a,bellman,8x8,21299,0.00099190475884825,0.013322677250657762,1.0,0,0,0,,,0.08484786348472029
20260123_224946,2026-01-23T22:52:08.683609,15cedc7a9730972b927f01fdf3bc98946ca1b50a,bellman,8x8,21399,0.0015622344799339771,0.013283486359148356,1.0,0,0,0,,,0.08345168503588088
20260123_224946,2026-01-23T22:52:09.388678,15cedc7a9730972b927f01fdf3bc98946ca1b50a,bellman,8x8,21499,0.0012586778029799461,0.013185592202695488,1.0,0,0,0,,,0.08428662971813315
20260123_224946,2026-01-23T22:52:10.032407,15cedc7a9730972b927f01fdf3bc98946ca1b50a,bellman,8x8,21599,0.0020271637476980686,0.012961301281427496,1.0,0,0,0,,,0.08882546018293921
20260123_224946,2026-01-23T22:52:10.713427,15cedc7a9730972b927f01fdf3bc98946ca1b50a,bellman,8x8,21699,0.0021782144904136658,0.012238173722035981,1.0,0,0,0,,,0.08238711872919915
20260123_224946,2026-01-23T22:52:11.356963,15cedc7a9730972b927f01fdf3bc98946ca1b50a,bellman,8x8,21799,0.0010501871583983302,0.012418794436379131,1.0,0,0,0,,,0.08529484067873294
20260123_224946,2026-01-23T22:52:11.985614,15cedc7a9730972b927f01fdf3bc98946ca1b50a,bellman,8x8,21899,0.005308418069034815,0.012076574233058182,1.0,0,0,0,,,0.08320014382664236
20260123_224946,2026-01-23T22:52:12.616553,15cedc7a9730972b927f01fdf3bc98946ca1b50a,bellman,8x8,21999,0.001650896156206727,0.01186150174730642,1.0,0,0,0,,,0.08263978179985598
20260123_224946,2026-01-23T22:52:13.253128,15cedc7a9730972b927f01fdf3bc98946ca1b50a,bellman,8x8,22099,0.001965488074347377,0.012045421647877674,1.0,0,0,0,,,0.08181844894172807
20260123_224946,2026-01-23T22:52:13.856954,15cedc7a9730972b927f01fdf3bc98946ca1b50a,bellman,8x8,22199,0.001313969143666327,0.01199040628672151,1.0,0,0,0,,,0.08492852338064186
20260123_224946,2026-01-23T22:52:14.520123,15cedc7a9730972b927f01fdf3bc98946ca1b50a,bellman,8x8,22299,0.0021414421498775482,0.01143484507047333,1.0,0,0,0,,,0.08342694235535997
20260123_224946,2026-01-23T22:52:15.112090,15cedc7a9730972b927f01fdf3bc98946ca1b50a,bellman,8x8,22399,0.0021212820429354906,0.011027175425612086,1.0,0,0,0,,,0.0826296308241539
20260123_224946,2026-01-23T22:52:15.753539,15cedc7a9730972b927f01fdf3bc98946ca1b50a,bellman,8x8,22499,0.0004229407350067049,0.01093501120922383,1.0,0,0,0,,,0.08052974339025683
20260123_224946,2026-01-23T22:52:16.697230,15cedc7a9730972b927f01fdf3bc98946ca1b50a,bellman,8x8,22599,0.0019164560362696648,0.010842971197720317,1.0,0,0,0,,,0.08109247978581308
20260123_224946,2026-01-23T22:52:17.734507,15cedc7a9730972b927f01fdf3bc98946ca1b50a,bellman,8x8,22699,0.0025889785028994083,0.011021612949912196,1.0,0,0,0,,,0.08326624808535335
20260123_224946,2026-01-23T22:52:18.465433,15cedc7a9730972b927f01fdf3bc98946ca1b50a,bellman,8x8,22799,0.0009833285585045815,0.010467824800675771,1.0,0,0,0,,,0.08122925926814503
20260123_224946,2026-01-23T22:52:19.133302,15cedc7a9730972b927f01fdf3bc98946ca1b50a,bellman,8x8,22899,-4.9599941121414304e-05,0.01005285301512572,1.0,0,0,0,,,0.0782201657290032
20260123_224946,2026-01-23T22:52:19.776590,15cedc7a9730972b927f01fdf3bc98946ca1b50a,bellman,8x8,22999,0.0015098254662007093,0.009748414705426285,1.0,0,0,0,,,0.07842044041766788
20260123_224946,2026-01-23T22:52:20.507924,15cedc7a9730972b927f01fdf3bc98946ca1b50a,bellman,8x8,23099,0.0011312649585306644,0.01003639749408194,1.0,0,0,0,,,0.07960483269280408
20260123_224946,2026-01-23T22:52:21.176584,15cedc7a9730972b927f01fdf3bc98946ca1b50a,bellman,8x8,23199,-2.6572408387437463e-05,0.009882424125545413,1.0,0,0,0,,,0.08129658117536562
20260123_224946,2026-01-23T22:52:21.839111,15cedc7a9730972b927f01fdf3bc98946ca1b50a,bellman,8x8,23299,0.00030218932079151273,0.009334646312369159,1.0,0,0,0,,,0.07948885502464517
20260123_224946,2026-01-23T22:52:22.497449,15cedc7a9730972b927f01fdf3bc98946ca1b50a,bellman,8x8,23399,0.0013610055902972817,0.009429368188705212,1.0,0,0,0,,,0.08090901322016296
20260123_224946,2026-01-23T22:52:23.139323,15cedc7a9730972b927f01fdf3bc98946ca1b50a,bellman,8x8,23499,0.0008314198348671198,0.009582682726270378,1.0,0,0,0,,,0.0821015753796911
20260123_224946,2026-01-23T22:52:23.748784,15cedc7a9730972b927f01fdf3bc98946ca1b50a,bellman,8x8,23599,0.0013348418287932873,0.009591397611627599,1.0,0,0,0,,,0.08034023111581552
20260123_224946,2026-01-23T22:52:24.387372,15cedc7a9730972b927f01fdf3bc98946ca1b50a,bellman,8x8,23699,0.0017335572047159076,0.009253030189177025,1.0,0,0,0,,,0.07684230676774442
20260123_224946,2026-01-23T22:52:25.057991,15cedc7a9730972b927f01fdf3bc98946ca1b50a,bellman,8x8,23799,0.00043860936420969665,0.009224954241303748,1.0,0,0,0,,,0.07940657848256702
20260123_224946,2026-01-23T22:52:25.770950,15cedc7a9730972b927f01fdf3bc98946ca1b50a,bellman,8x8,23899,0.0013494951417669654,0.008629085214693077,1.0,0,0,0,,,0.0760767059592958
20260123_224946,2026-01-23T22:52:26.408123,15cedc7a9730972b927f01fdf3bc98946ca1b50a,bellman,8x8,23999,-2.234928160760319e-06,0.008743882351144521,1.0,0,0,0,,,0.07697317743115126
20260123_224946,2026-01-23T22:52:27.042000,15cedc7a9730972b927f01fdf3bc98946ca1b50a,bellman,8x8,24099,0.0016339748399332166,0.008938361518803504,1.0,0,0,0,,,0.07824003035712819
20260123_224946,2026-01-23T22:52:27.701032,15cedc7a9730972b927f01fdf3bc98946ca1b50a,bellman,8x8,24199,0.001962961396202445,0.00877327460935021,1.0,0,0,0,,,0.07829913380651046
20260123_224946,2026-01-23T22:52:28.362491,15cedc7a9730972b927f01fdf3bc98946ca1b50a,bellman,8x8,24299,0.002188524231314659,0.008743577262648614,1.0,0,0,0,,,0.08232973217624903
20260123_224946,2026-01-23T22:52:29.011015,15cedc7a9730972b927f01fdf3bc98946ca1b50a,bellman,8x8,24399,0.0008097547688521445,0.00831652041860366,1.0,0,0,0,,,0.07943573812864133
20260123_224946,2026-01-23T22:52:29.668523,15cedc7a9730972b927f01fdf3bc98946ca1b50a,bellman,8x8,24499,0.0009965355275198817,0.008735381094383002,1.0,0,0,0,,,0.08187774100353262
20260123_224946,2026-01-23T22:52:30.291293,15cedc7a9730972b927f01fdf3bc98946ca1b50a,bellman,8x8,24599,-0.0007171008037403226,0.007794305769282346,1.0,0,0,0,,,0.07961718238653272
20260123_224946,2026-01-23T22:52:30.946283,15cedc7a9730972b927f01fdf3bc98946ca1b50a,bellman,8x8,24699,0.00044806304504163563,0.007790360357962527,1.0,0,0,0,,,0.07658975315012712
20260123_224946,2026-01-23T22:52:31.616819,15cedc7a9730972b927f01fdf3bc98946ca1b50a,bellman,8x8,24799,0.0014830661239102483,0.007549913652759414,1.0,0,0,0,,,0.07780688670260175
20260123_224946,2026-01-23T22:52:32.248790,15cedc7a9730972b927f01fdf3bc98946ca1b50a,bellman,8x8,24899,0.001668942510150373,0.007942212447284191,1.0,0,0,0,,,0.07969464568199762
20260123_224946,2026-01-23T22:52:32.903347,15cedc7a9730972b927f01fdf3bc98946ca1b50a,bellman,8x8,24999,0.002152831759303808,0.007888824400162094,1.0,0,0,0,,,0.08061278064683418
20260123_224946,2026-01-23T22:52:33.541288,15cedc7a9730972b927f01fdf3bc98946ca1b50a,bellman,8x8,25099,-3.4390173823339865e-05,0.007803394805815742,1.0,0,0,0,,,0.07909189239111708
20260123_224946,2026-01-23T22:52:34.268150,15cedc7a9730972b927f01fdf3bc98946ca1b50a,bellman,8x8,25199,0.0010002206545323133,0.00783091938163352,1.0,0,0,0,,,0.08110936935983556
20260123_224946,2026-01-23T22:52:34.953281,15cedc7a9730972b927f01fdf3bc98946ca1b50a,bellman,8x8,25299,0.0013753229286521673,0.007685841944843333,1.0,0,0,0,,,0.07923441515371019
20260123_224946,2026-01-23T22:52:35.593557,15cedc7a9730972b927f01fdf3bc98946ca1b50a,bellman,8x8,25399,0.00014517373347189277,0.007916009901362032,1.0,0,0,0,,,0.08293737763592747
20260123_224946,2026-01-23T22:52:36.235853,15cedc7a9730972b927f01fdf3bc98946ca1b50a,bellman,8x8,25499,0.0018215518211945891,0.007511388464944275,1.0,0,0,0,,,0.08055658912055161
20260123_224946,2026-01-23T22:52:36.842518,15cedc7a9730972b927f01fdf3bc98946ca1b50a,bellman,8x8,25599,-9.705981938168406e-05,0.007525108601028023,1.0,0,0,0,,,0.08272941801336665
20260123_224946,2026-01-23T22:52:37.454719,15cedc7a9730972b927f01fdf3bc98946ca1b50a,bellman,8x8,25699,0.00014057375665288419,0.007261646092271121,1.0,0,0,0,,,0.08189731281906068
20260123_224946,2026-01-23T22:52:38.110549,15cedc7a9730972b927f01fdf3bc98946ca1b50a,bellman,8x8,25799,0.0015948503278195858,0.006997722564010473,1.0,0,0,0,,,0.08050263886095031
20260123_224946,2026-01-23T22:52:38.711791,15cedc7a9730972b927f01fdf3bc98946ca1b50a,bellman,8x8,25899,0.0020351975690573454,0.006899377779800489,1.0,0,0,0,,,0.0808704082317204
20260123_224946,2026-01-23T22:52:39.311463,15cedc7a9730972b927f01fdf3bc98946ca1b50a,bellman,8x8,25999,0.0022165097761899233,0.006799288288530079,1.0,0,0,0,,,0.08272550649052993
20260123_224946,2026-01-23T22:52:39.955203,15cedc7a9730972b927f01fdf3bc98946ca1b50a,bellman,8x8,26099,0.001995534636080265,0.006922038829300163,1.0,0,0,0,,,0.08461867136080081
20260123_224946,2026-01-23T22:52:40.556460,15cedc7a9730972b927f01fdf3bc98946ca1b50a,bellman,8x8,26199,0.000629675982054323,0.006746006744468787,1.0,0,0,0,,,0.08228472590615865
20260123_224946,2026-01-23T22:52:41.216895,15cedc7a9730972b927f01fdf3bc98946ca1b50a,bellman,8x8,26299,0.0010615417268127203,0.0066469825805859275,1.0,0,0,0,,,0.08157249198854138
20260123_224946,2026-01-23T22:52:41.810936,15cedc7a9730972b927f01fdf3bc98946ca1b50a,bellman,8x8,26399,0.002932928968220949,0.0068262418301367235,1.0,0,0,0,,,0.08220277667373602
20260123_224946,2026-01-23T22:52:42.410661,15cedc7a9730972b927f01fdf3bc98946ca1b50a,bellman,8x8,26499,0.0012255437904968858,0.006226330055616245,1.0,0,0,0,,,0.0806950567062606
20260123_224946,2026-01-23T22:52:43.008728,15cedc7a9730972b927f01fdf3bc98946ca1b50a,bellman,8x8,26599,0.0005911079933866858,0.006244811078719294,1.0,0,0,0,,,0.0799174563625982
20260123_224946,2026-01-23T22:52:43.610482,15cedc7a9730972b927f01fdf3bc98946ca1b50a,bellman,8x8,26699,0.00174402364064008,0.006630141410296346,1.0,0,0,0,,,0.08131679033980026
20260123_224946,2026-01-23T22:52:44.233506,15cedc7a9730972b927f01fdf3bc98946ca1b50a,bellman,8x8,26799,0.0030852670315653086,0.006659277299661426,1.0,0,0,0,,,0.08380816030142421
20260123_224946,2026-01-23T22:52:44.913304,15cedc7a9730972b927f01fdf3bc98946ca1b50a,bellman,8x8,26899,0.001000612392090261,0.006101645372784788,1.0,0,0,0,,,0.0779784798223641
20260123_224946,2026-01-23T22:52:45.539740,15cedc7a9730972b927f01fdf3bc98946ca1b50a,bellman,8x8,26999,0.0016720067942515016,0.006112491157465456,1.0,0,0,0,,,0.07949967544345898
20260123_224946,2026-01-23T22:52:46.167298,15cedc7a9730972b927f01fdf3bc98946ca1b50a,bellman,8x8,27099,0.0017268065130338073,0.006039643898927807,1.0,0,0,0,,,0.07784493747445229
20260123_224946,2026-01-23T22:52:46.825116,15cedc7a9730972b927f01fdf3bc98946ca1b50a,bellman,8x8,27199,0.0011498644016683102,0.00604051808704071,1.0,0,0,0,,,0.07971496910877779
20260123_224946,2026-01-23T22:52:47.425604,15cedc7a9730972b927f01fdf3bc98946ca1b50a,bellman,8x8,27299,0.0006577895837835968,0.006130232480775249,1.0,0,0,0,,,0.07940242722652255
20260123_224946,2026-01-23T22:52:48.080041,15cedc7a9730972b927f01fdf3bc98946ca1b50a,bellman,8x8,27399,0.0006919002626091242,0.005956915762803874,1.0,0,0,0,,,0.07920769930753013
20260123_224946,2026-01-23T22:52:48.685720,15cedc7a9730972b927f01fdf3bc98946ca1b50a,bellman,8x8,27499,0.0016129069263115525,0.0063074273374672885,1.0,0,0,0,,,0.08013110557642152
20260123_224946,2026-01-23T22:52:49.286646,15cedc7a9730972b927f01fdf3bc98946ca1b50a,bellman,8x8,27599,-0.00016865447105374187,0.006230884381362784,1.0,0,0,0,,,0.08031037110430157
20260123_224946,2026-01-23T22:52:49.909604,15cedc7a9730972b927f01fdf3bc98946ca1b50a,bellman,8x8,27699,0.0007549285073764622,0.005832848562002937,1.0,0,0,0,,,0.07979447540568653
20260123_224946,2026-01-23T22:52:50.512801,15cedc7a9730972b927f01fdf3bc98946ca1b50a,bellman,8x8,27799,0.0008321002824231982,0.005967215421369474,1.0,0,0,0,,,0.07728529430308402
20260123_224946,2026-01-23T22:52:51.158026,15cedc7a9730972b927f01fdf3bc98946ca1b50a,bellman,8x8,27899,0.0009674044558778405,0.005958940347328507,1.0,0,0,0,,,0.0780982700107446
20260123_224946,2026-01-23T22:52:51.786964,15cedc7a9730972b927f01fdf3bc98946ca1b50a,bellman,8x8,27999,0.0006060852902010083,0.005670193027232245,1.0,0,0,0,,,0.0787679995768765
20260123_224946,2026-01-23T22:52:52.385620,15cedc7a9730972b927f01fdf3bc98946ca1b50a,bellman,8x8,28099,0.001302542514167726,0.0057820225351792945,1.0,0,0,0,,,0.07900657472414829
20260123_224946,2026-01-23T22:52:52.987231,15cedc7a9730972b927f01fdf3bc98946ca1b50a,bellman,8x8,28199,0.0008963168365880847,0.00552665158854893,1.0,0,0,0,,,0.07921334381361432
20260123_224946,2026-01-23T22:52:53.588208,15cedc7a9730972b927f01fdf3bc98946ca1b50a,bellman,8x8,28299,0.0019864817149937153,0.005461528124094457,1.0,0,0,0,,,0.07769587676666598
20260123_224946,2026-01-23T22:52:54.249396,15cedc7a9730972b927f01fdf3bc98946ca1b50a,bellman,8x8,28399,0.000682778307236731,0.0054121135825039345,1.0,0,0,0,,,0.07883918205109564
20260123_224946,2026-01-23T22:52:54.846994,15cedc7a9730972b927f01fdf3bc98946ca1b50a,bellman,8x8,28499,9.550745744490996e-05,0.005316417523076779,1.0,0,0,0,,,0.07863914143003332
20260123_224946,2026-01-23T22:52:55.556929,15cedc7a9730972b927f01fdf3bc98946ca1b50a,bellman,8x8,28599,0.001385156880132854,0.005746633596044148,1.0,0,0,0,,,0.0793073393354723
20260123_224946,2026-01-23T22:52:56.203066,15cedc7a9730972b927f01fdf3bc98946ca1b50a,bellman,8x8,28699,0.0007047720137052238,0.005660271984118026,1.0,0,0,0,,,0.07909533831196705
20260123_224946,2026-01-23T22:52:56.859370,15cedc7a9730972b927f01fdf3bc98946ca1b50a,bellman,8x8,28799,0.0013110663276165724,0.005551583254679145,1.0,0,0,0,,,0.07908614512620385
20260123_224946,2026-01-23T22:52:57.477553,15cedc7a9730972b927f01fdf3bc98946ca1b50a,bellman,8x8,28899,0.0008147466578520834,0.005647197042979997,1.0,0,0,0,,,0.0801217803017398
20260123_224946,2026-01-23T22:52:58.138705,15cedc7a9730972b927f01fdf3bc98946ca1b50a,bellman,8x8,28999,0.0009221048094332218,0.0053823100967190386,1.0,0,0,0,,,0.07817278865803856
20260123_224946,2026-01-23T22:52:58.816218,15cedc7a9730972b927f01fdf3bc98946ca1b50a,bellman,8x8,29099,-0.0005765063688158989,0.005450427091857364,1.0,0,0,0,,,0.07871580370403204
20260123_224946,2026-01-23T22:52:59.413819,15cedc7a9730972b927f01fdf3bc98946ca1b50a,bellman,8x8,29199,0.0012542047770693898,0.005229456697821888,1.0,0,0,0,,,0.07646516394164361
20260123_224946,2026-01-23T22:53:00.007497,15cedc7a9730972b927f01fdf3bc98946ca1b50a,bellman,8x8,29299,0.0003586932143662125,0.005433262990363801,1.0,0,0,0,,,0.07724627706481407
20260123_224946,2026-01-23T22:53:00.648311,15cedc7a9730972b927f01fdf3bc98946ca1b50a,bellman,8x8,29399,0.000333982752636075,0.005293344877002255,1.0,0,0,0,,,0.07922146375239807
20260123_224946,2026-01-23T22:53:01.278485,15cedc7a9730972b927f01fdf3bc98946ca1b50a,bellman,8x8,29499,0.003311473410576582,0.0052126632019906085,1.0,0,0,0,,,0.0796750474207778
20260123_224946,2026-01-23T22:53:01.936082,15cedc7a9730972b927f01fdf3bc98946ca1b50a,bellman,8x8,29599,0.0015798649983480573,0.005339166301854448,1.0,0,0,0,,,0.07776324229464066
20260123_224946,2026-01-23T22:53:02.568081,15cedc7a9730972b927f01fdf3bc98946ca1b50a,bellman,8x8,29699,-2.800365473376587e-05,0.005468082855593366,1.0,0,0,0,,,0.0807034176820901
20260123_224946,2026-01-23T22:53:03.195160,15cedc7a9730972b927f01fdf3bc98946ca1b50a,bellman,8x8,29799,0.0003049230435863137,0.004955566347972535,1.0,0,0,0,,,0.07605702628910901
20260123_224946,2026-01-23T22:53:03.793339,15cedc7a9730972b927f01fdf3bc98946ca1b50a,bellman,8x8,29899,0.00219951500184834,0.005293639610661103,1.0,0,0,0,,,0.07881966503396345
20260123_224946,2026-01-23T22:53:04.393135,15cedc7a9730972b927f01fdf3bc98946ca1b50a,bellman,8x8,29999,0.0007002857164479792,0.005359285323323775,1.0,0,0,0,,,0.07959137770562118
20260123_224946,2026-01-23T22:53:05.046075,15cedc7a9730972b927f01fdf3bc98946ca1b50a,bellman,8x8,30099,0.0019003944471478462,0.0050831214263166655,1.0,0,0,0,,,0.0783406945378569
20260123_224946,2026-01-23T22:53:05.676879,15cedc7a9730972b927f01fdf3bc98946ca1b50a,bellman,8x8,30199,0.0017039201920852065,0.005215102877701838,1.0,0,0,0,,,0.07886026280563056
20260123_224946,2026-01-23T22:53:06.304907,15cedc7a9730972b927f01fdf3bc98946ca1b50a,bellman,8x8,30299,0.0017623620806261897,0.00531484239196061,1.0,0,0,0,,,0.07888164091955258
20260123_224946,2026-01-23T22:53:06.904360,15cedc7a9730972b927f01fdf3bc98946ca1b50a,bellman,8x8,30399,0.0025611035525798798,0.005074596525704464,1.0,0,0,0,,,0.07731785355116014
20260123_224946,2026-01-23T22:53:07.504057,15cedc7a9730972b927f01fdf3bc98946ca1b50a,bellman,8x8,30499,0.0006406651809811592,0.005111168790003831,1.0,0,0,0,,,0.07895045188945876
20260123_224946,2026-01-23T22:53:08.103602,15cedc7a9730972b927f01fdf3bc98946ca1b50a,bellman,8x8,30599,0.0003575525479391217,0.005498890652297632,1.0,0,0,0,,,0.0805745083002467
20260123_224946,2026-01-23T22:53:08.761222,15cedc7a9730972b927f01fdf3bc98946ca1b50a,bellman,8x8,30699,0.000532635604031384,0.005224892989380123,1.0,0,0,0,,,0.08029927517224811
20260123_224946,2026-01-23T22:53:09.400238,15cedc7a9730972b927f01fdf3bc98946ca1b50a,bellman,8x8,30799,0.0009948224760591984,0.00486684967189035,1.0,0,0,0,,,0.07787691848261975
20260123_224946,2026-01-23T22:53:10.025394,15cedc7a9730972b927f01fdf3bc98946ca1b50a,bellman,8x8,30899,0.0011253093834966421,0.004588409072794093,1.0,0,0,0,,,0.07618214406356819
20260123_224946,2026-01-23T22:53:10.648761,15cedc7a9730972b927f01fdf3bc98946ca1b50a,bellman,8x8,30999,0.0013025188818573952,0.0046252192609870235,1.0,0,0,0,,,0.07728586140650379
20260123_224946,2026-01-23T22:53:11.315074,15cedc7a9730972b927f01fdf3bc98946ca1b50a,bellman,8x8,31099,0.00028109687264077365,0.004910895056598292,1.0,0,0,0,,,0.07815714260848539
20260123_224946,2026-01-23T22:53:11.935252,15cedc7a9730972b927f01fdf3bc98946ca1b50a,bellman,8x8,31199,-5.030471947975457e-05,0.004716547145899312,1.0,0,0,0,,,0.07637417005654853
20260123_224946,2026-01-23T22:53:12.535984,15cedc7a9730972b927f01fdf3bc98946ca1b50a,bellman,8x8,31299,-0.00033863846329040825,0.005055078095465433,1.0,0,0,0,,,0.07816240767306397
20260123_224946,2026-01-23T22:53:13.182348,15cedc7a9730972b927f01fdf3bc98946ca1b50a,bellman,8x8,31399,0.0026899410877376795,0.0052365643519488,1.0,0,0,0,,,0.07882536795917017
20260123_224946,2026-01-23T22:53:13.823739,15cedc7a9730972b927f01fdf3bc98946ca1b50a,bellman,8x8,31499,0.0006722984835505486,0.004977922852640404,1.0,0,0,0,,,0.0777175588829474
20260123_224946,2026-01-23T22:53:14.449871,15cedc7a9730972b927f01fdf3bc98946ca1b50a,bellman,8x8,31599,-0.0002812522288877517,0.0049670302449771955,1.0,0,0,0,,,0.0757395455805545
20260123_224946,2026-01-23T22:53:15.106910,15cedc7a9730972b927f01fdf3bc98946ca1b50a,bellman,8x8,31699,-0.0014006319688633084,0.005148474168641996,1.0,0,0,0,,,0.07740712806035341
20260123_224946,2026-01-23T22:53:15.788692,15cedc7a9730972b927f01fdf3bc98946ca1b50a,bellman,8x8,31799,0.00048354134196415544,0.005021693879569966,1.0,0,0,0,,,0.07694416781009467
20260123_224946,2026-01-23T22:53:16.875370,15cedc7a9730972b927f01fdf3bc98946ca1b50a,bellman,8x8,31899,0.0009952313266694546,0.0051579136023440246,1.0,0,0,0,,,0.07682993642744378
20260123_224946,2026-01-23T22:53:17.883250,15cedc7a9730972b927f01fdf3bc98946ca1b50a,bellman,8x8,31999,-0.0011498637031763792,0.0046903671005964044,1.0,0,0,0,,,0.07343875601175082
20260123_224946,2026-01-23T22:53:18.511676,15cedc7a9730972b927f01fdf3bc98946ca1b50a,bellman,8x8,32099,0.0006622804794460535,0.005072319746651601,1.0,0,0,0,,,0.07674141611565603
20260123_224946,2026-01-23T22:53:19.111864,15cedc7a9730972b927f01fdf3bc98946ca1b50a,bellman,8x8,32199,0.0016258963150903583,0.005255241982957841,1.0,0,0,0,,,0.07915819035338673
20260123_224946,2026-01-23T22:53:19.710749,15cedc7a9730972b927f01fdf3bc98946ca1b50a,bellman,8x8,32299,0.000997978262603283,0.0052859152041537525,1.0,0,0,0,,,0.07967052465835114
20260123_224946,2026-01-23T22:53:20.317278,15cedc7a9730972b927f01fdf3bc98946ca1b50a,bellman,8x8,32399,0.0014636566629633307,0.005144926526073732,1.0,0,0,0,,,0.07921720098263946
20260123_224946,2026-01-23T22:53:20.918906,15cedc7a9730972b927f01fdf3bc98946ca1b50a,bellman,8x8,32499,-0.0008884739363566041,0.004956241258171303,1.0,0,0,0,,,0.0759129217909115
20260123_224946,2026-01-23T22:53:21.518544,15cedc7a9730972b927f01fdf3bc98946ca1b50a,bellman,8x8,32599,0.0008290042169392109,0.004807884579736878,1.0,0,0,0,,,0.07580357318957795
20260123_224946,2026-01-23T22:53:22.117112,15cedc7a9730972b927f01fdf3bc98946ca1b50a,bellman,8x8,32699,0.0008084064465947449,0.0049181706009380835,1.0,0,0,0,,,0.07616684645872702
20260123_224946,2026-01-23T22:53:22.720223,15cedc7a9730972b927f01fdf3bc98946ca1b50a,bellman,8x8,32799,0.0021695371251553297,0.004985903347693466,1.0,0,0,0,,,0.0785713937762747
20260123_224946,2026-01-23T22:53:23.309197,15cedc7a9730972b927f01fdf3bc98946ca1b50a,bellman,8x8,32899,0.0004479796625673771,0.005051585537374876,1.0,0,0,0,,,0.0777806770175607
20260123_224946,2026-01-23T22:53:23.894216,15cedc7a9730972b927f01fdf3bc98946ca1b50a,bellman,8x8,32999,0.0022466983646154404,0.004911789232710362,1.0,0,0,0,,,0.07596065946981297
20260123_224946,2026-01-23T22:53:24.498099,15cedc7a9730972b927f01fdf3bc98946ca1b50a,bellman,8x8,33099,0.0020899372175335884,0.0047947531458055435,1.0,0,0,0,,,0.07621073779037962
20260123_224946,2026-01-23T22:53:25.133459,15cedc7a9730972b927f01fdf3bc98946ca1b50a,bellman,8x8,33199,0.0013888542307540774,0.00507689831092307,1.0,0,0,0,,,0.07607121052364256
20260123_224946,2026-01-23T22:53:25.818239,15cedc7a9730972b927f01fdf3bc98946ca1b50a,bellman,8x8,33299,0.0012339188251644373,0.005131589385611051,1.0,0,0,0,,,0.07702550017028911
20260123_224946,2026-01-23T22:53:26.450948,15cedc7a9730972b927f01fdf3bc98946ca1b50a,bellman,8x8,33399,0.0008038358646444976,0.005079909281342907,1.0,0,0,0,,,0.07692096988641833
20260123_224946,2026-01-23T22:53:27.083358,15cedc7a9730972b927f01fdf3bc98946ca1b50a,bellman,8x8,33499,0.0007554678595624864,0.005065570602341723,1.0,0,0,0,,,0.07669006530054598
20260123_224946,2026-01-23T22:53:27.699501,15cedc7a9730972b927f01fdf3bc98946ca1b50a,bellman,8x8,33599,0.0018538765143603086,0.0051607369589464725,1.0,0,0,0,,,0.07726278628314569
20260123_224946,2026-01-23T22:53:28.364493,15cedc7a9730972b927f01fdf3bc98946ca1b50a,bellman,8x8,33699,0.00298995990306139,0.004951486301453656,1.0,0,0,0,,,0.07594303963380035
20260123_224946,2026-01-23T22:53:29.019957,15cedc7a9730972b927f01fdf3bc98946ca1b50a,bellman,8x8,33799,-0.00037298628012649715,0.004827600605044609,1.0,0,0,0,,,0.07592676667494447
20260123_224946,2026-01-23T22:53:29.636771,15cedc7a9730972b927f01fdf3bc98946ca1b50a,bellman,8x8,33899,0.0015384842408820987,0.004779582555469233,1.0,0,0,0,,,0.0767830041788751
20260123_224946,2026-01-23T22:53:30.315023,15cedc7a9730972b927f01fdf3bc98946ca1b50a,bellman,8x8,33999,-0.00041004185914061964,0.004924426892964106,1.0,0,0,0,,,0.07755740255222185
20260123_224946,2026-01-23T22:53:30.942635,15cedc7a9730972b927f01fdf3bc98946ca1b50a,bellman,8x8,34099,0.0018124046036973596,0.004621253144590582,1.0,0,0,0,,,0.0750722494507648
20260123_224946,2026-01-23T22:53:31.567414,15cedc7a9730972b927f01fdf3bc98946ca1b50a,bellman,8x8,34199,0.0009540137252770364,0.004738238541990541,1.0,0,0,0,,,0.07528299613572347
20260123_224946,2026-01-23T22:53:32.196805,15cedc7a9730972b927f01fdf3bc98946ca1b50a,bellman,8x8,34299,-0.00020774280710611492,0.004719913355201015,1.0,0,0,0,,,0.07526126526895195
20260123_224946,2026-01-23T22:53:32.860944,15cedc7a9730972b927f01fdf3bc98946ca1b50a,bellman,8x8,34399,-0.0002469368919264525,0.004886478636673246,1.0,0,0,0,,,0.07676939659523713
20260123_224946,2026-01-23T22:53:33.458624,15cedc7a9730972b927f01fdf3bc98946ca1b50a,bellman,8x8,34499,0.0013704431476071477,0.004714605248145745,1.0,0,0,0,,,0.07558179205978838
20260123_224946,2026-01-23T22:53:34.116991,15cedc7a9730972b927f01fdf3bc98946ca1b50a,bellman,8x8,34599,0.001254022354260087,0.004808718396184304,1.0,0,0,0,,,0.0769532953867336
20260123_224946,2026-01-23T22:53:34.740266,15cedc7a9730972b927f01fdf3bc98946ca1b50a,bellman,8x8,34699,0.0009000074351206422,0.004843014575331495,1.0,0,0,0,,,0.07671875397160072
20260123_224946,2026-01-23T22:53:35.364585,15cedc7a9730972b927f01fdf3bc98946ca1b50a,bellman,8x8,34799,0.0010333937825635076,0.00476722048198269,1.0,0,0,0,,,0.07576382322974161
20260123_224946,2026-01-23T22:53:35.989516,15cedc7a9730972b927f01fdf3bc98946ca1b50a,bellman,8x8,34899,-0.0007269750931300223,0.004835550574838408,1.0,0,0,0,,,0.0763395662877015
20260123_224946,2026-01-23T22:53:36.617221,15cedc7a9730972b927f01fdf3bc98946ca1b50a,bellman,8x8,34999,0.0006347905728034675,0.004919555722149766,1.0,0,0,0,,,0.0785230549183561
20260123_224946,2026-01-23T22:53:37.271066,15cedc7a9730972b927f01fdf3bc98946ca1b50a,bellman,8x8,35099,0.0014900407986715436,0.004640640404071519,1.0,0,0,0,,,0.07429623430398465
20260123_224946,2026-01-23T22:53:37.929169,15cedc7a9730972b927f01fdf3bc98946ca1b50a,bellman,8x8,35199,0.0004888703115284443,0.00417260235438846,1.0,0,0,0,,,0.06502887425638347
20260123_224946,2026-01-23T22:53:38.590686,15cedc7a9730972b927f01fdf3bc98946ca1b50a,bellman,8x8,35299,0.0006959378952160478,0.004194610914349823,1.0,0,0,0,,,0.06854138269475879
20260123_224946,2026-01-23T22:53:39.248174,15cedc7a9730972b927f01fdf3bc98946ca1b50a,bellman,8x8,35399,-0.0010129286674782634,0.00443442021708222,1.0,0,0,0,,,0.06940193513673111
20260123_224946,2026-01-23T22:53:39.893326,15cedc7a9730972b927f01fdf3bc98946ca1b50a,bellman,8x8,35499,0.001745240413583815,0.004533031648956012,1.0,0,0,0,,,0.07316789154238687
20260123_224946,2026-01-23T22:53:40.553364,15cedc7a9730972b927f01fdf3bc98946ca1b50a,bellman,8x8,35599,0.0027508544735610485,0.0043763266827784265,1.0,0,0,0,,,0.07181178819710946
20260123_224946,2026-01-23T22:53:41.209796,15cedc7a9730972b927f01fdf3bc98946ca1b50a,bellman,8x8,35699,0.0013384647900238633,0.004633016347657986,1.0,0,0,0,,,0.07438027549585621
20260123_224946,2026-01-23T22:53:41.838226,15cedc7a9730972b927f01fdf3bc98946ca1b50a,bellman,8x8,35799,0.0015772597398608923,0.004736257577460492,1.0,0,0,0,,,0.074184190737496
20260123_224946,2026-01-23T22:53:42.426416,15cedc7a9730972b927f01fdf3bc98946ca1b50a,bellman,8x8,35899,0.0008580509456805885,0.004587951536607306,1.0,0,0,0,,,0.07449703361656565
20260123_224946,2026-01-23T22:53:43.083929,15cedc7a9730972b927f01fdf3bc98946ca1b50a,bellman,8x8,35999,0.000862572283949703,0.004555781575521109,1.0,0,0,0,,,0.0740971024203265
20260123_224946,2026-01-23T22:53:43.730599,15cedc7a9730972b927f01fdf3bc98946ca1b50a,bellman,8x8,36099,-0.0007900999044068158,0.004564934520450948,1.0,0,0,0,,,0.0732948192758407
20260123_224946,2026-01-23T22:53:44.360434,15cedc7a9730972b927f01fdf3bc98946ca1b50a,bellman,8x8,36199,0.000602554006036371,0.0045220473716887,1.0,0,0,0,,,0.07252406619131659
20260123_224946,2026-01-23T22:53:44.959893,15cedc7a9730972b927f01fdf3bc98946ca1b50a,bellman,8x8,36299,0.0011048904852941632,0.004554900645004523,1.0,0,0,0,,,0.0738384618142106
20260123_224946,2026-01-23T22:53:45.600377,15cedc7a9730972b927f01fdf3bc98946ca1b50a,bellman,8x8,36399,0.0006614205776713789,0.004669377141987638,1.0,0,0,0,,,0.07370815722385707
20260123_224946,2026-01-23T22:53:46.260033,15cedc7a9730972b927f01fdf3bc98946ca1b50a,bellman,8x8,36499,0.00048042600974440575,0.004740508617707064,1.0,0,0,0,,,0.07577383144244615
20260123_224946,2026-01-23T22:53:46.915516,15cedc7a9730972b927f01fdf3bc98946ca1b50a,bellman,8x8,36599,0.0018479294376447797,0.004595033395972905,1.0,0,0,0,,,0.07468929030012866
20260123_224946,2026-01-23T22:53:47.571680,15cedc7a9730972b927f01fdf3bc98946ca1b50a,bellman,8x8,36699,0.0015757582150399685,0.0045434046633016575,1.0,0,0,0,,,0.0751536426161088
20260123_224946,2026-01-23T22:53:48.166098,15cedc7a9730972b927f01fdf3bc98946ca1b50a,bellman,8x8,36799,-0.00042400852544233203,0.004496970007831464,1.0,0,0,0,,,0.07533372347871632
20260123_224946,2026-01-23T22:53:48.802963,15cedc7a9730972b927f01fdf3bc98946ca1b50a,bellman,8x8,36899,0.00056941102957353,0.004550752402147964,1.0,0,0,0,,,0.07597260709864326
20260123_224946,2026-01-23T22:53:49.468197,15cedc7a9730972b927f01fdf3bc98946ca1b50a,bellman,8x8,36999,0.0014616006519645452,0.004359214001961504,1.0,0,0,0,,,0.07664936767141223
20260123_224946,2026-01-23T22:53:50.092545,15cedc7a9730972b927f01fdf3bc98946ca1b50a,bellman,8x8,37099,0.0008874143240973353,0.004503347703625309,1.0,0,0,0,,,0.07626733609642045
20260123_224946,2026-01-23T22:53:50.733855,15cedc7a9730972b927f01fdf3bc98946ca1b50a,bellman,8x8,37199,0.0005284985527396202,0.00464602260599122,1.0,0,0,0,,,0.07758340370455354
20260123_224946,2026-01-23T22:53:51.330495,15cedc7a9730972b927f01fdf3bc98946ca1b50a,bellman,8x8,37299,0.0006162907811813056,0.004403235518668111,1.0,0,0,0,,,0.07378987569258245
20260123_224946,2026-01-23T22:53:51.989140,15cedc7a9730972b927f01fdf3bc98946ca1b50a,bellman,8x8,37399,0.0020433643367141485,0.004440266780644606,1.0,0,0,0,,,0.0755736181098341
20260123_224946,2026-01-23T22:53:52.649391,15cedc7a9730972b927f01fdf3bc98946ca1b50a,bellman,8x8,37499,-0.0011282172054052353,0.004322426233206329,1.0,0,0,0,,,0.07522847973185193
20260123_224946,2026-01-23T22:53:53.293708,15cedc7a9730972b927f01fdf3bc98946ca1b50a,bellman,8x8,37599,0.0003238304634578526,0.00429250550290817,1.0,0,0,0,,,0.0747851093387271
20260123_224946,2026-01-23T22:53:53.888544,15cedc7a9730972b927f01fdf3bc98946ca1b50a,bellman,8x8,37699,0.002821107627823949,0.004288673620823147,1.0,0,0,0,,,0.07379513708601708
20260123_224946,2026-01-23T22:53:54.517965,15cedc7a9730972b927f01fdf3bc98946ca1b50a,bellman,8x8,37799,0.0018540066666901112,0.004242632933995196,1.0,0,0,0,,,0.07475935207916054
20260123_224946,2026-01-23T22:53:55.119480,15cedc7a9730972b927f01fdf3bc98946ca1b50a,bellman,8x8,37899,0.001376087311655283,0.004406400760156543,1.0,0,0,0,,,0.07577697493501943
20260123_224946,2026-01-23T22:53:55.720121,15cedc7a9730972b927f01fdf3bc98946ca1b50a,bellman,8x8,37999,0.0014202917227521539,0.004465201426573345,1.0,0,0,0,,,0.07583886797623669
20260123_224946,2026-01-23T22:53:56.379858,15cedc7a9730972b927f01fdf3bc98946ca1b50a,bellman,8x8,38099,-8.601637819083408e-05,0.004453428565851709,1.0,0,0,0,,,0.07537662325047656
20260123_224946,2026-01-23T22:53:57.039729,15cedc7a9730972b927f01fdf3bc98946ca1b50a,bellman,8x8,38199,0.003041511168703437,0.0044126617045861845,1.0,0,0,0,,,0.07575369562650891
20260123_224946,2026-01-23T22:53:57.641232,15cedc7a9730972b927f01fdf3bc98946ca1b50a,bellman,8x8,38299,0.000361832877388224,0.00435741435490911,1.0,0,0,0,,,0.07640204991029771
20260123_224946,2026-01-23T22:53:58.297557,15cedc7a9730972b927f01fdf3bc98946ca1b50a,bellman,8x8,38399,0.00034858816070482135,0.0043027666947943995,1.0,0,0,0,,,0.07559737380484843
20260123_224946,2026-01-23T22:53:58.899583,15cedc7a9730972b927f01fdf3bc98946ca1b50a,bellman,8x8,38499,0.001578224590048194,0.004422860149446138,1.0,0,0,0,,,0.07695704754931437
20260123_224946,2026-01-23T22:53:59.543929,15cedc7a9730972b927f01fdf3bc98946ca1b50a,bellman,8x8,38599,0.0012692842865362763,0.004241358899001284,1.0,0,0,0,,,0.07365340462408859
20260123_224946,2026-01-23T22:54:00.224440,15cedc7a9730972b927f01fdf3bc98946ca1b50a,bellman,8x8,38699,0.00216857367195189,0.004256946457169874,1.0,0,0,0,,,0.07429193537448825
20260123_224946,2026-01-23T22:54:00.882932,15cedc7a9730972b927f01fdf3bc98946ca1b50a,bellman,8x8,38799,0.0037279606331139803,0.00446164996283926,1.0,0,0,0,,,0.07865641982212548
20260123_224946,2026-01-23T22:54:01.505174,15cedc7a9730972b927f01fdf3bc98946ca1b50a,bellman,8x8,38899,0.0009473976097069681,0.004438430718167865,1.0,0,0,0,,,0.07685527549754181
20260123_224946,2026-01-23T22:54:02.111987,15cedc7a9730972b927f01fdf3bc98946ca1b50a,bellman,8x8,38999,0.0002304439403815195,0.00443296918382373,1.0,0,0,0,,,0.07546971399048612
20260123_224946,2026-01-23T22:54:02.714816,15cedc7a9730972b927f01fdf3bc98946ca1b50a,bellman,8x8,39099,0.0004813270934391767,0.004408491255548483,1.0,0,0,0,,,0.07613006696195043
20260123_224946,2026-01-23T22:54:03.315995,15cedc7a9730972b927f01fdf3bc98946ca1b50a,bellman,8x8,39199,0.0015567643567919731,0.004353685067985111,1.0,0,0,0,,,0.07712188395330469
20260123_224946,2026-01-23T22:54:03.976505,15cedc7a9730972b927f01fdf3bc98946ca1b50a,bellman,8x8,39299,-0.0013743306044489145,0.004719083581356358,1.0,0,0,0,,,0.08078686553592171
20260123_224946,2026-01-23T22:54:04.636859,15cedc7a9730972b927f01fdf3bc98946ca1b50a,bellman,8x8,39399,0.00035889577702619135,0.004449036988427793,1.0,0,0,0,,,0.07706494714289386
20260123_224946,2026-01-23T22:54:05.294377,15cedc7a9730972b927f01fdf3bc98946ca1b50a,bellman,8x8,39499,0.00022598962823394686,0.004338038302192899,1.0,0,0,0,,,0.0759014293399655
20260123_224946,2026-01-23T22:54:05.955140,15cedc7a9730972b927f01fdf3bc98946ca1b50a,bellman,8x8,39599,5.2850482461508363e-05,0.004507139625635545,1.0,0,0,0,,,0.07835272272010282
20260123_224946,2026-01-23T22:54:06.613300,15cedc7a9730972b927f01fdf3bc98946ca1b50a,bellman,8x8,39699,-0.0010698791593313217,0.004452868616839964,1.0,0,0,0,,,0.07771110368407175
20260123_224946,2026-01-23T22:54:07.211236,15cedc7a9730972b927f01fdf3bc98946ca1b50a,bellman,8x8,39799,0.0017268223455175757,0.004319231533200423,1.0,0,0,0,,,0.07632973966296838
20260123_224946,2026-01-23T22:54:07.805430,15cedc7a9730972b927f01fdf3bc98946ca1b50a,bellman,8x8,39899,0.0011079487157985568,0.004147070389533951,1.0,0,0,0,,,0.07630364044565771
20260123_224946,2026-01-23T22:54:08.417154,15cedc7a9730972b927f01fdf3bc98946ca1b50a,bellman,8x8,39999,0.002314369659870863,0.004276813837648206,1.0,0,0,0,,,0.07546322241009562
20260123_224946,2026-01-23T22:54:09.084549,15cedc7a9730972b927f01fdf3bc98946ca1b50a,bellman,8x8,40099,0.00015050293586682528,0.004240297962224418,1.0,0,0,0,,,0.07595884889222626
20260123_224946,2026-01-23T22:54:09.714864,15cedc7a9730972b927f01fdf3bc98946ca1b50a,bellman,8x8,40199,0.0017727289814502,0.004033280241902162,1.0,0,0,0,,,0.07424317388803109
20260123_224946,2026-01-23T22:54:10.315878,15cedc7a9730972b927f01fdf3bc98946ca1b50a,bellman,8x8,40299,0.0011786539107561111,0.004253005125166851,1.0,0,0,0,,,0.07510292981135594
20260123_224946,2026-01-23T22:54:10.975317,15cedc7a9730972b927f01fdf3bc98946ca1b50a,bellman,8x8,40399,0.0012815541122108698,0.004141916008729254,1.0,0,0,0,,,0.07338174478201476
20260123_224946,2026-01-23T22:54:11.577606,15cedc7a9730972b927f01fdf3bc98946ca1b50a,bellman,8x8,40499,0.0003566819941624999,0.004230340184578268,1.0,0,0,0,,,0.07557607240865305
20260123_224946,2026-01-23T22:54:12.236527,15cedc7a9730972b927f01fdf3bc98946ca1b50a,bellman,8x8,40599,-0.00036893185460940003,0.004145557446211683,1.0,0,0,0,,,0.07515855408156939
20260123_224946,2026-01-23T22:54:12.895169,15cedc7a9730972b927f01fdf3bc98946ca1b50a,bellman,8x8,40699,0.0005986191681586206,0.003989220779174616,1.0,0,0,0,,,0.07484581117958612
20260123_224946,2026-01-23T22:54:13.559893,15cedc7a9730972b927f01fdf3bc98946ca1b50a,bellman,8x8,40799,0.0017034042393788695,0.004000791434796725,1.0,0,0,0,,,0.07385488821739547
20260123_224946,2026-01-23T22:54:14.203392,15cedc7a9730972b927f01fdf3bc98946ca1b50a,bellman,8x8,40899,0.0023996953386813402,0.004032660964524553,1.0,0,0,0,,,0.07498050048527634
20260123_224946,2026-01-23T22:54:14.868405,15cedc7a9730972b927f01fdf3bc98946ca1b50a,bellman,8x8,40999,-0.0003222607192583382,0.004187201400803815,1.0,0,0,0,,,0.07565038797776148
20260123_224946,2026-01-23T22:54:15.496592,15cedc7a9730972b927f01fdf3bc98946ca1b50a,bellman,8x8,41099,0.0005520455888472497,0.004312659334675573,1.0,0,0,0,,,0.07498798703418277
20260123_224946,2026-01-23T22:54:16.267618,15cedc7a9730972b927f01fdf3bc98946ca1b50a,bellman,8x8,41199,0.0007395726861432195,0.004158974417628656,1.0,0,0,0,,,0.07551471891184991
20260123_224946,2026-01-23T22:54:17.255284,15cedc7a9730972b927f01fdf3bc98946ca1b50a,bellman,8x8,41299,0.0001571755565237254,0.004243947022183647,1.0,0,0,0,,,0.0745672776891304
20260123_224946,2026-01-23T22:54:18.187967,15cedc7a9730972b927f01fdf3bc98946ca1b50a,bellman,8x8,41399,2.341342405998148e-05,0.0038193224146010605,1.0,0,0,0,,,0.07082075439441377
20260123_224946,2026-01-23T22:54:18.867223,15cedc7a9730972b927f01fdf3bc98946ca1b50a,bellman,8x8,41499,0.0001521648227935657,0.003936137772634538,1.0,0,0,0,,,0.07211165315205509
20260123_224946,2026-01-23T22:54:19.508589,15cedc7a9730972b927f01fdf3bc98946ca1b50a,bellman,8x8,41599,0.0002036498481174931,0.00387391045215395,1.0,0,0,0,,,0.07210647596468074
20260123_224946,2026-01-23T22:54:20.105927,15cedc7a9730972b927f01fdf3bc98946ca1b50a,bellman,8x8,41699,0.0007427181117236614,0.003948912083674827,1.0,0,0,0,,,0.07427043637900979
20260123_224946,2026-01-23T22:54:20.721977,15cedc7a9730972b927f01fdf3bc98946ca1b50a,bellman,8x8,41799,0.0004702384758275002,0.003951186438848708,1.0,0,0,0,,,0.07355815372545471
20260123_224946,2026-01-23T22:54:21.307629,15cedc7a9730972b927f01fdf3bc98946ca1b50a,bellman,8x8,41899,-0.0004721450968645513,0.003887290114026314,1.0,0,0,0,,,0.07260125506561103
20260123_224946,2026-01-23T22:54:21.892847,15cedc7a9730972b927f01fdf3bc98946ca1b50a,bellman,8x8,41999,0.0009124589269049466,0.003934422175961458,1.0,0,0,0,,,0.07482827931226554
20260123_224946,2026-01-23T22:54:22.499320,15cedc7a9730972b927f01fdf3bc98946ca1b50a,bellman,8x8,42099,-0.00024161033798009157,0.004165366136164721,1.0,0,0,0,,,0.07447637048806241
20260123_224946,2026-01-23T22:54:23.106869,15cedc7a9730972b927f01fdf3bc98946ca1b50a,bellman,8x8,42199,0.0007118944195099175,0.003977084602545915,1.0,0,0,0,,,0.07162817028822632
20260123_224946,2026-01-23T22:54:23.715878,15cedc7a9730972b927f01fdf3bc98946ca1b50a,bellman,8x8,42299,-0.0009081855532713234,0.0038437173828140205,1.0,0,0,0,,,0.071814976562486
20260123_224946,2026-01-23T22:54:24.364755,15cedc7a9730972b927f01fdf3bc98946ca1b50a,bellman,8x8,42399,0.0017950168112292886,0.0039095833292941504,1.0,0,0,0,,,0.0743905295093317
20260123_224946,2026-01-23T22:54:24.951711,15cedc7a9730972b927f01fdf3bc98946ca1b50a,bellman,8x8,42499,0.000555441074538976,0.003955441830510722,1.0,0,0,0,,,0.07308321527011054
20260123_224946,2026-01-23T22:54:25.539015,15cedc7a9730972b927f01fdf3bc98946ca1b50a,bellman,8x8,42599,-0.000914051488507539,0.00407557621655144,1.0,0,0,0,,,0.07519208302358948
20260123_224946,2026-01-23T22:54:26.149340,15cedc7a9730972b927f01fdf3bc98946ca1b50a,bellman,8x8,42699,0.0013578663347288966,0.003958605732354954,1.0,0,0,0,,,0.07413390734211396
20260123_224946,2026-01-23T22:54:26.768198,15cedc7a9730972b927f01fdf3bc98946ca1b50a,bellman,8x8,42799,-0.0016167693538591266,0.0037911952475178624,1.0,0,0,0,,,0.07475957994217902
20260123_224946,2026-01-23T22:54:27.370726,15cedc7a9730972b927f01fdf3bc98946ca1b50a,bellman,8x8,42899,0.00022890344553161412,0.0039329287313887564,1.0,0,0,0,,,0.07362860576554278
20260123_224946,2026-01-23T22:54:27.971673,15cedc7a9730972b927f01fdf3bc98946ca1b50a,bellman,8x8,42999,-0.0004142954130657017,0.003907498900177302,1.0,0,0,0,,,0.07545042689507916
20260123_224946,2026-01-23T22:54:28.636245,15cedc7a9730972b927f01fdf3bc98946ca1b50a,bellman,8x8,43099,-0.00034253488411195576,0.004035088694944875,1.0,0,0,0,,,0.07471612357897445
20260123_224946,2026-01-23T22:54:29.301860,15cedc7a9730972b927f01fdf3bc98946ca1b50a,bellman,8x8,43199,-0.000358857010724023,0.004083653240796252,1.0,0,0,0,,,0.07448543441947403
20260123_224946,2026-01-23T22:54:29.968570,15cedc7a9730972b927f01fdf3bc98946ca1b50a,bellman,8x8,43299,0.0006067507201805711,0.003953676894225282,1.0,0,0,0,,,0.07382023577287752
20260123_224946,2026-01-23T22:54:30.600496,15cedc7a9730972b927f01fdf3bc98946ca1b50a,bellman,8x8,43399,-0.00023734918795526028,0.003904149098356129,1.0,0,0,0,,,0.07440350462796985
20260123_224946,2026-01-23T22:54:31.262308,15cedc7a9730972b927f01fdf3bc98946ca1b50a,bellman,8x8,43499,0.0015545773785561323,0.004034878742575074,1.0,0,0,0,,,0.07429871282293904
20260123_224946,2026-01-23T22:54:31.909213,15cedc7a9730972b927f01fdf3bc98946ca1b50a,bellman,8x8,43599,0.000513605191372335,0.004027481104760113,1.0,0,0,0,,,0.07363158282968604
20260123_224946,2026-01-23T22:54:32.534686,15cedc7a9730972b927f01fdf3bc98946ca1b50a,bellman,8x8,43699,0.0008479490643367171,0.004234149494180315,1.0,0,0,0,,,0.07526306755260856
20260123_224946,2026-01-23T22:54:33.143821,15cedc7a9730972b927f01fdf3bc98946ca1b50a,bellman,8x8,43799,0.0019465057412162423,0.003801924227872746,1.0,0,0,0,,,0.07357312178520009
20260123_224946,2026-01-23T22:54:33.743278,15cedc7a9730972b927f01fdf3bc98946ca1b50a,bellman,8x8,43899,-0.0008448786684311926,0.00396242097107745,1.0,0,0,0,,,0.07272640914802005
20260123_224946,2026-01-23T22:54:34.342349,15cedc7a9730972b927f01fdf3bc98946ca1b50a,bellman,8x8,43999,0.0030408487655222416,0.003589118485630252,1.0,0,0,0,,,0.07121386429561849
20260123_224946,2026-01-23T22:54:35.000852,15cedc7a9730972b927f01fdf3bc98946ca1b50a,bellman,8x8,44099,0.0009992708219215274,0.003762260486126365,1.0,0,0,0,,,0.07102727269443516
20260123_224946,2026-01-23T22:54:35.604423,15cedc7a9730972b927f01fdf3bc98946ca1b50a,bellman,8x8,44199,0.0005792418378405273,0.003736287631558639,1.0,0,0,0,,,0.07200782422656893
20260123_224946,2026-01-23T22:54:36.211649,15cedc7a9730972b927f01fdf3bc98946ca1b50a,bellman,8x8,44299,0.0015137932496145368,0.004002486450409606,1.0,0,0,0,,,0.07455059387800911
20260123_224946,2026-01-23T22:54:36.870004,15cedc7a9730972b927f01fdf3bc98946ca1b50a,bellman,8x8,44399,-0.0002908509341068566,0.003836856363050174,1.0,0,0,0,,,0.0754842006706613
20260123_224946,2026-01-23T22:54:37.523649,15cedc7a9730972b927f01fdf3bc98946ca1b50a,bellman,8x8,44499,0.0019595788326114416,0.00383359567613752,1.0,0,0,0,,,0.075417873368226
20260123_224946,2026-01-23T22:54:38.171671,15cedc7a9730972b927f01fdf3bc98946ca1b50a,bellman,8x8,44599,0.0010528175625950098,0.0037045727205713775,1.0,0,0,0,,,0.07483753897293369
20260123_224946,2026-01-23T22:54:38.768582,15cedc7a9730972b927f01fdf3bc98946ca1b50a,bellman,8x8,44699,-0.0007339140283875167,0.0038090840796417068,1.0,0,0,0,,,0.07337788985942467
20260123_224946,2026-01-23T22:54:39.396957,15cedc7a9730972b927f01fdf3bc98946ca1b50a,bellman,8x8,44799,0.0014614755054935813,0.003999299009475976,1.0,0,0,0,,,0.07456135045678017
20260123_224946,2026-01-23T22:54:40.025678,15cedc7a9730972b927f01fdf3bc98946ca1b50a,bellman,8x8,44899,0.0014130729250609875,0.003790083717765924,1.0,0,0,0,,,0.07081811441455156
20260123_224946,2026-01-23T22:54:40.685123,15cedc7a9730972b927f01fdf3bc98946ca1b50a,bellman,8x8,44999,-0.001289588282816112,0.0038310136970193297,1.0,0,0,0,,,0.07264979438997889
20260123_224946,2026-01-23T22:54:41.287186,15cedc7a9730972b927f01fdf3bc98946ca1b50a,bellman,8x8,45099,0.001219798345118761,0.003905801134666831,1.0,0,0,0,,,0.07200761544691264
20260123_224946,2026-01-23T22:54:41.882725,15cedc7a9730972b927f01fdf3bc98946ca1b50a,bellman,8x8,45199,0.0010680797277018428,0.004042902654639988,1.0,0,0,0,,,0.07279716970907454
20260123_224946,2026-01-23T22:54:42.504786,15cedc7a9730972b927f01fdf3bc98946ca1b50a,bellman,8x8,45299,-7.417787855956703e-05,0.0036802219050161965,1.0,0,0,0,,,0.07087257960505736
20260123_224946,2026-01-23T22:54:43.104098,15cedc7a9730972b927f01fdf3bc98946ca1b50a,bellman,8x8,45399,0.0009578353492543101,0.003850461554039839,1.0,0,0,0,,,0.07118685399231761
20260123_224946,2026-01-23T22:54:43.703081,15cedc7a9730972b927f01fdf3bc98946ca1b50a,bellman,8x8,45499,0.0016882853815332055,0.0038114254658239586,1.0,0,0,0,,,0.07201221785874812
20260123_224946,2026-01-23T22:54:44.327745,15cedc7a9730972b927f01fdf3bc98946ca1b50a,bellman,8x8,45599,0.000508055672980845,0.003750533022229092,1.0,0,0,0,,,0.07140920042143582
20260123_224946,2026-01-23T22:54:44.967885,15cedc7a9730972b927f01fdf3bc98946ca1b50a,bellman,8x8,45699,0.00128350337035954,0.003724004025316958,1.0,0,0,0,,,0.07354604742451862
20260123_224946,2026-01-23T22:54:45.628902,15cedc7a9730972b927f01fdf3bc98946ca1b50a,bellman,8x8,45799,-5.4552958317799494e-05,0.003927637284031107,1.0,0,0,0,,,0.07384734028949497
20260123_224946,2026-01-23T22:54:46.291752,15cedc7a9730972b927f01fdf3bc98946ca1b50a,bellman,8x8,45899,0.0001241658319486305,0.0038004129777351636,1.0,0,0,0,,,0.07137424262928851
20260123_224946,2026-01-23T22:54:46.901011,15cedc7a9730972b927f01fdf3bc98946ca1b50a,bellman,8x8,45999,0.0018966442439705133,0.003567321288741141,1.0,0,0,0,,,0.07248705093240265
20260123_224946,2026-01-23T22:54:47.554648,15cedc7a9730972b927f01fdf3bc98946ca1b50a,bellman,8x8,46099,0.0011098535032942891,0.0034828450142219934,1.0,0,0,0,,,0.07153664566628658
20260123_224946,2026-01-23T22:54:48.182355,15cedc7a9730972b927f01fdf3bc98946ca1b50a,bellman,8x8,46199,-4.925025859847665e-05,0.0038683705932146496,1.0,0,0,0,,,0.072429768684436
20260123_224946,2026-01-23T22:54:48.811785,15cedc7a9730972b927f01fdf3bc98946ca1b50a,bellman,8x8,46299,1.2232263543410227e-05,0.0037647316685576015,1.0,0,0,0,,,0.07269815611840075
20260123_224946,2026-01-23T22:54:49.413160,15cedc7a9730972b927f01fdf3bc98946ca1b50a,bellman,8x8,46399,0.0005037520895712078,0.0038059184468784224,1.0,0,0,0,,,0.07373406348042429
20260123_224946,2026-01-23T22:54:50.010536,15cedc7a9730972b927f01fdf3bc98946ca1b50a,bellman,8x8,46499,0.002469790866598487,0.0037327103526536122,1.0,0,0,0,,,0.07223652912524756
20260123_224946,2026-01-23T22:54:50.667399,15cedc7a9730972b927f01fdf3bc98946ca1b50a,bellman,8x8,46599,-0.0008805038523860276,0.003674846542085675,1.0,0,0,0,,,0.07297300323745486
20260123_224946,2026-01-23T22:54:51.269372,15cedc7a9730972b927f01fdf3bc98946ca1b50a,bellman,8x8,46699,0.0013318047858774662,0.0038746209269703512,1.0,0,0,0,,,0.07443790870948748
20260123_224946,2026-01-23T22:54:51.930357,15cedc7a9730972b927f01fdf3bc98946ca1b50a,bellman,8x8,46799,0.0016750219510868192,0.003671098852777277,1.0,0,0,0,,,0.07184391691386864
20260123_224946,2026-01-23T22:54:52.585924,15cedc7a9730972b927f01fdf3bc98946ca1b50a,bellman,8x8,46899,0.0015580712351948023,0.003717224336036793,1.0,0,0,0,,,0.07293000159044394
20260123_224946,2026-01-23T22:54:53.227595,15cedc7a9730972b927f01fdf3bc98946ca1b50a,bellman,8x8,46999,0.0003217259654775262,0.0035775230138210645,1.0,0,0,0,,,0.0719794897219437
20260123_224946,2026-01-23T22:54:53.894071,15cedc7a9730972b927f01fdf3bc98946ca1b50a,bellman,8x8,47099,0.0004314583202358335,0.0038528992146240173,1.0,0,0,0,,,0.07295515560469737
20260123_224946,2026-01-23T22:54:54.523601,15cedc7a9730972b927f01fdf3bc98946ca1b50a,bellman,8x8,47199,0.0011226099450141191,0.0035996997333148785,1.0,0,0,0,,,0.07319223338920944
20260123_224946,2026-01-23T22:54:55.122301,15cedc7a9730972b927f01fdf3bc98946ca1b50a,bellman,8x8,47299,0.0009627292165532708,0.003687211993758979,1.0,0,0,0,,,0.07287777041144503
20260123_224946,2026-01-23T22:54:55.765160,15cedc7a9730972b927f01fdf3bc98946ca1b50a,bellman,8x8,47399,-1.4514319445879664e-05,0.0038385888636776142,1.0,0,0,0,,,0.07500488795753665
20260123_224946,2026-01-23T22:54:56.421596,15cedc7a9730972b927f01fdf3bc98946ca1b50a,bellman,8x8,47499,0.0008538095862604678,0.0039631429282883344,1.0,0,0,0,,,0.07571733994879762
20260123_224946,2026-01-23T22:54:57.022509,15cedc7a9730972b927f01fdf3bc98946ca1b50a,bellman,8x8,47599,0.0007994415354914963,0.0037153158691745603,1.0,0,0,0,,,0.07151420230665041
20260123_224946,2026-01-23T22:54:57.621603,15cedc7a9730972b927f01fdf3bc98946ca1b50a,bellman,8x8,47699,0.0012111307587474585,0.0038129400646226943,1.0,0,0,0,,,0.07402733618181404
20260123_224946,2026-01-23T22:54:58.280355,15cedc7a9730972b927f01fdf3bc98946ca1b50a,bellman,8x8,47799,0.0008876609499566257,0.0036630560113331966,1.0,0,0,0,,,0.07357668572968948
20260123_224946,2026-01-23T22:54:58.938762,15cedc7a9730972b927f01fdf3bc98946ca1b50a,bellman,8x8,47899,5.1652943511726335e-05,0.0036772435394271954,1.0,0,0,0,,,0.07166722773471505
20260123_224946,2026-01-23T22:54:59.538636,15cedc7a9730972b927f01fdf3bc98946ca1b50a,bellman,8x8,47999,-0.000516379892360419,0.0035632649604087872,1.0,0,0,0,,,0.07137079436076502
20260123_224946,2026-01-23T22:55:00.225318,15cedc7a9730972b927f01fdf3bc98946ca1b50a,bellman,8x8,48099,0.00220375950448215,0.0037668264464622327,1.0,0,0,0,,,0.07298266578151011
20260123_224946,2026-01-23T22:55:00.847849,15cedc7a9730972b927f01fdf3bc98946ca1b50a,bellman,8x8,48199,0.0002696997544262558,0.003643687516959062,1.0,0,0,0,,,0.07361842423264953
20260123_224946,2026-01-23T22:55:01.448865,15cedc7a9730972b927f01fdf3bc98946ca1b50a,bellman,8x8,48299,0.0010954260360449553,0.003724585087299488,1.0,0,0,0,,,0.07208176119315038
20260123_224946,2026-01-23T22:55:02.047975,15cedc7a9730972b927f01fdf3bc98946ca1b50a,bellman,8x8,48399,0.0013964194804430008,0.0034248774297998353,1.0,0,0,0,,,0.07365188851043106
20260123_224946,2026-01-23T22:55:02.714215,15cedc7a9730972b927f01fdf3bc98946ca1b50a,bellman,8x8,48499,0.0016354620456695557,0.003641751232341335,1.0,0,0,0,,,0.0718962934389932
20260123_224946,2026-01-23T22:55:03.346108,15cedc7a9730972b927f01fdf3bc98946ca1b50a,bellman,8x8,48599,0.0017486304277554154,0.003771467654091225,1.0,0,0,0,,,0.07439966788882976
20260123_224946,2026-01-23T22:55:03.945869,15cedc7a9730972b927f01fdf3bc98946ca1b50a,bellman,8x8,48699,-0.00044435233576223254,0.0037045802599652688,1.0,0,0,0,,,0.07316469547562858
20260123_224946,2026-01-23T22:55:04.545246,15cedc7a9730972b927f01fdf3bc98946ca1b50a,bellman,8x8,48799,-0.001016699825413525,0.003425980497347041,1.0,0,0,0,,,0.07154395150036717
20260123_224946,2026-01-23T22:55:05.246682,15cedc7a9730972b927f01fdf3bc98946ca1b50a,bellman,8x8,48899,-0.00013899522309657186,0.0037159292872109974,1.0,0,0,0,,,0.07336750671636032
20260123_224946,2026-01-23T22:55:05.856816,15cedc7a9730972b927f01fdf3bc98946ca1b50a,bellman,8x8,48999,0.0007824758067727089,0.0036557398780365704,1.0,0,0,0,,,0.07277427156405127
20260123_224946,2026-01-23T22:55:06.454831,15cedc7a9730972b927f01fdf3bc98946ca1b50a,bellman,8x8,49099,0.0017950425390154123,0.0034800583952807073,1.0,0,0,0,,,0.0712999932355853
20260123_224946,2026-01-23T22:55:07.051901,15cedc7a9730972b927f01fdf3bc98946ca1b50a,bellman,8x8,49199,-0.00030829443130642176,0.0033046587079996925,1.0,0,0,0,,,0.06753321854416934
20260123_224946,2026-01-23T22:55:07.651117,15cedc7a9730972b927f01fdf3bc98946ca1b50a,bellman,8x8,49299,-0.00016668108582962304,0.003441759744048909,1.0,0,0,0,,,0.07228326716869568
20260123_224946,2026-01-23T22:55:08.251939,15cedc7a9730972b927f01fdf3bc98946ca1b50a,bellman,8x8,49399,0.00118776666931808,0.003574294507638456,1.0,0,0,0,,,0.07290698479414844
20260123_224946,2026-01-23T22:55:08.852152,15cedc7a9730972b927f01fdf3bc98946ca1b50a,bellman,8x8,49499,0.0005001349491067231,0.0036375892123152198,1.0,0,0,0,,,0.07315733520968107
20260123_224946,2026-01-23T22:55:09.473733,15cedc7a9730972b927f01fdf3bc98946ca1b50a,bellman,8x8,49599,-2.836773455783259e-05,0.0034217584397788414,1.0,0,0,0,,,0.07156431916330813
20260123_224946,2026-01-23T22:55:10.133656,15cedc7a9730972b927f01fdf3bc98946ca1b50a,bellman,8x8,49699,0.0018501303857192397,0.0037210866707795276,1.0,0,0,0,,,0.07222300999602435
20260123_224946,2026-01-23T22:55:10.791978,15cedc7a9730972b927f01fdf3bc98946ca1b50a,bellman,8x8,49799,-8.696723671164364e-05,0.003541731530758625,1.0,0,0,0,,,0.07111418439097755
20260123_224946,2026-01-23T22:55:11.396394,15cedc7a9730972b927f01fdf3bc98946ca1b50a,bellman,8x8,49899,0.002103848149999976,0.0037594130712426477,1.0,0,0,0,,,0.0719113954124724
20260123_224946,2026-01-23T22:55:12.057470,15cedc7a9730972b927f01fdf3bc98946ca1b50a,bellman,8x8,49999,0.0021084381733089685,0.003309251418538679,1.0,0,0,0,,,0.07025602234242471
20260123_224946,2026-01-23T22:55:12.597739,15cedc7a9730972b927f01fdf3bc98946ca1b50a,bellman,16x16,0,4.076313495635986,0.44160185243046723,1.0,0,0,0,,,-0.6656907094153728
20260123_224946,2026-01-23T22:55:13.548340,15cedc7a9730972b927f01fdf3bc98946ca1b50a,bellman,16x16,99,1.0417604446411133,0.13506389507652783,1.0,0,0,0,,,0.06456408252753407
20260123_224946,2026-01-23T22:55:14.431507,15cedc7a9730972b927f01fdf3bc98946ca1b50a,bellman,16x16,199,1.7002887725830078,0.005823595190468041,1.0,0,0,0,,,0.15350364539707514
20260123_224946,2026-01-23T22:55:15.278668,15cedc7a9730972b927f01fdf3bc98946ca1b50a,bellman,16x16,299,0.572094202041626,0.04659424768065037,1.0,0,0,0,,,0.2197381639670277
20260123_224946,2026-01-23T22:55:16.395066,15cedc7a9730972b927f01fdf3bc98946ca1b50a,bellman,16x16,399,0.04590827226638794,0.08877300055974047,1.0,0,0,0,,,0.2580333756410026
20260123_224946,2026-01-23T22:55:17.440748,15cedc7a9730972b927f01fdf3bc98946ca1b50a,bellman,16x16,499,0.36248981952667236,0.09064820814174254,1.0,0,0,0,,,0.26331240322363336
20260123_224946,2026-01-23T22:55:18.563396,15cedc7a9730972b927f01fdf3bc98946ca1b50a,bellman,16x16,599,0.0927366241812706,0.07152765449716753,1.0,0,0,0,,,0.2625475568835766
20260123_224946,2026-01-23T22:55:19.598520,15cedc7a9730972b927f01fdf3bc98946ca1b50a,bellman,16x16,699,0.24004337191581726,0.06084177482374798,1.0,26,0,0,,,0.25739563923628017
20260123_224946,2026-01-23T22:55:20.422005,15cedc7a9730972b927f01fdf3bc98946ca1b50a,bellman,16x16,799,0.10128943622112274,0.06529180706238549,1.0,0,0,0,,,0.26197446783311606
20260123_224946,2026-01-23T22:55:21.189263,15cedc7a9730972b927f01fdf3bc98946ca1b50a,bellman,16x16,899,0.1176217719912529,0.06022446498425779,1.0,0,0,0,,,0.2674216678149982
20260123_224946,2026-01-23T22:55:22.036704,15cedc7a9730972b927f01fdf3bc98946ca1b50a,bellman,16x16,999,0.03511746600270271,0.043415311234530234,1.0,0,0,0,,,0.2687862760879287
20260123_224946,2026-01-23T22:55:22.808384,15cedc7a9730972b927f01fdf3bc98946ca1b50a,bellman,16x16,1099,0.10776317864656448,0.02923912489763097,1.0,0,0,0,,,0.2726919948955568
20260123_224946,2026-01-23T22:55:23.607637,15cedc7a9730972b927f01fdf3bc98946ca1b50a,bellman,16x16,1199,0.5223908424377441,0.04038765174138462,1.0,0,0,0,,,0.27838122706907853
20260123_224946,2026-01-23T22:55:24.521852,15cedc7a9730972b927f01fdf3bc98946ca1b50a,bellman,16x16,1299,0.14985856413841248,0.034147317238148386,1.0,0,0,0,,,0.28715878423485586
20260123_224946,2026-01-23T22:55:25.611188,15cedc7a9730972b927f01fdf3bc98946ca1b50a,bellman,16x16,1399,0.017277726903557777,0.022977547514237813,1.0,0,0,0,,,0.29077034747290975
20260123_224946,2026-01-23T22:55:26.600683,15cedc7a9730972b927f01fdf3bc98946ca1b50a,bellman,16x16,1499,0.01240859180688858,0.0231530739320624,1.0,0,0,0,,,0.2928006691895385
20260123_224946,2026-01-23T22:55:27.384942,15cedc7a9730972b927f01fdf3bc98946ca1b50a,bellman,16x16,1599,0.019850412383675575,0.021867901872374206,1.0,0,0,0,,,0.28988943370783604
20260123_224946,2026-01-23T22:55:28.269997,15cedc7a9730972b927f01fdf3bc98946ca1b50a,bellman,16x16,1699,0.014357469975948334,0.03192093157749696,1.0,0,0,0,,,0.2924762824516238
20260123_224946,2026-01-23T22:55:29.147203,15cedc7a9730972b927f01fdf3bc98946ca1b50a,bellman,16x16,1799,0.064684197306633,0.024274393848781984,1.0,0,0,0,,,0.2976563148707966
20260123_224946,2026-01-23T22:55:30.021914,15cedc7a9730972b927f01fdf3bc98946ca1b50a,bellman,16x16,1899,0.039391376078128815,0.018188372364274983,1.0,0,0,0,,,0.3017656397470077
20260123_224946,2026-01-23T22:55:30.950049,15cedc7a9730972b927f01fdf3bc98946ca1b50a,bellman,16x16,1999,0.013893553987145424,0.027453203798286266,1.0,0,0,0,,,0.22183748094724653
20260123_224946,2026-01-23T22:55:31.831669,15cedc7a9730972b927f01fdf3bc98946ca1b50a,bellman,16x16,2099,0.15948665142059326,0.024024205649684518,1.0,0,0,0,,,0.23866919794180474
20260123_224946,2026-01-23T22:55:32.720159,15cedc7a9730972b927f01fdf3bc98946ca1b50a,bellman,16x16,2199,0.07503897696733475,0.02045528123848271,1.0,0,0,0,,,0.25162014417676315
20260123_224946,2026-01-23T22:55:33.582323,15cedc7a9730972b927f01fdf3bc98946ca1b50a,bellman,16x16,2299,0.002970132976770401,0.020470024854457734,1.0,0,0,0,,,0.26083610843733646
20260123_224946,2026-01-23T22:55:34.382402,15cedc7a9730972b927f01fdf3bc98946ca1b50a,bellman,16x16,2399,0.00274046347476542,0.02410534529922188,1.0,0,0,0,,,0.27141992866351883
20260123_224946,2026-01-23T22:55:35.304912,15cedc7a9730972b927f01fdf3bc98946ca1b50a,bellman,16x16,2499,0.008866069838404655,0.029807475391753543,1.0,0,0,0,,,0.2794985008532257
20260123_224946,2026-01-23T22:55:36.116581,15cedc7a9730972b927f01fdf3bc98946ca1b50a,bellman,16x16,2599,0.01716609112918377,0.028463001474710835,1.0,0,0,0,,,0.23770347220312213
20260123_224946,2026-01-23T22:55:36.928928,15cedc7a9730972b927f01fdf3bc98946ca1b50a,bellman,16x16,2699,0.018555734306573868,0.03393233839781715,1.0,0,0,0,,,0.24341218171530768
20260123_224946,2026-01-23T22:55:37.863256,15cedc7a9730972b927f01fdf3bc98946ca1b50a,bellman,16x16,2799,0.07195141166448593,0.03668256204607132,1.0,0,0,0,,,0.250118797594961
20260123_224946,2026-01-23T22:55:38.674139,15cedc7a9730972b927f01fdf3bc98946ca1b50a,bellman,16x16,2899,0.006957042962312698,0.03999686939986532,1.0,0,0,0,,,0.2569669105514937
20260123_224946,2026-01-23T22:55:39.571657,15cedc7a9730972b927f01fdf3bc98946ca1b50a,bellman,16x16,2999,0.013728536665439606,0.047784265034397325,1.0,0,0,0,,,0.26508581114770774
20260123_224946,2026-01-23T22:55:40.378841,15cedc7a9730972b927f01fdf3bc98946ca1b50a,bellman,16x16,3099,0.017532309517264366,0.04742285370192803,1.0,0,0,0,,,0.2711232259194606
20260123_224946,2026-01-23T22:55:41.287883,15cedc7a9730972b927f01fdf3bc98946ca1b50a,bellman,16x16,3199,0.006652188953012228,0.04562259735191219,1.0,0,0,0,,,0.2744919586209419
20260123_224946,2026-01-23T22:55:42.100050,15cedc7a9730972b927f01fdf3bc98946ca1b50a,bellman,16x16,3299,0.01163694728165865,0.050086672851475667,1.0,0,0,0,,,0.28109733994186115
20260123_224946,2026-01-23T22:55:43.039343,15cedc7a9730972b927f01fdf3bc98946ca1b50a,bellman,16x16,3399,0.007303832098841667,0.04975362333651901,1.0,0,0,0,,,0.28532245992280714
20260123_224946,2026-01-23T22:55:43.847122,15cedc7a9730972b927f01fdf3bc98946ca1b50a,bellman,16x16,3499,0.009850556030869484,0.04790886196549764,1.0,0,0,0,,,0.2890104930095805
20260123_224946,2026-01-23T22:55:44.731981,15cedc7a9730972b927f01fdf3bc98946ca1b50a,bellman,16x16,3599,0.04740644246339798,0.05050312201870838,1.0,0,0,0,,,0.29760971834600713
20260123_224946,2026-01-23T22:55:45.621271,15cedc7a9730972b927f01fdf3bc98946ca1b50a,bellman,16x16,3699,0.006950728129595518,0.04503720478074683,1.0,0,0,0,,,0.30242831678298315
20260123_224946,2026-01-23T22:55:46.490793,15cedc7a9730972b927f01fdf3bc98946ca1b50a,bellman,16x16,3799,0.023935452103614807,0.049870506156266856,1.0,0,0,0,,,0.3022010951123644
20260123_224946,2026-01-23T22:55:47.362030,15cedc7a9730972b927f01fdf3bc98946ca1b50a,bellman,16x16,3899,0.005420162808150053,0.05228484522132021,1.0,0,0,0,,,0.3069070069135153
20260123_224946,2026-01-23T22:55:48.250343,15cedc7a9730972b927f01fdf3bc98946ca1b50a,bellman,16x16,3999,0.00353053817525506,0.04963889101105451,1.0,0,0,0,,,0.31046614474051837
20260123_224946,2026-01-23T22:55:49.143579,15cedc7a9730972b927f01fdf3bc98946ca1b50a,bellman,16x16,4099,0.006362400483340025,0.04172551014747114,1.0,0,0,0,,,0.31067893668506064
20260123_224946,2026-01-23T22:55:50.003672,15cedc7a9730972b927f01fdf3bc98946ca1b50a,bellman,16x16,4199,0.004363212268799543,0.04235514280738244,1.0,0,0,0,,,0.30929775213818783
20260123_224946,2026-01-23T22:55:50.768310,15cedc7a9730972b927f01fdf3bc98946ca1b50a,bellman,16x16,4299,0.001967470394447446,0.036224708317758994,1.0,0,0,0,,,0.3110757150579049
20260123_224946,2026-01-23T22:55:51.646889,15cedc7a9730972b927f01fdf3bc98946ca1b50a,bellman,16x16,4399,0.004138146992772818,0.041776412471672304,1.0,0,0,0,,,0.31275164784260495
20260123_224946,2026-01-23T22:55:52.505153,15cedc7a9730972b927f01fdf3bc98946ca1b50a,bellman,16x16,4499,0.003456593258306384,0.041484136222920825,1.0,0,0,0,,,0.3116003081965715
20260123_224946,2026-01-23T22:55:53.365709,15cedc7a9730972b927f01fdf3bc98946ca1b50a,bellman,16x16,4599,0.0019083129009231925,0.03979498068402336,1.0,0,0,0,,,0.31271568515686504
20260123_224946,2026-01-23T22:55:54.256074,15cedc7a9730972b927f01fdf3bc98946ca1b50a,bellman,16x16,4699,0.0012759135570377111,0.043268304968150914,1.0,0,0,0,,,0.31097779554021454
20260123_224946,2026-01-23T22:55:55.069275,15cedc7a9730972b927f01fdf3bc98946ca1b50a,bellman,16x16,4799,0.001979801570996642,0.04037600549811486,1.0,0,0,0,,,0.3106046836419587
20260123_224946,2026-01-23T22:55:55.933825,15cedc7a9730972b927f01fdf3bc98946ca1b50a,bellman,16x16,4899,0.0007173252524808049,0.041539893368826596,1.0,0,0,0,,,0.3120145960634439
20260123_224946,2026-01-23T22:55:56.792513,15cedc7a9730972b927f01fdf3bc98946ca1b50a,bellman,16x16,4999,0.0014354108134284616,0.03794608191054067,1.0,0,0,0,,,0.3078829476534286
20260123_224946,2026-01-23T22:55:57.740041,15cedc7a9730972b927f01fdf3bc98946ca1b50a,bellman,16x16,5099,0.0003065511700697243,0.03589010352028254,1.0,0,0,0,,,0.31002212215140074
20260123_224946,2026-01-23T22:55:58.563098,15cedc7a9730972b927f01fdf3bc98946ca1b50a,bellman,16x16,5199,0.003996623679995537,0.03991050021279079,1.0,0,0,0,,,0.30978820142307284
20260123_224946,2026-01-23T22:55:59.529701,15cedc7a9730972b927f01fdf3bc98946ca1b50a,bellman,16x16,5299,0.000876614183653146,0.037581111182271344,1.0,0,0,0,,,0.30625654404377195
20260123_224946,2026-01-23T22:56:00.375998,15cedc7a9730972b927f01fdf3bc98946ca1b50a,bellman,16x16,5399,0.0013419084716588259,0.03753423032273076,1.0,0,0,0,,,0.3042974969372813
20260123_224946,2026-01-23T22:56:01.343757,15cedc7a9730972b927f01fdf3bc98946ca1b50a,bellman,16x16,5499,0.0012651345459744334,0.03886289901247892,1.0,0,0,0,,,0.3027649114281389
20260123_224946,2026-01-23T22:56:02.214134,15cedc7a9730972b927f01fdf3bc98946ca1b50a,bellman,16x16,5599,0.0033099313732236624,0.03866249057730329,1.0,0,0,0,,,0.3040984385371488
20260123_224946,2026-01-23T22:56:03.128694,15cedc7a9730972b927f01fdf3bc98946ca1b50a,bellman,16x16,5699,0.007009078282862902,0.03416311796871014,1.0,0,0,0,,,0.3018541581384444
20260123_224946,2026-01-23T22:56:04.016846,15cedc7a9730972b927f01fdf3bc98946ca1b50a,bellman,16x16,5799,0.0028254720382392406,0.0317417394960421,1.0,0,0,0,,,0.29906387284448
20260123_224946,2026-01-23T22:56:04.974876,15cedc7a9730972b927f01fdf3bc98946ca1b50a,bellman,16x16,5899,0.0014368321280926466,0.03368889824374037,1.0,0,0,0,,,0.30093967537993727
20260123_224946,2026-01-23T22:56:05.805529,15cedc7a9730972b927f01fdf3bc98946ca1b50a,bellman,16x16,5999,0.001244872808456421,0.033959021580799345,1.0,0,0,0,,,0.2940234141915707
20260123_224946,2026-01-23T22:56:06.637130,15cedc7a9730972b927f01fdf3bc98946ca1b50a,bellman,16x16,6099,0.0014593414962291718,0.030593492688885816,1.0,0,0,0,,,0.2988562165188543
20260123_224946,2026-01-23T22:56:07.521810,15cedc7a9730972b927f01fdf3bc98946ca1b50a,bellman,16x16,6199,0.01250338926911354,0.030255645907370763,1.0,0,0,0,,,0.2956902290600546
20260123_224946,2026-01-23T22:56:08.481254,15cedc7a9730972b927f01fdf3bc98946ca1b50a,bellman,16x16,6299,0.0035082034301012754,0.03096350043745815,1.0,0,0,0,,,0.29637897888938214
20260123_224946,2026-01-23T22:56:09.306033,15cedc7a9730972b927f01fdf3bc98946ca1b50a,bellman,16x16,6399,0.002130697015672922,0.03144870167894851,1.0,0,0,0,,,0.29510720535409873
20260123_224946,2026-01-23T22:56:10.105350,15cedc7a9730972b927f01fdf3bc98946ca1b50a,bellman,16x16,6499,0.00324209313839674,0.029930914101180407,1.0,0,0,0,,,0.29278922713292355
20260123_224946,2026-01-23T22:56:10.934053,15cedc7a9730972b927f01fdf3bc98946ca1b50a,bellman,16x16,6599,-8.841781527735293e-05,0.02871048229410917,1.0,0,0,0,,,0.2942499786716187
20260123_224946,2026-01-23T22:56:11.817115,15cedc7a9730972b927f01fdf3bc98946ca1b50a,bellman,16x16,6699,0.000364798353984952,0.02694313225943688,1.0,0,0,0,,,0.2902962940857451
20260123_224946,2026-01-23T22:56:12.715609,15cedc7a9730972b927f01fdf3bc98946ca1b50a,bellman,16x16,6799,0.0013474554289132357,0.02714414368281723,1.0,0,0,0,,,0.28862272955141965
20260123_224946,2026-01-23T22:56:13.635567,15cedc7a9730972b927f01fdf3bc98946ca1b50a,bellman,16x16,6899,0.0002771424478851259,0.02615507997555369,1.0,0,0,0,,,0.28991951916192926
20260123_224946,2026-01-23T22:56:14.529777,15cedc7a9730972b927f01fdf3bc98946ca1b50a,bellman,16x16,6999,0.0025523407384753227,0.023967061699383976,1.0,0,0,0,,,0.28308216487088556
20260123_224946,2026-01-23T22:56:15.359295,15cedc7a9730972b927f01fdf3bc98946ca1b50a,bellman,16x16,7099,0.0035560866817831993,0.02558684072133019,1.0,0,0,0,,,0.28591215101878087
20260123_224946,2026-01-23T22:56:16.457376,15cedc7a9730972b927f01fdf3bc98946ca1b50a,bellman,16x16,7199,0.00048754276940599084,0.02484253494543509,1.0,0,0,0,,,0.2841795306829822
20260123_224946,2026-01-23T22:56:17.872636,15cedc7a9730972b927f01fdf3bc98946ca1b50a,bellman,16x16,7299,0.0002827016869559884,0.02477177695312548,1.0,0,0,0,,,0.2871157155188596
20260123_224946,2026-01-23T22:56:18.618466,15cedc7a9730972b927f01fdf3bc98946ca1b50a,bellman,16x16,7399,0.0006766283186152577,0.022424383371610474,1.0,0,0,0,,,0.2814270881430418
20260123_224946,2026-01-23T22:56:19.594961,15cedc7a9730972b927f01fdf3bc98946ca1b50a,bellman,16x16,7499,0.010180394165217876,0.020338512930411525,1.0,0,0,0,,,0.27842148224537744
20260123_224946,2026-01-23T22:56:20.551338,15cedc7a9730972b927f01fdf3bc98946ca1b50a,bellman,16x16,7599,0.0025316455867141485,0.021347536995597237,1.0,0,0,0,,,0.27816722940739047
20260123_224946,2026-01-23T22:56:21.365865,15cedc7a9730972b927f01fdf3bc98946ca1b50a,bellman,16x16,7699,0.0015930249355733395,0.022989533326842775,1.0,0,0,0,,,0.271216598621444
20260123_224946,2026-01-23T22:56:22.182673,15cedc7a9730972b927f01fdf3bc98946ca1b50a,bellman,16x16,7799,0.0018380139954388142,0.02062934110011838,1.0,0,0,0,,,0.2740717476231126
20260123_224946,2026-01-23T22:56:23.053696,15cedc7a9730972b927f01fdf3bc98946ca1b50a,bellman,16x16,7899,0.0013722142903134227,0.020659967683950526,1.0,0,0,0,,,0.2721398154829444
20260123_224946,2026-01-23T22:56:23.943758,15cedc7a9730972b927f01fdf3bc98946ca1b50a,bellman,16x16,7999,-0.00039567670319229364,0.020424494700630475,1.0,0,0,0,,,0.27476161966512824
20260123_224946,2026-01-23T22:56:24.822752,15cedc7a9730972b927f01fdf3bc98946ca1b50a,bellman,16x16,8099,0.0046986467204988,0.020826569251046295,1.0,0,0,0,,,0.2775171652591881
20260123_224946,2026-01-23T22:56:25.714945,15cedc7a9730972b927f01fdf3bc98946ca1b50a,bellman,16x16,8199,0.001090382575057447,0.020131186136059114,1.0,0,0,0,,,0.27098976983001866
20260123_224946,2026-01-23T22:56:26.601356,15cedc7a9730972b927f01fdf3bc98946ca1b50a,bellman,16x16,8299,4.3167245166841894e-05,0.017332524008813834,1.0,0,0,0,,,0.264183399007239
20260123_224946,2026-01-23T22:56:27.526458,15cedc7a9730972b927f01fdf3bc98946ca1b50a,bellman,16x16,8399,-0.00020427347044460475,0.015342912519826087,1.0,0,0,0,,,0.2715575382801212
20260123_224946,2026-01-23T22:56:28.293796,15cedc7a9730972b927f01fdf3bc98946ca1b50a,bellman,16x16,8499,0.001854140660725534,0.017925857635964347,1.0,0,0,0,,,0.2622827041586311
20260123_224946,2026-01-23T22:56:29.178434,15cedc7a9730972b927f01fdf3bc98946ca1b50a,bellman,16x16,8599,0.0007082223892211914,0.015412999029024377,1.0,0,0,0,,,0.2724973077556877
20260123_224946,2026-01-23T22:56:30.072516,15cedc7a9730972b927f01fdf3bc98946ca1b50a,bellman,16x16,8699,0.000473797699669376,0.016051095973480187,1.0,0,0,0,,,0.25986580119098146
20260123_224946,2026-01-23T22:56:30.993940,15cedc7a9730972b927f01fdf3bc98946ca1b50a,bellman,16x16,8799,0.0006689956062473357,0.014989886550695245,1.0,0,0,0,,,0.26255480122491487
20260123_224946,2026-01-23T22:56:31.906040,15cedc7a9730972b927f01fdf3bc98946ca1b50a,bellman,16x16,8899,0.002193721942603588,0.015831065202318088,1.0,0,0,0,,,0.26434129399027084
20260123_224946,2026-01-23T22:56:32.707225,15cedc7a9730972b927f01fdf3bc98946ca1b50a,bellman,16x16,8999,0.0008903680718503892,0.014454265435488197,1.0,0,0,0,,,0.2620940228059174
20260123_224946,2026-01-23T22:56:33.593932,15cedc7a9730972b927f01fdf3bc98946ca1b50a,bellman,16x16,9099,0.0014984420267865062,0.015087169164598891,1.0,0,0,0,,,0.2644333690266297
20260123_224946,2026-01-23T22:56:34.411969,15cedc7a9730972b927f01fdf3bc98946ca1b50a,bellman,16x16,9199,-0.0008086602319963276,0.014727489869178498,1.0,0,0,0,,,0.2651990113847065
20260123_224946,2026-01-23T22:56:35.177185,15cedc7a9730972b927f01fdf3bc98946ca1b50a,bellman,16x16,9299,0.0009339172975160182,0.014625608313546081,1.0,0,0,0,,,0.25990049225582823
20260123_224946,2026-01-23T22:56:36.012970,15cedc7a9730972b927f01fdf3bc98946ca1b50a,bellman,16x16,9399,0.0017706456128507853,0.014542445964444824,1.0,0,0,0,,,0.269796484528113
20260123_224946,2026-01-23T22:56:36.973987,15cedc7a9730972b927f01fdf3bc98946ca1b50a,bellman,16x16,9499,0.0010954027529805899,0.015189470558306084,1.0,0,0,0,,,0.2602320273344872
20260123_224946,2026-01-23T22:56:37.927804,15cedc7a9730972b927f01fdf3bc98946ca1b50a,bellman,16x16,9599,-6.129686516942456e-05,0.01347631386641524,1.0,0,0,0,,,0.25683080002161696
20260123_224946,2026-01-23T22:56:38.816075,15cedc7a9730972b927f01fdf3bc98946ca1b50a,bellman,16x16,9699,0.0017408381681889296,0.012845356238985915,1.0,0,0,0,,,0.2697539302712903
20260123_224946,2026-01-23T22:56:39.775332,15cedc7a9730972b927f01fdf3bc98946ca1b50a,bellman,16x16,9799,0.0004147347644902766,0.01330309288750641,1.0,0,0,0,,,0.2555277246892718
20260123_224946,2026-01-23T22:56:40.728197,15cedc7a9730972b927f01fdf3bc98946ca1b50a,bellman,16x16,9899,0.0019281803397461772,0.012576830591192446,1.0,0,0,0,,,0.2666246071024161
20260123_224946,2026-01-23T22:56:41.559802,15cedc7a9730972b927f01fdf3bc98946ca1b50a,bellman,16x16,9999,-1.7302056221524253e-05,0.011640745235565646,1.0,0,0,0,,,0.2571296754033947
20260123_224946,2026-01-23T22:56:42.516674,15cedc7a9730972b927f01fdf3bc98946ca1b50a,bellman,16x16,10099,-0.0003901598392985761,0.010792140506550823,1.0,0,0,0,,,0.2566056715805275
20260123_224946,2026-01-23T22:56:43.282249,15cedc7a9730972b927f01fdf3bc98946ca1b50a,bellman,16x16,10199,0.000621425046119839,0.011764600141978008,1.0,0,0,0,,,0.2634335192636737
20260123_224946,2026-01-23T22:56:44.114359,15cedc7a9730972b927f01fdf3bc98946ca1b50a,bellman,16x16,10299,-9.590495756128803e-05,0.00997527942062561,1.0,0,0,0,,,0.25415868534010666
20260123_224946,2026-01-23T22:56:44.908665,15cedc7a9730972b927f01fdf3bc98946ca1b50a,bellman,16x16,10399,0.0018514225957915187,0.010884628993508158,1.0,0,0,0,,,0.23976379373633755
20260123_224946,2026-01-23T22:56:45.780167,15cedc7a9730972b927f01fdf3bc98946ca1b50a,bellman,16x16,10499,-0.0002245482464786619,0.009649267710888126,1.0,0,0,0,,,0.2573176456223254
20260123_224946,2026-01-23T22:56:46.559397,15cedc7a9730972b927f01fdf3bc98946ca1b50a,bellman,16x16,10599,0.000567442097235471,0.010451667337711114,1.0,0,0,0,,,0.2324108788235372
20260123_224946,2026-01-23T22:56:47.398310,15cedc7a9730972b927f01fdf3bc98946ca1b50a,bellman,16x16,10699,0.0004161386750638485,0.009694387052709317,1.0,0,0,0,,,0.2523004201819991
20260123_224946,2026-01-23T22:56:48.303073,15cedc7a9730972b927f01fdf3bc98946ca1b50a,bellman,16x16,10799,0.0011086942395195365,0.011264208457051837,1.0,0,0,0,,,0.2549738609427872
20260123_224946,2026-01-23T22:56:49.139532,15cedc7a9730972b927f01fdf3bc98946ca1b50a,bellman,16x16,10899,0.000852776865940541,0.010670424704501328,1.0,0,0,0,,,0.25819427521770116
20260123_224946,2026-01-23T22:56:50.103571,15cedc7a9730972b927f01fdf3bc98946ca1b50a,bellman,16x16,10999,-0.00015380927652586251,0.01087284405331502,1.0,0,0,0,,,0.2578839419129961
20260123_224946,2026-01-23T22:56:50.976658,15cedc7a9730972b927f01fdf3bc98946ca1b50a,bellman,16x16,11099,0.0011077482486143708,0.010333813730376278,1.0,0,0,0,,,0.25180620968971934
20260123_224946,2026-01-23T22:56:51.807041,15cedc7a9730972b927f01fdf3bc98946ca1b50a,bellman,16x16,11199,0.0001999538071686402,0.009448983810407298,1.0,0,0,0,,,0.2594489559601181
20260123_224946,2026-01-23T22:56:52.562951,15cedc7a9730972b927f01fdf3bc98946ca1b50a,bellman,16x16,11299,-0.00010977472993545234,0.01048128236933735,1.0,0,0,0,,,0.25145407928107427
20260123_224946,2026-01-23T22:56:53.529041,15cedc7a9730972b927f01fdf3bc98946ca1b50a,bellman,16x16,11399,-0.0002497419191058725,0.010411122403954778,1.0,0,0,0,,,0.259280071807409
20260123_224946,2026-01-23T22:56:54.426953,15cedc7a9730972b927f01fdf3bc98946ca1b50a,bellman,16x16,11499,-0.0004051377472933382,0.010059413633491658,1.0,0,0,0,,,0.2583807327825059
20260123_224946,2026-01-23T22:56:55.284798,15cedc7a9730972b927f01fdf3bc98946ca1b50a,bellman,16x16,11599,0.0011355456663295627,0.009178451237039554,1.0,0,0,0,,,0.2401962714391097
20260123_224946,2026-01-23T22:56:56.167919,15cedc7a9730972b927f01fdf3bc98946ca1b50a,bellman,16x16,11699,0.001273981761187315,0.008321687027519146,1.0,0,0,0,,,0.2476991710657157
20260123_224946,2026-01-23T22:56:57.054552,15cedc7a9730972b927f01fdf3bc98946ca1b50a,bellman,16x16,11799,6.038935680408031e-05,0.008284908652358354,1.0,0,0,0,,,0.25501132781276076
20260123_224946,2026-01-23T22:56:58.008925,15cedc7a9730972b927f01fdf3bc98946ca1b50a,bellman,16x16,11899,0.003042736789211631,0.009040833467729499,1.0,0,0,0,,,0.2591899477136426
20260123_224946,2026-01-23T22:56:58.903948,15cedc7a9730972b927f01fdf3bc98946ca1b50a,bellman,16x16,11999,0.0012945785420015454,0.008096785463910692,1.0,0,0,0,,,0.2507686329822729
20260123_224946,2026-01-23T22:56:59.749083,15cedc7a9730972b927f01fdf3bc98946ca1b50a,bellman,16x16,12099,-0.000472216954221949,0.007699207847613252,1.0,0,0,0,,,0.23800550973068713
20260123_224946,2026-01-23T22:57:00.608149,15cedc7a9730972b927f01fdf3bc98946ca1b50a,bellman,16x16,12199,0.0007266337634064257,0.00740218205748306,1.0,0,0,0,,,0.2524652930433024
20260123_224946,2026-01-23T22:57:01.433723,15cedc7a9730972b927f01fdf3bc98946ca1b50a,bellman,16x16,12299,0.0012919721193611622,0.008733814322451962,1.0,0,0,0,,,0.2517549285596845
20260123_224946,2026-01-23T22:57:02.315227,15cedc7a9730972b927f01fdf3bc98946ca1b50a,bellman,16x16,12399,-0.0001753183751134202,0.008090756488361422,1.0,0,0,0,,,0.2540540480196742
20260123_224946,2026-01-23T22:57:03.185470,15cedc7a9730972b927f01fdf3bc98946ca1b50a,bellman,16x16,12499,0.0004975475603714585,0.007854075044062938,1.0,0,0,0,,,0.2550896248781439
20260123_224946,2026-01-23T22:57:04.014503,15cedc7a9730972b927f01fdf3bc98946ca1b50a,bellman,16x16,12599,0.0010280950227752328,0.008114419531830208,1.0,0,0,0,,,0.2551303588141878
20260123_224946,2026-01-23T22:57:04.853561,15cedc7a9730972b927f01fdf3bc98946ca1b50a,bellman,16x16,12699,-0.0002960061829071492,0.0074381788062737545,1.0,0,0,0,,,0.24939411398885045
20260123_224946,2026-01-23T22:57:05.811602,15cedc7a9730972b927f01fdf3bc98946ca1b50a,bellman,16x16,12799,0.00048762070946395397,0.007389953926874569,1.0,0,0,0,,,0.2526441918780596
20260123_224946,2026-01-23T22:57:06.687033,15cedc7a9730972b927f01fdf3bc98946ca1b50a,bellman,16x16,12899,0.0036874900106340647,0.006099980250072576,1.0,0,0,0,,,0.22938186286620957
20260123_224946,2026-01-23T22:57:07.564453,15cedc7a9730972b927f01fdf3bc98946ca1b50a,bellman,16x16,12999,-0.0008257084409706295,0.007499702800769228,1.0,0,0,0,,,0.2619960712446878
20260123_224946,2026-01-23T22:57:08.454615,15cedc7a9730972b927f01fdf3bc98946ca1b50a,bellman,16x16,13099,-4.0339808037970215e-05,0.00797587581155767,1.0,0,0,0,,,0.25791821228118417
20260123_224946,2026-01-23T22:57:09.317365,15cedc7a9730972b927f01fdf3bc98946ca1b50a,bellman,16x16,13199,-0.0011319107143208385,0.008130250416702439,1.0,0,0,0,,,0.2475985528888886
20260123_224946,2026-01-23T22:57:10.173058,15cedc7a9730972b927f01fdf3bc98946ca1b50a,bellman,16x16,13299,0.00011656927381409332,0.007428854662399544,1.0,0,0,0,,,0.2582564565347938
20260123_224946,2026-01-23T22:57:11.028004,15cedc7a9730972b927f01fdf3bc98946ca1b50a,bellman,16x16,13399,0.000643467006739229,0.007595402374710148,1.0,0,0,0,,,0.25030042492503735
20260123_224946,2026-01-23T22:57:11.889258,15cedc7a9730972b927f01fdf3bc98946ca1b50a,bellman,16x16,13499,0.0008899869862943888,0.007439408396285216,1.0,0,0,0,,,0.2530447793640206
20260123_224946,2026-01-23T22:57:12.741529,15cedc7a9730972b927f01fdf3bc98946ca1b50a,bellman,16x16,13599,0.0003802607534453273,0.007858456475579487,1.0,0,0,0,,,0.2572803596940304
20260123_224946,2026-01-23T22:57:13.636522,15cedc7a9730972b927f01fdf3bc98946ca1b50a,bellman,16x16,13699,0.0015667766565456986,0.0077454068302245105,1.0,0,0,0,,,0.2557218051433317
20260123_224946,2026-01-23T22:57:14.440365,15cedc7a9730972b927f01fdf3bc98946ca1b50a,bellman,16x16,13799,0.0014823336387053132,0.007953801845769704,1.0,0,0,0,,,0.24984372393147722
20260123_224946,2026-01-23T22:57:15.243302,15cedc7a9730972b927f01fdf3bc98946ca1b50a,bellman,16x16,13899,0.0011280332691967487,0.008034207027421872,1.0,0,0,0,,,0.2550449829376238
20260123_224946,2026-01-23T22:57:16.221233,15cedc7a9730972b927f01fdf3bc98946ca1b50a,bellman,16x16,13999,-0.0006322674453258514,0.008113340841495073,1.0,0,0,0,,,0.25461883190948753
20260123_224946,2026-01-23T22:57:17.319794,15cedc7a9730972b927f01fdf3bc98946ca1b50a,bellman,16x16,14099,0.0007857448072172701,0.008156953323425569,1.0,0,0,0,,,0.25047041758082855
20260123_224946,2026-01-23T22:57:18.481663,15cedc7a9730972b927f01fdf3bc98946ca1b50a,bellman,16x16,14199,-0.0009328721789643168,0.007442361883634021,1.0,0,0,0,,,0.24933166418080244
20260123_224946,2026-01-23T22:57:19.353813,15cedc7a9730972b927f01fdf3bc98946ca1b50a,bellman,16x16,14299,0.00014086993178352714,0.008050528445596682,1.0,0,0,0,,,0.2550317873775565
20260123_224946,2026-01-23T22:57:20.167346,15cedc7a9730972b927f01fdf3bc98946ca1b50a,bellman,16x16,14399,0.002238411456346512,0.008686872334851613,1.0,0,0,0,,,0.2542743195394283
20260123_224946,2026-01-23T22:57:21.002966,15cedc7a9730972b927f01fdf3bc98946ca1b50a,bellman,16x16,14499,0.00010532958549447358,0.008357822545171985,1.0,0,0,0,,,0.24947538343902026
20260123_224946,2026-01-23T22:57:21.784856,15cedc7a9730972b927f01fdf3bc98946ca1b50a,bellman,16x16,14599,-0.0011467814911156893,0.0072700128997632875,1.0,0,0,0,,,0.23898430561864442
20260123_224946,2026-01-23T22:57:22.574852,15cedc7a9730972b927f01fdf3bc98946ca1b50a,bellman,16x16,14699,0.0004916081088595092,0.008237822346288795,1.0,0,0,0,,,0.2553790515573332
20260123_224946,2026-01-23T22:57:23.456767,15cedc7a9730972b927f01fdf3bc98946ca1b50a,bellman,16x16,14799,3.1918094464344904e-05,0.007339274440244026,1.0,0,0,0,,,0.25081223462843694
20260123_224946,2026-01-23T22:57:24.334833,15cedc7a9730972b927f01fdf3bc98946ca1b50a,bellman,16x16,14899,-0.0008543248986825347,0.007282144726851811,1.0,0,0,0,,,0.24810956244667856
20260123_224946,2026-01-23T22:57:25.174924,15cedc7a9730972b927f01fdf3bc98946ca1b50a,bellman,16x16,14999,0.0012086471542716026,0.007550565750226497,1.0,0,0,0,,,0.25283160463969667
20260123_224946,2026-01-23T22:57:26.074663,15cedc7a9730972b927f01fdf3bc98946ca1b50a,bellman,16x16,15099,-0.0005678654997609556,0.007646144671342654,1.0,0,0,0,,,0.24516241720114865
20260123_224946,2026-01-23T22:57:27.120102,15cedc7a9730972b927f01fdf3bc98946ca1b50a,bellman,16x16,15199,0.001052603591233492,0.007719364146786347,1.0,0,0,0,,,0.24786650330230547
20260123_224946,2026-01-23T22:57:28.989251,15cedc7a9730972b927f01fdf3bc98946ca1b50a,bellman,16x16,15299,-4.0934799471870065e-05,0.008261988282596349,1.0,0,0,0,,,0.2498975955049695
20260123_224946,2026-01-23T22:57:29.804416,15cedc7a9730972b927f01fdf3bc98946ca1b50a,bellman,16x16,15399,0.0020980306435376406,0.0069598751656235434,1.0,0,0,0,,,0.23009904723892782
20260123_224946,2026-01-23T22:57:30.618771,15cedc7a9730972b927f01fdf3bc98946ca1b50a,bellman,16x16,15499,0.0008441458339802921,0.007876525923854842,1.0,0,0,0,,,0.24472232330302246
20260123_224946,2026-01-23T22:57:31.515834,15cedc7a9730972b927f01fdf3bc98946ca1b50a,bellman,16x16,15599,0.0022997905034571886,0.008842619554083058,1.0,0,0,0,,,0.25493596205001556
20260123_224946,2026-01-23T22:57:32.284727,15cedc7a9730972b927f01fdf3bc98946ca1b50a,bellman,16x16,15699,-0.0011440952075645328,0.00809508416959602,1.0,0,0,0,,,0.24098631136687154
20260123_224946,2026-01-23T22:57:33.124513,15cedc7a9730972b927f01fdf3bc98946ca1b50a,bellman,16x16,15799,-8.772121873334982e-06,0.008175517386733873,1.0,0,0,0,,,0.24998438416135083
20260123_224946,2026-01-23T22:57:33.937981,15cedc7a9730972b927f01fdf3bc98946ca1b50a,bellman,16x16,15899,-7.732745143584907e-05,0.00796737102249267,1.0,0,0,0,,,0.24982850042022295
20260123_224946,2026-01-23T22:57:34.826104,15cedc7a9730972b927f01fdf3bc98946ca1b50a,bellman,16x16,15999,-0.000762385199777782,0.007773060452005893,1.0,0,0,0,,,0.24766822550324213
20260123_224946,2026-01-23T22:57:35.636049,15cedc7a9730972b927f01fdf3bc98946ca1b50a,bellman,16x16,16099,-0.0006334128556773067,0.008019824053462798,1.0,0,0,0,,,0.24640231537912263
20260123_224946,2026-01-23T22:57:36.520977,15cedc7a9730972b927f01fdf3bc98946ca1b50a,bellman,16x16,16199,0.0022891396656632423,0.007159252866500765,1.0,0,0,0,,,0.24216894247744544
20260123_224946,2026-01-23T22:57:37.340967,15cedc7a9730972b927f01fdf3bc98946ca1b50a,bellman,16x16,16299,0.0005180250154808164,0.008125572742295617,1.0,0,0,0,,,0.2509944936491775
20260123_224946,2026-01-23T22:57:38.228772,15cedc7a9730972b927f01fdf3bc98946ca1b50a,bellman,16x16,16399,0.001529974164441228,0.008013085874383706,1.0,0,0,0,,,0.24692725393810672
20260123_224946,2026-01-23T22:57:39.137983,15cedc7a9730972b927f01fdf3bc98946ca1b50a,bellman,16x16,16499,0.0003529031528159976,0.008113996314984889,1.0,0,0,0,,,0.25058420880932497
20260123_224946,2026-01-23T22:57:40.043101,15cedc7a9730972b927f01fdf3bc98946ca1b50a,bellman,16x16,16599,0.0006757514784112573,0.007181493790699278,1.0,0,0,0,,,0.24165856439419692
20260123_224946,2026-01-23T22:57:40.998164,15cedc7a9730972b927f01fdf3bc98946ca1b50a,bellman,16x16,16699,-0.0004943310632370412,0.007886501545139027,1.0,0,0,0,,,0.24976231460867282
20260123_224946,2026-01-23T22:57:41.889071,15cedc7a9730972b927f01fdf3bc98946ca1b50a,bellman,16x16,16799,0.0017816938925534487,0.007355879598342199,1.0,0,0,0,,,0.24353415296245412
20260123_224946,2026-01-23T22:57:42.795609,15cedc7a9730972b927f01fdf3bc98946ca1b50a,bellman,16x16,16899,3.1685962312621996e-05,0.008385667919249044,1.0,0,0,0,,,0.24874374995369414
20260123_224946,2026-01-23T22:57:44.255603,15cedc7a9730972b927f01fdf3bc98946ca1b50a,bellman,16x16,16999,1.669593621045351e-05,0.00732324667675357,1.0,0,0,0,,,0.2485592640955357
20260123_224946,2026-01-23T22:57:47.896831,15cedc7a9730972b927f01fdf3bc98946ca1b50a,bellman,16x16,17099,0.00024470264906995,0.007653741593125005,1.0,0,0,0,,,0.25257327177517597
20260123_224946,2026-01-23T22:57:49.063810,15cedc7a9730972b927f01fdf3bc98946ca1b50a,bellman,16x16,17199,0.0012191713321954012,0.00712082815847225,1.0,0,0,0,,,0.2483560451098347
20260123_224946,2026-01-23T22:57:49.908481,15cedc7a9730972b927f01fdf3bc98946ca1b50a,bellman,16x16,17299,0.001492405659519136,0.007420666437918726,1.0,0,0,0,,,0.2529751060625564
20260123_224946,2026-01-23T22:57:50.713033,15cedc7a9730972b927f01fdf3bc98946ca1b50a,bellman,16x16,17399,0.000623295723926276,0.007415294376801285,1.0,0,0,0,,,0.25016142795673546
20260123_224946,2026-01-23T22:57:51.511277,15cedc7a9730972b927f01fdf3bc98946ca1b50a,bellman,16x16,17499,0.0012502222089096904,0.007610764647611176,1.0,0,0,0,,,0.24247440952251195
20260123_224946,2026-01-23T22:57:52.299195,15cedc7a9730972b927f01fdf3bc98946ca1b50a,bellman,16x16,17599,0.00042367103742435575,0.007529745770077625,1.0,0,0,0,,,0.25113161051875593
20260123_224946,2026-01-23T22:57:53.099790,15cedc7a9730972b927f01fdf3bc98946ca1b50a,bellman,16x16,17699,0.0007842656341381371,0.007365708341474146,1.0,0,0,0,,,0.25068197933682945
20260123_224946,2026-01-23T22:57:53.956708,15cedc7a9730972b927f01fdf3bc98946ca1b50a,bellman,16x16,17799,0.0002195305860368535,0.007453836063295967,1.0,0,0,0,,,0.2528578282540078
20260123_224946,2026-01-23T22:57:54.858805,15cedc7a9730972b927f01fdf3bc98946ca1b50a,bellman,16x16,17899,0.0007345402264036238,0.007706547375444188,1.0,0,0,0,,,0.23949990067284785
20260123_224946,2026-01-23T22:57:55.659385,15cedc7a9730972b927f01fdf3bc98946ca1b50a,bellman,16x16,17999,-6.457260315073654e-05,0.007584056781660138,1.0,0,0,0,,,0.24697881620709622
20260123_224946,2026-01-23T22:57:56.535100,15cedc7a9730972b927f01fdf3bc98946ca1b50a,bellman,16x16,18099,0.0004850293626077473,0.008332776184599879,1.0,0,0,0,,,0.25042839294490216
20260123_224946,2026-01-23T22:57:57.527340,15cedc7a9730972b927f01fdf3bc98946ca1b50a,bellman,16x16,18199,-0.00029629963682964444,0.0075163960071773775,1.0,0,0,0,,,0.23442961800910606
20260123_224946,2026-01-23T22:57:58.518739,15cedc7a9730972b927f01fdf3bc98946ca1b50a,bellman,16x16,18299,0.0011402444215491414,0.007635701820420309,1.0,0,0,0,,,0.254808027407074
20260123_224946,2026-01-23T22:57:59.356091,15cedc7a9730972b927f01fdf3bc98946ca1b50a,bellman,16x16,18399,0.0005973976803943515,0.008275013721198548,1.0,0,0,0,,,0.2524317997279969
20260123_224946,2026-01-23T22:58:00.273857,15cedc7a9730972b927f01fdf3bc98946ca1b50a,bellman,16x16,18499,0.0012844286393374205,0.008551266259017894,1.0,0,0,0,,,0.2507078139316861
20260123_224946,2026-01-23T22:58:01.092594,15cedc7a9730972b927f01fdf3bc98946ca1b50a,bellman,16x16,18599,0.0012297778157517314,0.007187388263552066,1.0,0,0,0,,,0.25113025270320416
20260123_224946,2026-01-23T22:58:01.923429,15cedc7a9730972b927f01fdf3bc98946ca1b50a,bellman,16x16,18699,1.1976778296229895e-05,0.007500192446651681,1.0,0,0,0,,,0.25235399015708826
20260123_224946,2026-01-23T22:58:02.762454,15cedc7a9730972b927f01fdf3bc98946ca1b50a,bellman,16x16,18799,0.0006271555321291089,0.007308735120004712,1.0,0,0,0,,,0.25718881816965233
20260123_224946,2026-01-23T22:58:03.629757,15cedc7a9730972b927f01fdf3bc98946ca1b50a,bellman,16x16,18899,0.0012840741546824574,0.0072278423048044264,1.0,0,0,0,,,0.24759081988337356
20260123_224946,2026-01-23T22:58:04.477287,15cedc7a9730972b927f01fdf3bc98946ca1b50a,bellman,16x16,18999,0.0014147110050544143,0.007170229814925051,1.0,0,0,0,,,0.2449116037521083
20260123_224946,2026-01-23T22:58:05.423432,15cedc7a9730972b927f01fdf3bc98946ca1b50a,bellman,16x16,19099,0.001223422004841268,0.007952272449316525,1.0,0,0,0,,,0.246162239596626
20260123_224946,2026-01-23T22:58:06.248322,15cedc7a9730972b927f01fdf3bc98946ca1b50a,bellman,16x16,19199,-0.0004910579300485551,0.007211890844192226,1.0,0,0,0,,,0.25065489133429814
20260123_224946,2026-01-23T22:58:07.095611,15cedc7a9730972b927f01fdf3bc98946ca1b50a,bellman,16x16,19299,0.0007514331955462694,0.006944539055681958,1.0,0,0,0,,,0.2407325127700258
20260123_224946,2026-01-23T22:58:07.967547,15cedc7a9730972b927f01fdf3bc98946ca1b50a,bellman,16x16,19399,0.0017133601941168308,0.005989325950285434,1.0,0,0,0,,,0.2316129018558858
20260123_224946,2026-01-23T22:58:08.824829,15cedc7a9730972b927f01fdf3bc98946ca1b50a,bellman,16x16,19499,0.00019055273151025176,0.006925601836182977,1.0,0,0,0,,,0.25177649689994286
20260123_224946,2026-01-23T22:58:09.666845,15cedc7a9730972b927f01fdf3bc98946ca1b50a,bellman,16x16,19599,0.0006245578406378627,0.007753988098962736,1.0,0,0,0,,,0.25806809528306285
20260123_224946,2026-01-23T22:58:10.535177,15cedc7a9730972b927f01fdf3bc98946ca1b50a,bellman,16x16,19699,-6.61348458379507e-05,0.007616774237681057,1.0,0,0,0,,,0.25323272531671426
20260123_224946,2026-01-23T22:58:11.384563,15cedc7a9730972b927f01fdf3bc98946ca1b50a,bellman,16x16,19799,-0.00010816316353157163,0.006749227189505973,1.0,0,0,0,,,0.23165087824347635
20260123_224946,2026-01-23T22:58:12.243221,15cedc7a9730972b927f01fdf3bc98946ca1b50a,bellman,16x16,19899,-0.00010109104186994955,0.006814391422880135,1.0,0,0,0,,,0.24446636975602432
20260123_224946,2026-01-23T22:58:13.083052,15cedc7a9730972b927f01fdf3bc98946ca1b50a,bellman,16x16,19999,0.0005529755726456642,0.007630730371107006,1.0,0,0,0,,,0.24973230321431789
20260123_224946,2026-01-23T22:58:13.928836,15cedc7a9730972b927f01fdf3bc98946ca1b50a,bellman,16x16,20099,0.0006226231926120818,0.006910966239151435,1.0,0,0,0,,,0.2362985451077091
20260123_224946,2026-01-23T22:58:14.728549,15cedc7a9730972b927f01fdf3bc98946ca1b50a,bellman,16x16,20199,-0.0002918954414781183,0.008563461227353172,1.0,0,0,0,,,0.25479211260094325
20260123_224946,2026-01-23T22:58:15.630515,15cedc7a9730972b927f01fdf3bc98946ca1b50a,bellman,16x16,20299,0.0005423024413175881,0.007917465372863718,1.0,0,0,0,,,0.2548160863498435
20260123_224946,2026-01-23T22:58:16.496194,15cedc7a9730972b927f01fdf3bc98946ca1b50a,bellman,16x16,20399,0.0004893639707006514,0.008043975174173284,1.0,0,0,0,,,0.25251757166252686
20260123_224946,2026-01-23T22:58:17.278727,15cedc7a9730972b927f01fdf3bc98946ca1b50a,bellman,16x16,20499,0.0002444972051307559,0.008605442341439585,1.0,0,0,0,,,0.2599070272559735
20260123_224946,2026-01-23T22:58:18.136214,15cedc7a9730972b927f01fdf3bc98946ca1b50a,bellman,16x16,20599,0.000553488323930651,0.008289845409865392,1.0,0,0,0,,,0.25305939517829623
20260123_224946,2026-01-23T22:58:18.973260,15cedc7a9730972b927f01fdf3bc98946ca1b50a,bellman,16x16,20699,0.0007183258421719074,0.009717305960871272,1.0,0,0,0,,,0.25728827997131526
20260123_224946,2026-01-23T22:58:19.774182,15cedc7a9730972b927f01fdf3bc98946ca1b50a,bellman,16x16,20799,-0.0009014762472361326,0.008618860362641954,1.0,0,0,0,,,0.2583286878083103
20260123_224946,2026-01-23T22:58:20.641282,15cedc7a9730972b927f01fdf3bc98946ca1b50a,bellman,16x16,20899,7.711569924140349e-05,0.007721363138915649,1.0,0,0,0,,,0.237783160259245
20260123_224946,2026-01-23T22:58:21.430938,15cedc7a9730972b927f01fdf3bc98946ca1b50a,bellman,16x16,20999,0.000324077729601413,0.007805713003085657,1.0,0,0,0,,,0.24962174863311365
20260123_224946,2026-01-23T22:58:22.273021,15cedc7a9730972b927f01fdf3bc98946ca1b50a,bellman,16x16,21099,0.0026639183051884174,0.008245296516008693,1.0,0,0,0,,,0.2539873188874138
20260123_224946,2026-01-23T22:58:23.188505,15cedc7a9730972b927f01fdf3bc98946ca1b50a,bellman,16x16,21199,8.492272172588855e-05,0.004465471012040609,1.0,0,0,0,,,0.16030804515254338
20260123_224946,2026-01-23T22:58:24.029257,15cedc7a9730972b927f01fdf3bc98946ca1b50a,bellman,16x16,21299,-0.00019701776909641922,0.005218590244682559,1.0,0,0,0,,,0.2002853256485231
20260123_224946,2026-01-23T22:58:24.887823,15cedc7a9730972b927f01fdf3bc98946ca1b50a,bellman,16x16,21399,-0.00030838092789053917,0.006586534547372196,1.0,0,0,0,,,0.23334761485701577
20260123_224946,2026-01-23T22:58:25.732851,15cedc7a9730972b927f01fdf3bc98946ca1b50a,bellman,16x16,21499,0.0001973223261302337,0.006483874984514273,1.0,0,0,0,,,0.2359763298339156
20260123_224946,2026-01-23T22:58:26.577535,15cedc7a9730972b927f01fdf3bc98946ca1b50a,bellman,16x16,21599,0.0023099349346011877,0.006462561221675855,1.0,0,0,0,,,0.2501448532207693
20260123_224946,2026-01-23T22:58:27.364545,15cedc7a9730972b927f01fdf3bc98946ca1b50a,bellman,16x16,21699,0.0019505389500409365,0.00648901071233297,1.0,0,0,0,,,0.2509734252787997
20260123_224946,2026-01-23T22:58:28.202870,15cedc7a9730972b927f01fdf3bc98946ca1b50a,bellman,16x16,21799,0.0009948678780347109,0.0069588382862554,1.0,0,0,0,,,0.24453094834860756
20260123_224946,2026-01-23T22:58:29.045221,15cedc7a9730972b927f01fdf3bc98946ca1b50a,bellman,16x16,21899,-8.22093352326192e-05,0.006683484263649575,1.0,0,0,0,,,0.25498961169139844
20260123_224946,2026-01-23T22:58:29.982043,15cedc7a9730972b927f01fdf3bc98946ca1b50a,bellman,16x16,21999,-0.0002443548873998225,0.007589131486921588,1.0,0,0,0,,,0.2527869256800429
20260123_224946,2026-01-23T22:58:30.852083,15cedc7a9730972b927f01fdf3bc98946ca1b50a,bellman,16x16,22099,-0.00014992825163062662,0.007026011179970055,1.0,0,0,0,,,0.25751231228527827
20260123_224946,2026-01-23T22:58:31.801165,15cedc7a9730972b927f01fdf3bc98946ca1b50a,bellman,16x16,22199,0.001396641251631081,0.0068166785982890585,1.0,0,0,0,,,0.24640038024783872
20260123_224946,2026-01-23T22:58:32.661234,15cedc7a9730972b927f01fdf3bc98946ca1b50a,bellman,16x16,22299,0.0012530452804639935,0.007255797408115541,1.0,0,0,0,,,0.24684741424603251
20260123_224946,2026-01-23T22:58:33.525131,15cedc7a9730972b927f01fdf3bc98946ca1b50a,bellman,16x16,22399,0.00010584553092485294,0.006968592551263555,1.0,0,0,0,,,0.24733608118126604
20260123_224946,2026-01-23T22:58:34.384611,15cedc7a9730972b927f01fdf3bc98946ca1b50a,bellman,16x16,22499,-0.00017655041301622987,0.007735466320775117,1.0,0,0,0,,,0.25254656529074876
20260123_224946,2026-01-23T22:58:35.246145,15cedc7a9730972b927f01fdf3bc98946ca1b50a,bellman,16x16,22599,0.0005595283000729978,0.006938315256129499,1.0,0,0,0,,,0.2545654168094553
20260123_224946,2026-01-23T22:58:36.107874,15cedc7a9730972b927f01fdf3bc98946ca1b50a,bellman,16x16,22699,5.7471032050671056e-05,0.007812235677344574,1.0,0,0,0,,,0.2440386632188388
20260123_224946,2026-01-23T22:58:36.982719,15cedc7a9730972b927f01fdf3bc98946ca1b50a,bellman,16x16,22799,-0.0007814159034751356,0.0068085092583874025,1.0,0,0,0,,,0.2516606908987625
20260123_224946,2026-01-23T22:58:37.891414,15cedc7a9730972b927f01fdf3bc98946ca1b50a,bellman,16x16,22899,0.00022867224470246583,0.0063423049773643925,1.0,0,0,0,,,0.24991655338250945
20260123_224946,2026-01-23T22:58:38.742736,15cedc7a9730972b927f01fdf3bc98946ca1b50a,bellman,16x16,22999,0.0010221049888059497,0.0071863076559964155,1.0,0,0,0,,,0.2508785942191889
20260123_224946,2026-01-23T22:58:39.691387,15cedc7a9730972b927f01fdf3bc98946ca1b50a,bellman,16x16,23099,0.00017745484365150332,0.007336599478134645,1.0,0,0,0,,,0.23848995406182275
20260123_224946,2026-01-23T22:58:40.562406,15cedc7a9730972b927f01fdf3bc98946ca1b50a,bellman,16x16,23199,-0.0010651075281202793,0.007010745578422756,1.0,0,0,0,,,0.25395828818724436
20260123_224946,2026-01-23T22:58:41.400609,15cedc7a9730972b927f01fdf3bc98946ca1b50a,bellman,16x16,23299,-0.00044449843699112535,0.0072787963670350566,1.0,0,0,0,,,0.25615068898202886
20260123_224946,2026-01-23T22:58:42.262028,15cedc7a9730972b927f01fdf3bc98946ca1b50a,bellman,16x16,23399,0.00029858879861421883,0.0071731883985006566,1.0,0,0,0,,,0.25095184579233504
20260123_224946,2026-01-23T22:58:43.136550,15cedc7a9730972b927f01fdf3bc98946ca1b50a,bellman,16x16,23499,-0.000482297531561926,0.0066287921393023905,1.0,0,0,0,,,0.25939497803485473
20260123_224946,2026-01-23T22:58:44.003872,15cedc7a9730972b927f01fdf3bc98946ca1b50a,bellman,16x16,23599,0.0005386197590269148,0.006924070103187319,1.0,0,0,0,,,0.2593613950601779
20260123_224946,2026-01-23T22:58:44.956442,15cedc7a9730972b927f01fdf3bc98946ca1b50a,bellman,16x16,23699,0.001374424435198307,0.007272964319749348,1.0,0,0,0,,,0.2418855794707887
20260123_224946,2026-01-23T22:58:45.815610,15cedc7a9730972b927f01fdf3bc98946ca1b50a,bellman,16x16,23799,-0.000261384469922632,0.007469214612986548,1.0,0,0,0,,,0.25023004877371935
20260123_224946,2026-01-23T22:58:46.686526,15cedc7a9730972b927f01fdf3bc98946ca1b50a,bellman,16x16,23899,0.0014640165027230978,0.007139066319476228,1.0,0,0,0,,,0.253702568255161
20260123_224946,2026-01-23T22:58:47.544734,15cedc7a9730972b927f01fdf3bc98946ca1b50a,bellman,16x16,23999,-0.0007961323717609048,0.007377155119749545,1.0,0,0,0,,,0.2606526627392335
20260123_224946,2026-01-23T22:58:48.418231,15cedc7a9730972b927f01fdf3bc98946ca1b50a,bellman,16x16,24099,0.00014252027904149145,0.0073584817655569165,1.0,0,0,0,,,0.2515674137211703
20260123_224946,2026-01-23T22:58:49.373787,15cedc7a9730972b927f01fdf3bc98946ca1b50a,bellman,16x16,24199,0.0007147110882215202,0.00823372770729577,1.0,0,0,0,,,0.2590499453989728
20260123_224946,2026-01-23T22:58:50.245520,15cedc7a9730972b927f01fdf3bc98946ca1b50a,bellman,16x16,24299,0.000735958106815815,0.007797647963240024,1.0,0,0,0,,,0.25207592344977486
20260123_224946,2026-01-23T22:58:51.068396,15cedc7a9730972b927f01fdf3bc98946ca1b50a,bellman,16x16,24399,0.001223407918587327,0.007128682214561763,1.0,0,0,0,,,0.24327947730166138
20260123_224946,2026-01-23T22:58:51.897518,15cedc7a9730972b927f01fdf3bc98946ca1b50a,bellman,16x16,24499,-0.00026151127531193197,0.0074431900536512784,1.0,0,0,0,,,0.25602918869185326
20260123_224946,2026-01-23T22:58:52.775454,15cedc7a9730972b927f01fdf3bc98946ca1b50a,bellman,16x16,24599,-0.0010514716850593686,0.006456786065974711,1.0,0,0,0,,,0.24127468028796517
20260123_224946,2026-01-23T22:58:53.613712,15cedc7a9730972b927f01fdf3bc98946ca1b50a,bellman,16x16,24699,-0.0005422817193903029,0.006586097847076644,1.0,0,0,0,,,0.2450435534320367
20260123_224946,2026-01-23T22:58:54.440977,15cedc7a9730972b927f01fdf3bc98946ca1b50a,bellman,16x16,24799,0.00036495260428637266,0.007303923150723222,1.0,0,0,0,,,0.2584577869083965
20260123_224946,2026-01-23T22:58:55.269313,15cedc7a9730972b927f01fdf3bc98946ca1b50a,bellman,16x16,24899,0.0017644165782257915,0.0079860184609106,1.0,0,0,0,,,0.25948030009840767
20260123_224946,2026-01-23T22:58:56.096762,15cedc7a9730972b927f01fdf3bc98946ca1b50a,bellman,16x16,24999,0.0008511305786669254,0.008008002055897237,1.0,0,0,0,,,0.25530907276093395
20260123_224946,2026-01-23T22:58:56.921880,15cedc7a9730972b927f01fdf3bc98946ca1b50a,bellman,16x16,25099,-0.0002211315295426175,0.008986639051773864,1.0,0,0,0,,,0.26129519718500355
20260123_224946,2026-01-23T22:58:57.750986,15cedc7a9730972b927f01fdf3bc98946ca1b50a,bellman,16x16,25199,-7.199025276349857e-05,0.0070927695639466035,1.0,0,0,0,,,0.2448253335964193
20260123_224946,2026-01-23T22:58:58.615711,15cedc7a9730972b927f01fdf3bc98946ca1b50a,bellman,16x16,25299,-0.00031363926245830953,0.007713858396703017,1.0,0,0,0,,,0.2532637519427871
20260123_224946,2026-01-23T22:58:59.441210,15cedc7a9730972b927f01fdf3bc98946ca1b50a,bellman,16x16,25399,-0.0008460088865831494,0.008702810045672891,1.0,0,0,0,,,0.25105879051404517
20260123_224946,2026-01-23T22:59:00.268808,15cedc7a9730972b927f01fdf3bc98946ca1b50a,bellman,16x16,25499,-0.0008037946536205709,0.008127503059922674,1.0,0,0,0,,,0.25571691111461803
20260123_224946,2026-01-23T22:59:01.134404,15cedc7a9730972b927f01fdf3bc98946ca1b50a,bellman,16x16,25599,0.0005788620910607278,0.007910271311799307,1.0,0,0,0,,,0.2526939972583244
20260123_224946,2026-01-23T22:59:01.967782,15cedc7a9730972b927f01fdf3bc98946ca1b50a,bellman,16x16,25699,-0.00025213370099663734,0.007443619255481053,1.0,0,0,0,,,0.2598326342309554
20260123_224946,2026-01-23T22:59:02.898785,15cedc7a9730972b927f01fdf3bc98946ca1b50a,bellman,16x16,25799,0.0003229645371902734,0.0070496140799951946,1.0,0,0,0,,,0.24034753238517584
20260123_224946,2026-01-23T22:59:03.790516,15cedc7a9730972b927f01fdf3bc98946ca1b50a,bellman,16x16,25899,-6.40821672277525e-05,0.007042581079895171,1.0,0,0,0,,,0.2568271040728096
20260123_224946,2026-01-23T22:59:04.651773,15cedc7a9730972b927f01fdf3bc98946ca1b50a,bellman,16x16,25999,-0.00046520979958586395,0.006188161142683271,1.0,0,0,0,,,0.22359812982249164
20260123_224946,2026-01-23T22:59:05.486609,15cedc7a9730972b927f01fdf3bc98946ca1b50a,bellman,16x16,26099,0.0010849859099835157,0.007788129404895585,1.0,0,0,0,,,0.251047301066107
20260123_224946,2026-01-23T22:59:06.306403,15cedc7a9730972b927f01fdf3bc98946ca1b50a,bellman,16x16,26199,-0.0004104796389583498,0.0075866910646038834,1.0,0,0,0,,,0.25695234650380516
20260123_224946,2026-01-23T22:59:07.080014,15cedc7a9730972b927f01fdf3bc98946ca1b50a,bellman,16x16,26299,0.0010839723981916904,0.0068610218311289375,1.0,0,0,0,,,0.254439473363762
20260123_224946,2026-01-23T22:59:08.029382,15cedc7a9730972b927f01fdf3bc98946ca1b50a,bellman,16x16,26399,0.001688253367319703,0.007177279206906064,1.0,0,0,0,,,0.2552964511978322
20260123_224946,2026-01-23T22:59:08.907138,15cedc7a9730972b927f01fdf3bc98946ca1b50a,bellman,16x16,26499,7.927334809210151e-05,0.007532201523832782,1.0,0,0,0,,,0.2623949418938315
20260123_224946,2026-01-23T22:59:09.828328,15cedc7a9730972b927f01fdf3bc98946ca1b50a,bellman,16x16,26599,0.0010196951916441321,0.0074685965676349044,1.0,0,0,0,,,0.25462706910974026
20260123_224946,2026-01-23T22:59:10.642196,15cedc7a9730972b927f01fdf3bc98946ca1b50a,bellman,16x16,26699,0.000616304692812264,0.007399288390978427,1.0,0,0,0,,,0.23700577043285662
20260123_224946,2026-01-23T22:59:11.461610,15cedc7a9730972b927f01fdf3bc98946ca1b50a,bellman,16x16,26799,0.0016074222512543201,0.007437944154475531,1.0,0,0,0,,,0.2541132307639472
20260123_224946,2026-01-23T22:59:12.407408,15cedc7a9730972b927f01fdf3bc98946ca1b50a,bellman,16x16,26899,-0.0009230885771103203,0.008301234977106447,1.0,0,0,0,,,0.2600935902669012
20260123_224946,2026-01-23T22:59:13.196730,15cedc7a9730972b927f01fdf3bc98946ca1b50a,bellman,16x16,26999,0.0007298968266695738,0.00784795164669788,1.0,0,0,0,,,0.25542473522874387
20260123_224946,2026-01-23T22:59:14.152976,15cedc7a9730972b927f01fdf3bc98946ca1b50a,bellman,16x16,27099,0.001092080376110971,0.008108850423590185,1.0,0,0,0,,,0.26388841563759347
20260123_224946,2026-01-23T22:59:15.060340,15cedc7a9730972b927f01fdf3bc98946ca1b50a,bellman,16x16,27199,0.000247727963142097,0.007630251422217498,1.0,0,0,0,,,0.26011088765143386
20260123_224946,2026-01-23T22:59:15.838541,15cedc7a9730972b927f01fdf3bc98946ca1b50a,bellman,16x16,27299,-0.0006207022815942764,0.0071857177692561435,1.0,0,0,0,,,0.24603671231594304
20260123_224946,2026-01-23T22:59:16.615116,15cedc7a9730972b927f01fdf3bc98946ca1b50a,bellman,16x16,27399,-0.0009254289325326681,0.007779841944201849,1.0,0,0,0,,,0.24739426782447843
20260123_224946,2026-01-23T22:59:17.452497,15cedc7a9730972b927f01fdf3bc98946ca1b50a,bellman,16x16,27499,0.0020063782576471567,0.008185854408434352,1.0,0,0,0,,,0.269720677224071
20260123_224946,2026-01-23T22:59:18.306766,15cedc7a9730972b927f01fdf3bc98946ca1b50a,bellman,16x16,27599,-0.0004817872541025281,0.007699025285303378,1.0,0,0,0,,,0.2544282172767247
20260123_224946,2026-01-23T22:59:19.085618,15cedc7a9730972b927f01fdf3bc98946ca1b50a,bellman,16x16,27699,0.00043817906407639384,0.007273137410553545,1.0,0,0,0,,,0.2622309772290744
20260123_224946,2026-01-23T22:59:19.940730,15cedc7a9730972b927f01fdf3bc98946ca1b50a,bellman,16x16,27799,0.00046613102313131094,0.007947780054270197,1.0,0,0,0,,,0.26392816736328917
20260123_224946,2026-01-23T22:59:20.667564,15cedc7a9730972b927f01fdf3bc98946ca1b50a,bellman,16x16,27899,-0.0004957417258992791,0.007504688750224773,1.0,0,0,0,,,0.2635610323707661
20260123_224946,2026-01-23T22:59:21.436452,15cedc7a9730972b927f01fdf3bc98946ca1b50a,bellman,16x16,27999,-9.963999036699533e-05,0.006737384001853002,1.0,0,0,0,,,0.26528289735767974
20260123_224946,2026-01-23T22:59:22.265485,15cedc7a9730972b927f01fdf3bc98946ca1b50a,bellman,16x16,28099,0.0011221098247915506,0.0075953103353731425,1.0,0,0,0,,,0.2648211512967545
20260123_224946,2026-01-23T22:59:23.092867,15cedc7a9730972b927f01fdf3bc98946ca1b50a,bellman,16x16,28199,0.00027013648650608957,0.006843713030570484,1.0,0,0,0,,,0.25128946229388094
20260123_224946,2026-01-23T22:59:23.925308,15cedc7a9730972b927f01fdf3bc98946ca1b50a,bellman,16x16,28299,0.0005389817524701357,0.007016388932156587,1.0,0,0,0,,,0.25099335895350017
20260123_224946,2026-01-23T22:59:24.762351,15cedc7a9730972b927f01fdf3bc98946ca1b50a,bellman,16x16,28399,-4.252500366419554e-05,0.0071871942696026285,1.0,0,0,0,,,0.24308336296003671
20260123_224946,2026-01-23T22:59:25.646933,15cedc7a9730972b927f01fdf3bc98946ca1b50a,bellman,16x16,28499,0.00013973514433018863,0.007247786440893265,1.0,0,0,0,,,0.2467066909794108
20260123_224946,2026-01-23T22:59:26.613601,15cedc7a9730972b927f01fdf3bc98946ca1b50a,bellman,16x16,28599,-4.632652417058125e-05,0.007593790294966425,1.0,0,0,0,,,0.25711876017899055
20260123_224946,2026-01-23T22:59:27.441661,15cedc7a9730972b927f01fdf3bc98946ca1b50a,bellman,16x16,28699,0.000358247576514259,0.0067073349293821135,1.0,0,0,0,,,0.250851590728124
20260123_224946,2026-01-23T22:59:28.292682,15cedc7a9730972b927f01fdf3bc98946ca1b50a,bellman,16x16,28799,0.0004429990367498249,0.006733891044232792,1.0,0,0,0,,,0.25254870361147136
20260123_224946,2026-01-23T22:59:29.208594,15cedc7a9730972b927f01fdf3bc98946ca1b50a,bellman,16x16,28899,2.244116876681801e-05,0.006956636285760851,1.0,0,0,0,,,0.25905035627873996
20260123_224946,2026-01-23T22:59:29.984082,15cedc7a9730972b927f01fdf3bc98946ca1b50a,bellman,16x16,28999,0.0011848234571516514,0.007045045550262898,1.0,0,0,0,,,0.2521958738342598
20260123_224946,2026-01-23T22:59:30.741018,15cedc7a9730972b927f01fdf3bc98946ca1b50a,bellman,16x16,29099,0.0008592301164753735,0.007036249176065894,1.0,0,0,0,,,0.2493580981283448
20260123_224946,2026-01-23T22:59:31.664118,15cedc7a9730972b927f01fdf3bc98946ca1b50a,bellman,16x16,29199,0.0019108577398583293,0.006938167049581239,1.0,0,0,0,,,0.26550489581585884
20260123_224946,2026-01-23T22:59:32.500363,15cedc7a9730972b927f01fdf3bc98946ca1b50a,bellman,16x16,29299,-0.0005751769058406353,0.004314073282867525,1.0,0,0,0,,,0.1704006215589533
20260123_224946,2026-01-23T22:59:33.460578,15cedc7a9730972b927f01fdf3bc98946ca1b50a,bellman,16x16,29399,-0.000308312417473644,0.004725506663291412,1.0,0,0,0,,,0.2126413285354289
20260123_224946,2026-01-23T22:59:34.460874,15cedc7a9730972b927f01fdf3bc98946ca1b50a,bellman,16x16,29499,0.001936966786161065,0.004997162516467597,1.0,0,0,0,,,0.22753865741902526
20260123_224946,2026-01-23T22:59:35.314964,15cedc7a9730972b927f01fdf3bc98946ca1b50a,bellman,16x16,29599,0.001018208684399724,0.0054359360886959964,1.0,0,0,0,,,0.22644353810765896
20260123_224946,2026-01-23T22:59:36.182430,15cedc7a9730972b927f01fdf3bc98946ca1b50a,bellman,16x16,29699,-0.00027200524345971644,0.005475453071116192,1.0,0,0,0,,,0.23370902172270175
20260123_224946,2026-01-23T22:59:37.079448,15cedc7a9730972b927f01fdf3bc98946ca1b50a,bellman,16x16,29799,0.0006410605274140835,0.005444498928890766,1.0,0,0,0,,,0.24666514538172735
20260123_224946,2026-01-23T22:59:37.973352,15cedc7a9730972b927f01fdf3bc98946ca1b50a,bellman,16x16,29899,0.001620102790184319,0.006100124343027744,1.0,0,0,0,,,0.2535748844652075
20260123_224946,2026-01-23T22:59:38.842333,15cedc7a9730972b927f01fdf3bc98946ca1b50a,bellman,16x16,29999,0.0007150410092435777,0.005684294360200966,1.0,0,0,0,,,0.24688027012109054
20260123_224946,2026-01-23T22:59:39.681803,15cedc7a9730972b927f01fdf3bc98946ca1b50a,bellman,16x16,30099,0.0021688342094421387,0.007156199089658628,1.0,0,0,0,,,0.2547949785311956
20260123_224946,2026-01-23T22:59:40.564734,15cedc7a9730972b927f01fdf3bc98946ca1b50a,bellman,16x16,30199,0.0014130115741863847,0.006206555929477418,1.0,0,0,0,,,0.2521873482063334
20260123_224946,2026-01-23T22:59:41.338369,15cedc7a9730972b927f01fdf3bc98946ca1b50a,bellman,16x16,30299,0.0002773909945972264,0.006916988382854186,1.0,0,0,0,,,0.2539358742708443
20260123_224946,2026-01-23T22:59:42.110152,15cedc7a9730972b927f01fdf3bc98946ca1b50a,bellman,16x16,30399,0.001184773282147944,0.006031999207482954,1.0,0,0,0,,,0.24423082290988196
20260123_224946,2026-01-23T22:59:42.891440,15cedc7a9730972b927f01fdf3bc98946ca1b50a,bellman,16x16,30499,0.0006372335483320057,0.005813209794105774,1.0,0,0,0,,,0.24856264521510268
20260123_224946,2026-01-23T22:59:43.668720,15cedc7a9730972b927f01fdf3bc98946ca1b50a,bellman,16x16,30599,0.00010456198651809245,0.006264041064004573,1.0,0,0,0,,,0.2523880731363396
20260123_224946,2026-01-23T22:59:44.440245,15cedc7a9730972b927f01fdf3bc98946ca1b50a,bellman,16x16,30699,0.0005225208587944508,0.006446586237471479,1.0,0,0,0,,,0.2582634317523294
20260123_224946,2026-01-23T22:59:45.338560,15cedc7a9730972b927f01fdf3bc98946ca1b50a,bellman,16x16,30799,0.0005887176957912743,0.006477969257170457,1.0,0,0,0,,,0.24340650206786435
20260123_224946,2026-01-23T22:59:46.195206,15cedc7a9730972b927f01fdf3bc98946ca1b50a,bellman,16x16,30899,0.000993495574221015,0.006508763715562793,1.0,0,0,0,,,0.2532423948258965
20260123_224946,2026-01-23T22:59:47.130084,15cedc7a9730972b927f01fdf3bc98946ca1b50a,bellman,16x16,30999,-7.822290353942662e-05,0.00644229117195124,1.0,0,0,0,,,0.2537112105184903
20260123_224946,2026-01-23T22:59:48.057210,15cedc7a9730972b927f01fdf3bc98946ca1b50a,bellman,16x16,31099,0.0010098813800141215,0.006327653523711661,1.0,0,0,0,,,0.2511639503745191
20260123_224946,2026-01-23T22:59:48.895181,15cedc7a9730972b927f01fdf3bc98946ca1b50a,bellman,16x16,31199,-0.0006256077322177589,0.005768970412311773,1.0,0,0,0,,,0.26457174398668015
20260123_224946,2026-01-23T22:59:49.727900,15cedc7a9730972b927f01fdf3bc98946ca1b50a,bellman,16x16,31299,-0.0008749742992222309,0.006466377681444726,1.0,0,0,0,,,0.2616834139805031
20260123_224946,2026-01-23T22:59:50.615602,15cedc7a9730972b927f01fdf3bc98946ca1b50a,bellman,16x16,31399,0.003965489100664854,0.007545505112361752,1.0,0,0,0,,,0.24750200421335875
20260123_224946,2026-01-23T22:59:51.444364,15cedc7a9730972b927f01fdf3bc98946ca1b50a,bellman,16x16,31499,0.0005783737287856638,0.007744948913844496,1.0,0,0,0,,,0.2605987787480089
20260123_224946,2026-01-23T22:59:52.277646,15cedc7a9730972b927f01fdf3bc98946ca1b50a,bellman,16x16,31599,-0.0012033919338136911,0.006535139685376521,1.0,0,0,0,,,0.260471423963886
20260123_224946,2026-01-23T22:59:53.155214,15cedc7a9730972b927f01fdf3bc98946ca1b50a,bellman,16x16,31699,-0.001109207863919437,0.007250255806127086,1.0,0,0,0,,,0.25484578979776745
20260123_224946,2026-01-23T22:59:54.128276,15cedc7a9730972b927f01fdf3bc98946ca1b50a,bellman,16x16,31799,-0.0004518915375228971,0.007008967688109919,1.0,0,0,0,,,0.2590337094115318
20260123_224946,2026-01-23T22:59:55.028566,15cedc7a9730972b927f01fdf3bc98946ca1b50a,bellman,16x16,31899,0.0006405126769095659,0.006643884286953608,1.0,0,0,0,,,0.26189102276558796
20260123_224946,2026-01-23T22:59:55.854469,15cedc7a9730972b927f01fdf3bc98946ca1b50a,bellman,16x16,31999,-0.0002459123788867146,0.0067988043656305305,1.0,0,0,0,,,0.25672236203460497
20260123_224946,2026-01-23T22:59:56.776940,15cedc7a9730972b927f01fdf3bc98946ca1b50a,bellman,16x16,32099,-4.822121263714507e-05,0.0071163049487171295,1.0,0,0,0,,,0.2604135296799348
20260123_224946,2026-01-23T22:59:57.717293,15cedc7a9730972b927f01fdf3bc98946ca1b50a,bellman,16x16,32199,0.0006354951183311641,0.007156943558794637,1.0,0,0,0,,,0.2623165056617576
20260123_224946,2026-01-23T22:59:58.644331,15cedc7a9730972b927f01fdf3bc98946ca1b50a,bellman,16x16,32299,0.0009780969703570008,0.007050028521034051,1.0,0,0,0,,,0.26345086452431715
20260123_224946,2026-01-23T22:59:59.573290,15cedc7a9730972b927f01fdf3bc98946ca1b50a,bellman,16x16,32399,0.0010185997234657407,0.006939364579957328,1.0,0,0,0,,,0.2564192878902153
20260123_224946,2026-01-23T23:00:00.511931,15cedc7a9730972b927f01fdf3bc98946ca1b50a,bellman,16x16,32499,0.0008520601550117135,0.00710151047935824,1.0,0,0,0,,,0.24332873073076705
20260123_224946,2026-01-23T23:00:01.386700,15cedc7a9730972b927f01fdf3bc98946ca1b50a,bellman,16x16,32599,0.00044424465158954263,0.006475703740223366,1.0,0,0,0,,,0.2530745625438062
20260123_224946,2026-01-23T23:00:02.229787,15cedc7a9730972b927f01fdf3bc98946ca1b50a,bellman,16x16,32699,0.00022720724518876523,0.0075785265440407555,1.0,0,0,0,,,0.2604547210113668
20260123_224946,2026-01-23T23:00:03.024540,15cedc7a9730972b927f01fdf3bc98946ca1b50a,bellman,16x16,32799,0.001386461895890534,0.007432546393687857,1.0,0,0,0,,,0.25580286084031545
20260123_224946,2026-01-23T23:00:03.875623,15cedc7a9730972b927f01fdf3bc98946ca1b50a,bellman,16x16,32899,-0.00010938436025753617,0.007944671941315278,1.0,0,0,0,,,0.25396544494582074
20260123_224946,2026-01-23T23:00:04.823922,15cedc7a9730972b927f01fdf3bc98946ca1b50a,bellman,16x16,32999,0.002277461113408208,0.007354970898236957,1.0,0,0,0,,,0.254132039215863
20260123_224946,2026-01-23T23:00:05.781014,15cedc7a9730972b927f01fdf3bc98946ca1b50a,bellman,16x16,33099,0.0006068410584703088,0.006654622313346863,1.0,0,0,0,,,0.2683727356287372
20260123_224946,2026-01-23T23:00:06.672587,15cedc7a9730972b927f01fdf3bc98946ca1b50a,bellman,16x16,33199,0.0006932936958037317,0.007242599527084508,1.0,0,0,0,,,0.2510341856003071
20260123_224946,2026-01-23T23:00:07.498789,15cedc7a9730972b927f01fdf3bc98946ca1b50a,bellman,16x16,33299,0.0011325993109494448,0.007021606316321823,1.0,0,0,0,,,0.2554561252785148
20260123_224946,2026-01-23T23:00:08.371845,15cedc7a9730972b927f01fdf3bc98946ca1b50a,bellman,16x16,33399,8.924876601668075e-05,0.007192767628463343,1.0,0,0,0,,,0.26801587916616665
20260123_224946,2026-01-23T23:00:09.212934,15cedc7a9730972b927f01fdf3bc98946ca1b50a,bellman,16x16,33499,0.0009762497502379119,0.007674529476618091,1.0,0,0,0,,,0.26399266605029936
20260123_224946,2026-01-23T23:00:09.995880,15cedc7a9730972b927f01fdf3bc98946ca1b50a,bellman,16x16,33599,0.001013464410789311,0.006980348428093634,1.0,0,0,0,,,0.2609846480814223
20260123_224946,2026-01-23T23:00:10.877916,15cedc7a9730972b927f01fdf3bc98946ca1b50a,bellman,16x16,33699,0.0013604614650830626,0.007175335556367486,1.0,0,0,0,,,0.2598146610581558
20260123_224946,2026-01-23T23:00:11.766562,15cedc7a9730972b927f01fdf3bc98946ca1b50a,bellman,16x16,33799,-0.0006556336884386837,0.0077622131619745,1.0,0,0,0,,,0.2618413908310001
20260123_224946,2026-01-23T23:00:12.596626,15cedc7a9730972b927f01fdf3bc98946ca1b50a,bellman,16x16,33899,0.000713594607077539,0.007107799944562885,1.0,0,0,0,,,0.265973494864798
20260123_224946,2026-01-23T23:00:13.370562,15cedc7a9730972b927f01fdf3bc98946ca1b50a,bellman,16x16,33999,-0.00014074586215429008,0.007380048979521234,1.0,0,0,0,,,0.25776209451871235
20260123_224946,2026-01-23T23:00:14.253557,15cedc7a9730972b927f01fdf3bc98946ca1b50a,bellman,16x16,34099,0.0019126194529235363,0.006449307347750164,1.0,0,0,0,,,0.2652529545722718
20260123_224946,2026-01-23T23:00:15.123340,15cedc7a9730972b927f01fdf3bc98946ca1b50a,bellman,16x16,34199,0.00019087571126874536,0.006197156433845521,1.0,0,0,0,,,0.24933457966593536
20260123_224946,2026-01-23T23:00:15.951982,15cedc7a9730972b927f01fdf3bc98946ca1b50a,bellman,16x16,34299,-0.0006587682873941958,0.008013350352478597,1.0,0,0,0,,,0.27467554568333297
20260123_224946,2026-01-23T23:00:16.794593,15cedc7a9730972b927f01fdf3bc98946ca1b50a,bellman,16x16,34399,0.00017936340009327978,0.007108995928198283,1.0,0,0,0,,,0.2563484156342237
20260123_224946,2026-01-23T23:00:17.693217,15cedc7a9730972b927f01fdf3bc98946ca1b50a,bellman,16x16,34499,-0.0004718995187431574,0.007484421698597999,1.0,0,0,0,,,0.24923275053894162
20260123_224946,2026-01-23T23:00:18.521096,15cedc7a9730972b927f01fdf3bc98946ca1b50a,bellman,16x16,34599,0.0006321429973468184,0.0075363809876944285,1.0,0,0,0,,,0.2647861166355945
20260123_224946,2026-01-23T23:00:19.350452,15cedc7a9730972b927f01fdf3bc98946ca1b50a,bellman,16x16,34699,-0.0005969756748527288,0.007609552457234372,1.0,0,0,0,,,0.256883296392284
20260123_224946,2026-01-23T23:00:20.234866,15cedc7a9730972b927f01fdf3bc98946ca1b50a,bellman,16x16,34799,0.001337364548817277,0.0070012317505563715,1.0,0,0,0,,,0.26114608242169596
20260123_224946,2026-01-23T23:00:21.138271,15cedc7a9730972b927f01fdf3bc98946ca1b50a,bellman,16x16,34899,-0.0006855725659988821,0.00814381063912549,1.0,0,0,0,,,0.26525551762656957
20260123_224946,2026-01-23T23:00:21.962827,15cedc7a9730972b927f01fdf3bc98946ca1b50a,bellman,16x16,34999,0.00016453755961265415,0.007934270163403312,1.0,0,0,0,,,0.25185329253674993
20260123_224946,2026-01-23T23:00:22.840476,15cedc7a9730972b927f01fdf3bc98946ca1b50a,bellman,16x16,35099,0.0019881660118699074,0.006412737359892162,1.0,0,0,0,,,0.2514925062154464
20260123_224946,2026-01-23T23:00:23.611887,15cedc7a9730972b927f01fdf3bc98946ca1b50a,bellman,16x16,35199,-0.00012356184015516192,0.007171760006237378,1.0,0,0,0,,,0.24651677857050824
20260123_224946,2026-01-23T23:00:24.506447,15cedc7a9730972b927f01fdf3bc98946ca1b50a,bellman,16x16,35299,0.00046741164987906814,0.006925452909804335,1.0,0,0,0,,,0.25668980322078405
20260123_224946,2026-01-23T23:00:25.342721,15cedc7a9730972b927f01fdf3bc98946ca1b50a,bellman,16x16,35399,0.00014707409718539566,0.007480520444348144,1.0,0,0,0,,,0.26408803994472785
20260123_224946,2026-01-23T23:00:26.115982,15cedc7a9730972b927f01fdf3bc98946ca1b50a,bellman,16x16,35499,0.0010219253599643707,0.0070748304943185755,1.0,0,0,0,,,0.24623744033840622
20260123_224946,2026-01-23T23:00:26.882208,15cedc7a9730972b927f01fdf3bc98946ca1b50a,bellman,16x16,35599,0.0018574967980384827,0.007027383848004547,1.0,0,0,0,,,0.2555335956835366
20260123_224946,2026-01-23T23:00:27.706530,15cedc7a9730972b927f01fdf3bc98946ca1b50a,bellman,16x16,35699,-0.00026030352455563843,0.007946789876721141,1.0,0,0,0,,,0.26722486161717895
20260123_224946,2026-01-23T23:00:28.657033,15cedc7a9730972b927f01fdf3bc98946ca1b50a,bellman,16x16,35799,0.0005714516737498343,0.00743414951752527,1.0,0,0,0,,,0.25404839462391804
20260123_224946,2026-01-23T23:00:29.765098,15cedc7a9730972b927f01fdf3bc98946ca1b50a,bellman,16x16,35899,0.0009210453717969358,0.006638638308619989,1.0,0,0,0,,,0.26682568282155056
20260123_224946,2026-01-23T23:00:30.834126,15cedc7a9730972b927f01fdf3bc98946ca1b50a,bellman,16x16,35999,-8.115106902550906e-05,0.007254276656952925,1.0,0,0,0,,,0.26462520866250216
20260123_224946,2026-01-23T23:00:31.933365,15cedc7a9730972b927f01fdf3bc98946ca1b50a,bellman,16x16,36099,-0.0014850192237645388,0.006849554339490282,1.0,0,0,0,,,0.2596595581240473
20260123_224946,2026-01-23T23:00:32.914592,15cedc7a9730972b927f01fdf3bc98946ca1b50a,bellman,16x16,36199,0.00012110421084798872,0.006899205998027469,1.0,0,0,0,,,0.2639859861366758
20260123_224946,2026-01-23T23:00:33.818934,15cedc7a9730972b927f01fdf3bc98946ca1b50a,bellman,16x16,36299,0.0002795369364321232,0.007250491459633395,1.0,0,0,0,,,0.25670184037654653
20260123_224946,2026-01-23T23:00:34.672368,15cedc7a9730972b927f01fdf3bc98946ca1b50a,bellman,16x16,36399,0.0010782514000311494,0.007607488190275831,1.0,0,0,0,,,0.25649665168079133
20260123_224946,2026-01-23T23:00:35.472068,15cedc7a9730972b927f01fdf3bc98946ca1b50a,bellman,16x16,36499,0.001035100780427456,0.008165857447186226,1.0,0,0,0,,,0.2615536923931651
20260123_224946,2026-01-23T23:00:36.410704,15cedc7a9730972b927f01fdf3bc98946ca1b50a,bellman,16x16,36599,0.0012063967296853662,0.007303137684107242,1.0,0,0,0,,,0.2615080914118417
20260123_224946,2026-01-23T23:00:37.309423,15cedc7a9730972b927f01fdf3bc98946ca1b50a,bellman,16x16,36699,-0.00023228918144013733,0.007185945141247885,1.0,0,0,0,,,0.26212962391835604
20260123_224946,2026-01-23T23:00:38.206362,15cedc7a9730972b927f01fdf3bc98946ca1b50a,bellman,16x16,36799,-0.0012096728896722198,0.0076361461151293495,1.0,0,0,0,,,0.2658500714025329
20260123_224946,2026-01-23T23:00:39.257246,15cedc7a9730972b927f01fdf3bc98946ca1b50a,bellman,16x16,36899,0.0005476722144521773,0.007290032143735629,1.0,0,0,0,,,0.25902512840912195
20260123_224946,2026-01-23T23:00:40.153183,15cedc7a9730972b927f01fdf3bc98946ca1b50a,bellman,16x16,36999,0.002657325239852071,0.006962349909739203,1.0,0,0,0,,,0.2516318381918101
20260123_224946,2026-01-23T23:00:41.068267,15cedc7a9730972b927f01fdf3bc98946ca1b50a,bellman,16x16,37099,0.0010366981150582433,0.007188720873307375,1.0,0,0,0,,,0.26858406165105536
20260123_224946,2026-01-23T23:00:41.932706,15cedc7a9730972b927f01fdf3bc98946ca1b50a,bellman,16x16,37199,0.00013295076496433467,0.00744630321921818,1.0,0,0,0,,,0.259201334336728
20260123_224946,2026-01-23T23:00:42.837104,15cedc7a9730972b927f01fdf3bc98946ca1b50a,bellman,16x16,37299,-0.0003478613798506558,0.0074645775290559865,1.0,0,0,0,,,0.2599955472475294
20260123_224946,2026-01-23T23:00:43.698011,15cedc7a9730972b927f01fdf3bc98946ca1b50a,bellman,16x16,37399,0.0007545774569734931,0.007729833150024774,1.0,0,0,0,,,0.26076407901843884
20260123_224946,2026-01-23T23:00:44.741276,15cedc7a9730972b927f01fdf3bc98946ca1b50a,bellman,16x16,37499,-0.0014768745750188828,0.007858370160610662,1.0,0,0,0,,,0.2643204428482454
20260123_224946,2026-01-23T23:00:45.782797,15cedc7a9730972b927f01fdf3bc98946ca1b50a,bellman,16x16,37599,0.0007641666452400386,0.006797716551508301,1.0,0,0,0,,,0.26245852744544906
20260123_224946,2026-01-23T23:00:46.724056,15cedc7a9730972b927f01fdf3bc98946ca1b50a,bellman,16x16,37699,0.0020138882100582123,0.0070820846341217705,1.0,0,0,0,,,0.2677177770097671
20260123_224946,2026-01-23T23:00:47.818793,15cedc7a9730972b927f01fdf3bc98946ca1b50a,bellman,16x16,37799,0.0014246637001633644,0.006626731219295152,1.0,0,0,0,,,0.2579229709820172
20260123_224946,2026-01-23T23:00:48.738635,15cedc7a9730972b927f01fdf3bc98946ca1b50a,bellman,16x16,37899,0.00034694612259045243,0.006530077257439757,1.0,0,0,0,,,0.2565088172055201
20260123_224946,2026-01-23T23:00:49.785308,15cedc7a9730972b927f01fdf3bc98946ca1b50a,bellman,16x16,37999,0.0009483747999183834,0.007408876822124171,1.0,0,0,0,,,0.2657392376357608
20260123_224946,2026-01-23T23:00:50.631783,15cedc7a9730972b927f01fdf3bc98946ca1b50a,bellman,16x16,38099,-0.0009550000540912151,0.0073753619257217904,1.0,0,0,0,,,0.26409025088106963
20260123_224946,2026-01-23T23:00:51.493586,15cedc7a9730972b927f01fdf3bc98946ca1b50a,bellman,16x16,38199,0.0014119407860562205,0.006942490757951987,1.0,0,0,0,,,0.2625209715462272
20260123_224946,2026-01-23T23:00:52.350281,15cedc7a9730972b927f01fdf3bc98946ca1b50a,bellman,16x16,38299,0.000512616999913007,0.007463300110709952,1.0,0,0,0,,,0.26238783734788346
20260123_224946,2026-01-23T23:00:53.438351,15cedc7a9730972b927f01fdf3bc98946ca1b50a,bellman,16x16,38399,-0.0010524119716137648,0.006661591529044699,1.0,0,0,0,,,0.2655910806587024
20260123_224946,2026-01-23T23:00:54.528469,15cedc7a9730972b927f01fdf3bc98946ca1b50a,bellman,16x16,38499,0.0011230496456846595,0.007154048794171502,1.0,0,0,0,,,0.2504456179182859
20260123_224946,2026-01-23T23:00:55.642621,15cedc7a9730972b927f01fdf3bc98946ca1b50a,bellman,16x16,38599,0.0007768191280774772,0.007093131803170536,1.0,0,0,0,,,0.25258974509123816
20260123_224946,2026-01-23T23:00:56.587098,15cedc7a9730972b927f01fdf3bc98946ca1b50a,bellman,16x16,38699,0.0003598614130169153,0.007194567726244259,1.0,0,0,0,,,0.2553759714254661
20260123_224946,2026-01-23T23:00:57.483192,15cedc7a9730972b927f01fdf3bc98946ca1b50a,bellman,16x16,38799,0.002203769749030471,0.006829632880537701,1.0,0,0,0,,,0.2534283144734093
20260123_224946,2026-01-23T23:00:58.424284,15cedc7a9730972b927f01fdf3bc98946ca1b50a,bellman,16x16,38899,0.00014160895079839975,0.007301498751601798,1.0,0,0,0,,,0.2641762677605227
20260123_224946,2026-01-23T23:00:59.310939,15cedc7a9730972b927f01fdf3bc98946ca1b50a,bellman,16x16,38999,0.000502717331983149,0.007775261590220453,1.0,0,0,0,,,0.2676267971819894
20260123_224946,2026-01-23T23:01:00.220552,15cedc7a9730972b927f01fdf3bc98946ca1b50a,bellman,16x16,39099,0.00020128123287577182,0.008120244933563754,1.0,0,0,0,,,0.2702966592764878
20260123_224946,2026-01-23T23:01:01.117787,15cedc7a9730972b927f01fdf3bc98946ca1b50a,bellman,16x16,39199,0.00043628091225400567,0.007220088098599717,1.0,0,0,0,,,0.2622743580041723
20260123_224946,2026-01-23T23:01:02.012754,15cedc7a9730972b927f01fdf3bc98946ca1b50a,bellman,16x16,39299,-0.001968195429071784,0.0076595606933307185,1.0,0,0,0,,,0.2642180269748393
20260123_224946,2026-01-23T23:01:02.933777,15cedc7a9730972b927f01fdf3bc98946ca1b50a,bellman,16x16,39399,0.00012080305896233767,0.006967742466484878,1.0,0,0,0,,,0.24554697609234605
20260123_224946,2026-01-23T23:01:03.818179,15cedc7a9730972b927f01fdf3bc98946ca1b50a,bellman,16x16,39499,-0.0006624264060519636,0.007183085852541353,1.0,0,0,0,,,0.2685816081732453
20260123_224946,2026-01-23T23:01:04.743938,15cedc7a9730972b927f01fdf3bc98946ca1b50a,bellman,16x16,39599,-0.00035026585101149976,0.007237952449480361,1.0,0,0,0,,,0.25576846713070356
20260123_224946,2026-01-23T23:01:05.710623,15cedc7a9730972b927f01fdf3bc98946ca1b50a,bellman,16x16,39699,-0.00018576730508357286,0.007224015373629981,1.0,0,0,0,,,0.23772891004721633
20260123_224946,2026-01-23T23:01:06.762076,15cedc7a9730972b927f01fdf3bc98946ca1b50a,bellman,16x16,39799,-8.827797864796594e-05,0.007402434608236775,1.0,0,0,0,,,0.26072116896399133
20260123_224946,2026-01-23T23:01:07.706374,15cedc7a9730972b927f01fdf3bc98946ca1b50a,bellman,16x16,39899,-0.00027588909142650664,0.007335708642264365,1.0,0,0,0,,,0.2586751970274571
20260123_224946,2026-01-23T23:01:08.592880,15cedc7a9730972b927f01fdf3bc98946ca1b50a,bellman,16x16,39999,0.0014799016062170267,0.007336042237584195,1.0,0,0,0,,,0.26075904402036465
20260123_224946,2026-01-23T23:01:09.497237,15cedc7a9730972b927f01fdf3bc98946ca1b50a,bellman,16x16,40099,0.00032421975629404187,0.007613123354073536,1.0,0,0,0,,,0.26571345941318514
20260123_224946,2026-01-23T23:01:10.360325,15cedc7a9730972b927f01fdf3bc98946ca1b50a,bellman,16x16,40199,0.0006808692123740911,0.006855795112082319,1.0,0,0,0,,,0.2584153032153346
20260123_224946,2026-01-23T23:01:11.275465,15cedc7a9730972b927f01fdf3bc98946ca1b50a,bellman,16x16,40299,0.0006902419263496995,0.006968500059210214,1.0,0,0,0,,,0.2736175252641287
20260123_224946,2026-01-23T23:01:12.358353,15cedc7a9730972b927f01fdf3bc98946ca1b50a,bellman,16x16,40399,0.0004344320041127503,0.00708467005020708,1.0,0,0,0,,,0.24908464212880727
20260123_224946,2026-01-23T23:01:13.293345,15cedc7a9730972b927f01fdf3bc98946ca1b50a,bellman,16x16,40499,0.0008322561625391245,0.007827491782431367,1.0,0,0,0,,,0.26735309831417925
20260123_224946,2026-01-23T23:01:14.404038,15cedc7a9730972b927f01fdf3bc98946ca1b50a,bellman,16x16,40599,0.0005333235021680593,0.00743390816277838,1.0,0,0,0,,,0.2564799099040766
20260123_224946,2026-01-23T23:01:15.477768,15cedc7a9730972b927f01fdf3bc98946ca1b50a,bellman,16x16,40699,0.00023242984025273472,0.007361741253749585,1.0,0,0,0,,,0.2667475543840501
20260123_224946,2026-01-23T23:01:16.399351,15cedc7a9730972b927f01fdf3bc98946ca1b50a,bellman,16x16,40799,0.0009668087586760521,0.007024299640392826,1.0,0,0,0,,,0.26571985182331326
20260123_224946,2026-01-23T23:01:17.381003,15cedc7a9730972b927f01fdf3bc98946ca1b50a,bellman,16x16,40899,0.0014647365314885974,0.008247164565257776,1.0,0,0,0,,,0.2665082536938267
20260123_224946,2026-01-23T23:01:18.239556,15cedc7a9730972b927f01fdf3bc98946ca1b50a,bellman,16x16,40999,0.00017390235734637827,0.00772490751929638,1.0,0,0,0,,,0.25580542571166764
20260123_224946,2026-01-23T23:01:19.290777,15cedc7a9730972b927f01fdf3bc98946ca1b50a,bellman,16x16,41099,0.0010957830818369985,0.008349299172251676,1.0,0,0,0,,,0.25997348356592354
20260123_224946,2026-01-23T23:01:20.394423,15cedc7a9730972b927f01fdf3bc98946ca1b50a,bellman,16x16,41199,0.00030002358835190535,0.008420253678805808,1.0,0,0,0,,,0.25765320588031687
20260123_224946,2026-01-23T23:01:21.261310,15cedc7a9730972b927f01fdf3bc98946ca1b50a,bellman,16x16,41299,0.00047191802877932787,0.007457002040082443,1.0,0,0,0,,,0.26844481934651737
20260123_224946,2026-01-23T23:01:22.163208,15cedc7a9730972b927f01fdf3bc98946ca1b50a,bellman,16x16,41399,-0.00044957909267395735,0.006384802769078419,1.0,0,0,0,,,0.25998468440900113
20260123_224946,2026-01-23T23:01:23.019128,15cedc7a9730972b927f01fdf3bc98946ca1b50a,bellman,16x16,41499,-0.00012249631981831044,0.007736935410758008,1.0,0,0,0,,,0.2663419579073213
20260123_224946,2026-01-23T23:01:23.876360,15cedc7a9730972b927f01fdf3bc98946ca1b50a,bellman,16x16,41599,0.00024692711303941905,0.006432247793852639,1.0,0,0,0,,,0.25019963490403363
20260123_224946,2026-01-23T23:01:24.775298,15cedc7a9730972b927f01fdf3bc98946ca1b50a,bellman,16x16,41699,0.0003137823659926653,0.007385816432334877,1.0,0,0,0,,,0.2656193402959377
20260123_224946,2026-01-23T23:01:25.880879,15cedc7a9730972b927f01fdf3bc98946ca1b50a,bellman,16x16,41799,4.737568087875843e-05,0.007329630044675639,1.0,0,0,0,,,0.2603146903444926
20260123_224946,2026-01-23T23:01:26.974914,15cedc7a9730972b927f01fdf3bc98946ca1b50a,bellman,16x16,41899,-0.0004730541550088674,0.006377507956688646,1.0,0,0,0,,,0.25747840774592545
20260123_224946,2026-01-23T23:01:27.867646,15cedc7a9730972b927f01fdf3bc98946ca1b50a,bellman,16x16,41999,0.00023934815544635057,0.007110404718543464,1.0,0,0,0,,,0.27149325264074603
20260123_224946,2026-01-23T23:01:28.855963,15cedc7a9730972b927f01fdf3bc98946ca1b50a,bellman,16x16,42099,0.0005245624925009906,0.007612598662853429,1.0,0,0,0,,,0.26674249231969505
20260123_224946,2026-01-23T23:01:29.704843,15cedc7a9730972b927f01fdf3bc98946ca1b50a,bellman,16x16,42199,0.0005843525868840516,0.006330902047496636,1.0,0,0,0,,,0.26225660244194354
20260123_224946,2026-01-23T23:01:30.549768,15cedc7a9730972b927f01fdf3bc98946ca1b50a,bellman,16x16,42299,-0.000423089339165017,0.007237340003255213,1.0,0,0,0,,,0.2509891044157977
20260123_224946,2026-01-23T23:01:31.429229,15cedc7a9730972b927f01fdf3bc98946ca1b50a,bellman,16x16,42399,0.0009095395798794925,0.006660340053316247,1.0,0,0,0,,,0.24986359831329347
20260123_224946,2026-01-23T23:01:32.302412,15cedc7a9730972b927f01fdf3bc98946ca1b50a,bellman,16x16,42499,0.00028144175303168595,0.0072623257608469775,1.0,0,0,0,,,0.2608181594370924
20260123_224946,2026-01-23T23:01:33.235107,15cedc7a9730972b927f01fdf3bc98946ca1b50a,bellman,16x16,42599,-0.001136671518906951,0.007260833292974667,1.0,0,0,0,,,0.26615562198802684
20260123_224946,2026-01-23T23:01:34.141969,15cedc7a9730972b927f01fdf3bc98946ca1b50a,bellman,16x16,42699,0.0007354214321821928,0.0065448886377024,1.0,0,0,0,,,0.26443757753754765
20260123_224946,2026-01-23T23:01:35.002671,15cedc7a9730972b927f01fdf3bc98946ca1b50a,bellman,16x16,42799,-0.00022299615375231951,0.006973619472441328,1.0,0,0,0,,,0.26224424618701125
20260123_224946,2026-01-23T23:01:35.859476,15cedc7a9730972b927f01fdf3bc98946ca1b50a,bellman,16x16,42899,4.431569323060103e-05,0.0077352494259491774,1.0,0,0,0,,,0.27184846353347425
20260123_224946,2026-01-23T23:01:36.905820,15cedc7a9730972b927f01fdf3bc98946ca1b50a,bellman,16x16,42999,-0.0013065739767625928,0.00772312725722685,1.0,0,0,0,,,0.26880334702476183
20260123_224946,2026-01-23T23:01:37.775773,15cedc7a9730972b927f01fdf3bc98946ca1b50a,bellman,16x16,43099,-0.00025132636073976755,0.007310536688080447,1.0,0,0,0,,,0.25594173365711
20260123_224946,2026-01-23T23:01:38.863950,15cedc7a9730972b927f01fdf3bc98946ca1b50a,bellman,16x16,43199,-0.0003874793474096805,0.007691846547082833,1.0,0,0,0,,,0.271497862067278
20260123_224946,2026-01-23T23:01:39.845192,15cedc7a9730972b927f01fdf3bc98946ca1b50a,bellman,16x16,43299,4.624056600732729e-05,0.006925533155801418,1.0,0,0,0,,,0.2679013018661954
20260123_224946,2026-01-23T23:01:40.698409,15cedc7a9730972b927f01fdf3bc98946ca1b50a,bellman,16x16,43399,-0.0008406555280089378,0.007177958305038885,1.0,0,0,0,,,0.25729512760053647
20260123_224946,2026-01-23T23:01:41.807620,15cedc7a9730972b927f01fdf3bc98946ca1b50a,bellman,16x16,43499,0.0004455746675375849,0.00839135027435816,1.0,0,0,0,,,0.27120565374064154
20260123_224946,2026-01-23T23:01:42.705519,15cedc7a9730972b927f01fdf3bc98946ca1b50a,bellman,16x16,43599,6.686649430776015e-05,0.007901363337852274,1.0,0,0,0,,,0.26003116864536857
20260123_224946,2026-01-23T23:01:43.609549,15cedc7a9730972b927f01fdf3bc98946ca1b50a,bellman,16x16,43699,4.269824785296805e-05,0.007403113639796288,1.0,0,0,0,,,0.2416730324668332
20260123_224946,2026-01-23T23:01:44.467355,15cedc7a9730972b927f01fdf3bc98946ca1b50a,bellman,16x16,43799,0.0004349079099483788,0.004683034104005514,1.0,0,0,0,,,0.2290924524514576
20260123_224946,2026-01-23T23:01:45.353309,15cedc7a9730972b927f01fdf3bc98946ca1b50a,bellman,16x16,43899,2.0712934201583266e-05,0.004698749901326096,1.0,0,0,0,,,0.23944572876447606
20260123_224946,2026-01-23T23:01:46.391949,15cedc7a9730972b927f01fdf3bc98946ca1b50a,bellman,16x16,43999,0.0018786170985549688,0.005668873117849671,1.0,0,0,0,,,0.26137943692870824
20260123_224946,2026-01-23T23:01:47.341202,15cedc7a9730972b927f01fdf3bc98946ca1b50a,bellman,16x16,44099,0.0008397494093514979,0.005882091627262582,1.0,0,0,0,,,0.2392578697364458
20260123_224946,2026-01-23T23:01:48.440102,15cedc7a9730972b927f01fdf3bc98946ca1b50a,bellman,16x16,44199,0.001104308175854385,0.006006411971772536,1.0,0,0,0,,,0.2462571409070341
20260123_224946,2026-01-23T23:01:49.332832,15cedc7a9730972b927f01fdf3bc98946ca1b50a,bellman,16x16,44299,0.0007785173365846276,0.006659017053337379,1.0,0,0,0,,,0.24279557550768757
20260123_224946,2026-01-23T23:01:50.399212,15cedc7a9730972b927f01fdf3bc98946ca1b50a,bellman,16x16,44399,-0.0009869206696748734,0.006573798658411362,1.0,0,0,0,,,0.2663860428898585
20260123_224946,2026-01-23T23:01:51.387675,15cedc7a9730972b927f01fdf3bc98946ca1b50a,bellman,16x16,44499,0.0009618335170671344,0.006610549056983075,1.0,0,0,0,,,0.2509092848153385
20260123_224946,2026-01-23T23:01:52.294511,15cedc7a9730972b927f01fdf3bc98946ca1b50a,bellman,16x16,44599,0.0005909925675950944,0.006011201953522516,1.0,0,0,0,,,0.26679137196911445
20260123_224946,2026-01-23T23:01:53.195861,15cedc7a9730972b927f01fdf3bc98946ca1b50a,bellman,16x16,44699,-0.000994047150015831,0.006420955163580402,1.0,0,0,0,,,0.2597410689404273
20260123_224946,2026-01-23T23:01:54.082268,15cedc7a9730972b927f01fdf3bc98946ca1b50a,bellman,16x16,44799,0.001275565940886736,0.007347896767904843,1.0,0,0,0,,,0.26965878817506034
20260123_224946,2026-01-23T23:01:54.992351,15cedc7a9730972b927f01fdf3bc98946ca1b50a,bellman,16x16,44899,0.001279338845051825,0.007413026559854643,1.0,0,0,0,,,0.26990999246519387
20260123_224946,2026-01-23T23:01:56.082808,15cedc7a9730972b927f01fdf3bc98946ca1b50a,bellman,16x16,44999,-0.000686020590364933,0.007661958853115039,1.0,0,0,0,,,0.26949948395800416
20260123_224946,2026-01-23T23:01:57.161614,15cedc7a9730972b927f01fdf3bc98946ca1b50a,bellman,16x16,45099,0.0009226452093571424,0.007798446790705214,1.0,0,0,0,,,0.2698115003299845
20260123_224946,2026-01-23T23:01:58.229295,15cedc7a9730972b927f01fdf3bc98946ca1b50a,bellman,16x16,45199,0.00031663646223023534,0.007080504159630721,1.0,0,0,0,,,0.2594149342460151
20260123_224946,2026-01-23T23:01:59.298440,15cedc7a9730972b927f01fdf3bc98946ca1b50a,bellman,16x16,45299,-4.2734220187412575e-05,0.007515441637153231,1.0,0,0,0,,,0.2534743305913304
20260123_224946,2026-01-23T23:02:00.215923,15cedc7a9730972b927f01fdf3bc98946ca1b50a,bellman,16x16,45399,0.0006959286984056234,0.008442535706983847,1.0,0,0,0,,,0.2640301697925379
20260123_224946,2026-01-23T23:02:01.148104,15cedc7a9730972b927f01fdf3bc98946ca1b50a,bellman,16x16,45499,0.0010126344859600067,0.007869792810507476,1.0,0,0,0,,,0.2624545739670022
20260123_224946,2026-01-23T23:02:01.935069,15cedc7a9730972b927f01fdf3bc98946ca1b50a,bellman,16x16,45599,0.0005281521007418633,0.00704486218966224,1.0,0,0,0,,,0.2661096515509572
20260123_224946,2026-01-23T23:02:02.996796,15cedc7a9730972b927f01fdf3bc98946ca1b50a,bellman,16x16,45699,0.0001948653516592458,0.0078110848595446215,1.0,0,0,0,,,0.26381597851841426
20260123_224946,2026-01-23T23:02:03.900305,15cedc7a9730972b927f01fdf3bc98946ca1b50a,bellman,16x16,45799,0.0004941005608998239,0.007568386567910466,1.0,0,0,0,,,0.24323446223903933
20260123_224946,2026-01-23T23:02:04.802991,15cedc7a9730972b927f01fdf3bc98946ca1b50a,bellman,16x16,45899,0.0002529298944864422,0.007296964828004206,1.0,0,0,0,,,0.2699873011854005
20260123_224946,2026-01-23T23:02:05.758259,15cedc7a9730972b927f01fdf3bc98946ca1b50a,bellman,16x16,45999,0.0013621957041323185,0.006265265505468278,1.0,0,0,0,,,0.2521932500287565
20260123_224946,2026-01-23T23:02:06.877914,15cedc7a9730972b927f01fdf3bc98946ca1b50a,bellman,16x16,46099,0.0013949329731985927,0.00676852322357945,1.0,0,0,0,,,0.2597615970881156
20260123_224946,2026-01-23T23:02:07.862425,15cedc7a9730972b927f01fdf3bc98946ca1b50a,bellman,16x16,46199,-0.0007180150714702904,0.006525561690455106,1.0,0,0,0,,,0.26447384356693504
20260123_224946,2026-01-23T23:02:08.766548,15cedc7a9730972b927f01fdf3bc98946ca1b50a,bellman,16x16,46299,-0.0008822589297778904,0.007026388731560189,1.0,0,0,0,,,0.240193894543538
20260123_224946,2026-01-23T23:02:09.821658,15cedc7a9730972b927f01fdf3bc98946ca1b50a,bellman,16x16,46399,0.0005618918803520501,0.0064686002834574196,1.0,0,0,0,,,0.2674190771767726
20260123_224946,2026-01-23T23:02:10.762443,15cedc7a9730972b927f01fdf3bc98946ca1b50a,bellman,16x16,46499,0.001550799934193492,0.006230169922020821,1.0,0,0,0,,,0.2567597463334329
20260123_224946,2026-01-23T23:02:11.547297,15cedc7a9730972b927f01fdf3bc98946ca1b50a,bellman,16x16,46599,-0.0008739242912270129,0.007383118643791704,1.0,0,0,0,,,0.24470107318753404
20260123_224946,2026-01-23T23:02:12.592659,15cedc7a9730972b927f01fdf3bc98946ca1b50a,bellman,16x16,46699,7.680513226659968e-05,0.006650310257388412,1.0,0,0,0,,,0.26181176198834916
20260123_224946,2026-01-23T23:02:13.632936,15cedc7a9730972b927f01fdf3bc98946ca1b50a,bellman,16x16,46799,4.585496208164841e-05,0.006077737078877874,1.0,0,0,0,,,0.25747763784475297
20260123_224946,2026-01-23T23:02:14.640293,15cedc7a9730972b927f01fdf3bc98946ca1b50a,bellman,16x16,46899,0.0011147301411256194,0.007118626437987246,1.0,0,0,0,,,0.24591969051580212
20260123_224946,2026-01-23T23:02:15.655544,15cedc7a9730972b927f01fdf3bc98946ca1b50a,bellman,16x16,46999,-0.00016964710084721446,0.006912837572697015,1.0,0,0,0,,,0.2642576288386735
20260123_224946,2026-01-23T23:02:16.513543,15cedc7a9730972b927f01fdf3bc98946ca1b50a,bellman,16x16,47099,0.0003635987523011863,0.007378857570082289,1.0,0,0,0,,,0.2701587685707916
20260123_224946,2026-01-23T23:02:17.359735,15cedc7a9730972b927f01fdf3bc98946ca1b50a,bellman,16x16,47199,0.0009187907562591136,0.008005369539417303,1.0,0,0,0,,,0.26840217842875347
20260123_224946,2026-01-23T23:02:18.224060,15cedc7a9730972b927f01fdf3bc98946ca1b50a,bellman,16x16,47299,0.0006968887173570693,0.007461847850469497,1.0,0,0,0,,,0.2734226499557591
20260123_224946,2026-01-23T23:02:19.078798,15cedc7a9730972b927f01fdf3bc98946ca1b50a,bellman,16x16,47399,0.00027900945860892534,0.00716560263748022,1.0,0,0,0,,,0.2730731436052664
20260123_224946,2026-01-23T23:02:20.216363,15cedc7a9730972b927f01fdf3bc98946ca1b50a,bellman,16x16,47499,0.0009066436905413866,0.007977678868938938,1.0,0,0,0,,,0.2703867143277175
20260123_224946,2026-01-23T23:02:21.034631,15cedc7a9730972b927f01fdf3bc98946ca1b50a,bellman,16x16,47599,0.00023386777320411056,0.007403122271617804,1.0,0,0,0,,,0.27091454316685404
20260123_224946,2026-01-23T23:02:21.940053,15cedc7a9730972b927f01fdf3bc98946ca1b50a,bellman,16x16,47699,0.0012404220178723335,0.008111896175233824,1.0,0,0,0,,,0.27062157096190953
20260123_224946,2026-01-23T23:02:22.972512,15cedc7a9730972b927f01fdf3bc98946ca1b50a,bellman,16x16,47799,7.465159433195367e-05,0.007310253984809947,1.0,0,0,0,,,0.27233335582013274
20260123_224946,2026-01-23T23:02:23.807483,15cedc7a9730972b927f01fdf3bc98946ca1b50a,bellman,16x16,47899,0.0009717476787045598,0.00680953096111864,1.0,0,0,0,,,0.2652821957621694
20260123_224946,2026-01-23T23:02:24.671238,15cedc7a9730972b927f01fdf3bc98946ca1b50a,bellman,16x16,47999,-0.0005688955425284803,0.006514731438127796,1.0,0,0,0,,,0.24234128023680457
20260123_224946,2026-01-23T23:02:25.508240,15cedc7a9730972b927f01fdf3bc98946ca1b50a,bellman,16x16,48099,0.00031307770404964685,0.006709215475690939,1.0,0,0,0,,,0.26709928768315216
20260123_224946,2026-01-23T23:02:26.388090,15cedc7a9730972b927f01fdf3bc98946ca1b50a,bellman,16x16,48199,-0.00021609764371532947,0.00691665965796858,1.0,0,0,0,,,0.2651534699397449
20260123_224946,2026-01-23T23:02:27.506391,15cedc7a9730972b927f01fdf3bc98946ca1b50a,bellman,16x16,48299,0.0014010268496349454,0.007319237275267199,1.0,0,0,0,,,0.27074995290214376
20260123_224946,2026-01-23T23:02:28.576026,15cedc7a9730972b927f01fdf3bc98946ca1b50a,bellman,16x16,48399,0.00042551348451524973,0.0063761747971787484,1.0,0,0,0,,,0.27009848248879176
20260123_224946,2026-01-23T23:02:29.515280,15cedc7a9730972b927f01fdf3bc98946ca1b50a,bellman,16x16,48499,0.0009708328871056437,0.006589804771994352,1.0,0,0,0,,,0.26629884277164273
20260123_224946,2026-01-23T23:02:30.463146,15cedc7a9730972b927f01fdf3bc98946ca1b50a,bellman,16x16,48599,0.0013604640262201428,0.006776074796435978,1.0,0,0,0,,,0.27394363834212343
20260123_224946,2026-01-23T23:02:31.348209,15cedc7a9730972b927f01fdf3bc98946ca1b50a,bellman,16x16,48699,-8.49825082696043e-05,0.006783335338191989,1.0,0,0,0,,,0.26326820505317444
20260123_224946,2026-01-23T23:02:32.238250,15cedc7a9730972b927f01fdf3bc98946ca1b50a,bellman,16x16,48799,-0.00015069267828948796,0.006880779390266411,1.0,0,0,0,,,0.2671437263232521
20260123_224946,2026-01-23T23:02:33.096137,15cedc7a9730972b927f01fdf3bc98946ca1b50a,bellman,16x16,48899,-0.0006542708142660558,0.006434408905681437,1.0,0,0,0,,,0.2722650577227653
20260123_224946,2026-01-23T23:02:33.955632,15cedc7a9730972b927f01fdf3bc98946ca1b50a,bellman,16x16,48999,0.000636500131804496,0.007104867317662808,1.0,0,0,0,,,0.27366435355014
20260123_224946,2026-01-23T23:02:34.855374,15cedc7a9730972b927f01fdf3bc98946ca1b50a,bellman,16x16,49099,0.001921508926898241,0.007412407438998514,1.0,0,0,0,,,0.25948415292666727
20260123_224946,2026-01-23T23:02:35.681714,15cedc7a9730972b927f01fdf3bc98946ca1b50a,bellman,16x16,49199,-6.935073906788602e-05,0.007260126917396121,1.0,0,0,0,,,0.276310988513576
20260123_224946,2026-01-23T23:02:36.577816,15cedc7a9730972b927f01fdf3bc98946ca1b50a,bellman,16x16,49299,-4.644339787773788e-05,0.0063378399544873785,1.0,0,0,0,,,0.2687053167461423
20260123_224946,2026-01-23T23:02:37.580622,15cedc7a9730972b927f01fdf3bc98946ca1b50a,bellman,16x16,49399,0.0006665216642431915,0.006773661272265486,1.0,0,0,0,,,0.26973162757447755
20260123_224946,2026-01-23T23:02:38.487256,15cedc7a9730972b927f01fdf3bc98946ca1b50a,bellman,16x16,49499,0.0017002320382744074,0.007788088169922958,1.0,0,0,0,,,0.26719120712031363
20260123_224946,2026-01-23T23:02:39.403901,15cedc7a9730972b927f01fdf3bc98946ca1b50a,bellman,16x16,49599,-0.00020171390497125685,0.006316840379851669,1.0,0,0,0,,,0.2664284756434653
20260123_224946,2026-01-23T23:02:40.380382,15cedc7a9730972b927f01fdf3bc98946ca1b50a,bellman,16x16,49699,0.0017093385104089975,0.007251144231933609,1.0,0,0,0,,,0.2659783224793961
20260123_224946,2026-01-23T23:02:41.423518,15cedc7a9730972b927f01fdf3bc98946ca1b50a,bellman,16x16,49799,-0.00019891475676558912,0.007102118299187339,1.0,0,0,0,,,0.2718088980959531
20260123_224946,2026-01-23T23:02:42.218013,15cedc7a9730972b927f01fdf3bc98946ca1b50a,bellman,16x16,49899,0.0006799442926421762,0.00836431588387967,1.0,0,0,0,,,0.2746524808970888
20260123_224946,2026-01-23T23:02:43.108970,15cedc7a9730972b927f01fdf3bc98946ca1b50a,bellman,16x16,49999,0.0007758558494970202,0.007612199347304056,1.0,0,0,0,,,0.27096878481867603
20260123_224946,2026-01-23T23:02:43.840626,15cedc7a9730972b927f01fdf3bc98946ca1b50a,bellman,32x32,0,5.866426944732666,0.3675625577454775,1.0,0,0,0,,,-0.6418830341927384
20260123_224946,2026-01-23T23:02:45.487676,15cedc7a9730972b927f01fdf3bc98946ca1b50a,bellman,32x32,99,0.6679542064666748,0.05394793395224497,1.0,0,0,0,,,0.0355042078458985
20260123_224946,2026-01-23T23:02:46.731202,15cedc7a9730972b927f01fdf3bc98946ca1b50a,bellman,32x32,199,1.1308472156524658,0.01004075039876625,1.0,0,0,0,,,0.05401163407787281
20260123_224946,2026-01-23T23:02:47.942312,15cedc7a9730972b927f01fdf3bc98946ca1b50a,bellman,32x32,299,0.2758192718029022,0.00566508144240288,1.0,0,0,0,,,0.07610119081109383
20260123_224946,2026-01-23T23:02:49.046062,15cedc7a9730972b927f01fdf3bc98946ca1b50a,bellman,32x32,399,0.04420585185289383,0.009044107109800734,1.0,0,0,0,,,0.08112726864722693
20260123_224946,2026-01-23T23:02:50.440870,15cedc7a9730972b927f01fdf3bc98946ca1b50a,bellman,32x32,499,0.18175271153450012,0.01087438717019495,1.0,0,0,0,,,0.0835529290074646
20260123_224946,2026-01-23T23:02:52.329803,15cedc7a9730972b927f01fdf3bc98946ca1b50a,bellman,32x32,599,0.03825967758893967,0.013680642721005824,1.0,0,0,0,,,0.08988091410820535
20260123_224946,2026-01-23T23:02:53.497964,15cedc7a9730972b927f01fdf3bc98946ca1b50a,bellman,32x32,699,0.11370760202407837,0.018753787224097776,1.0,0,0,0,,,0.09858091007386743
20260123_224946,2026-01-23T23:02:54.510776,15cedc7a9730972b927f01fdf3bc98946ca1b50a,bellman,32x32,799,0.03280777111649513,0.019936743161335927,1.0,0,0,0,,,0.09849508564254743
20260123_224946,2026-01-23T23:02:55.508371,15cedc7a9730972b927f01fdf3bc98946ca1b50a,bellman,32x32,899,0.04471490532159805,0.018853309020535107,1.0,0,0,0,,,0.0963921890392514
20260123_224946,2026-01-23T23:02:56.572169,15cedc7a9730972b927f01fdf3bc98946ca1b50a,bellman,32x32,999,0.022173624485731125,0.018645691757581063,1.0,0,0,0,,,0.09946069887642835
20260123_224946,2026-01-23T23:02:57.925671,15cedc7a9730972b927f01fdf3bc98946ca1b50a,bellman,32x32,1099,0.048549771308898926,0.01744416704525747,1.0,0,0,0,,,0.10091546745891955
20260123_224946,2026-01-23T23:02:59.032569,15cedc7a9730972b927f01fdf3bc98946ca1b50a,bellman,32x32,1199,0.23891840875148773,0.017150932652737084,1.0,0,0,0,,,0.10170063935619549
20260123_224946,2026-01-23T23:03:00.424318,15cedc7a9730972b927f01fdf3bc98946ca1b50a,bellman,32x32,1299,0.042342882603406906,0.017630325371969777,1.0,0,0,0,,,0.10212807114125294
20260123_224946,2026-01-23T23:03:01.799799,15cedc7a9730972b927f01fdf3bc98946ca1b50a,bellman,32x32,1399,0.006657141260802746,0.016660830662867738,1.0,0,0,0,,,0.10440085640086784
20260123_224946,2026-01-23T23:03:02.959333,15cedc7a9730972b927f01fdf3bc98946ca1b50a,bellman,32x32,1499,0.0052743093110620975,0.016718844622978395,1.0,0,0,0,,,0.11036370025126868
20260123_224946,2026-01-23T23:03:04.047627,15cedc7a9730972b927f01fdf3bc98946ca1b50a,bellman,32x32,1599,0.003052372019737959,0.017467492280650275,1.0,0,0,0,,,0.11328358615072434
20260123_224946,2026-01-23T23:03:05.378611,15cedc7a9730972b927f01fdf3bc98946ca1b50a,bellman,32x32,1699,0.0032194352243095636,0.01845436481027946,1.0,0,0,0,,,0.11424641164665059
20260123_224946,2026-01-23T23:03:06.840080,15cedc7a9730972b927f01fdf3bc98946ca1b50a,bellman,32x32,1799,0.013706747442483902,0.018222531234328015,1.0,0,0,0,,,0.12282315606168574
20260123_224946,2026-01-23T23:03:08.138987,15cedc7a9730972b927f01fdf3bc98946ca1b50a,bellman,32x32,1899,0.007006860338151455,0.01917023323338981,1.0,0,0,0,,,0.12453890420998226
20260123_224946,2026-01-23T23:03:09.461611,15cedc7a9730972b927f01fdf3bc98946ca1b50a,bellman,32x32,1999,0.003344588214531541,0.019263576368691703,1.0,0,0,0,,,0.12415836381725566
20260123_224946,2026-01-23T23:03:10.594298,15cedc7a9730972b927f01fdf3bc98946ca1b50a,bellman,32x32,2099,0.059110842645168304,0.018979058708493993,1.0,0,0,0,,,0.12616521925226207
20260123_224946,2026-01-23T23:03:11.923759,15cedc7a9730972b927f01fdf3bc98946ca1b50a,bellman,32x32,2199,0.015752477571368217,0.01910799251710159,1.0,0,0,0,,,0.13002481978498837
20260123_224946,2026-01-23T23:03:13.298688,15cedc7a9730972b927f01fdf3bc98946ca1b50a,bellman,32x32,2299,0.0008493629284203053,0.019975169008009743,1.0,0,0,0,,,0.13458206368902279
20260123_224946,2026-01-23T23:03:14.441385,15cedc7a9730972b927f01fdf3bc98946ca1b50a,bellman,32x32,2399,0.0012112384429201484,0.01997271821164759,1.0,0,0,0,,,0.14039239359320754
20260123_224946,2026-01-23T23:03:15.874181,15cedc7a9730972b927f01fdf3bc98946ca1b50a,bellman,32x32,2499,0.0009707875433377922,0.01786045463926257,1.0,0,0,0,,,0.13707388535129628
20260123_224946,2026-01-23T23:03:17.288274,15cedc7a9730972b927f01fdf3bc98946ca1b50a,bellman,32x32,2599,0.003251458751037717,0.018602772408178224,1.0,0,0,0,,,0.13975039575935622
20260123_224946,2026-01-23T23:03:18.660424,15cedc7a9730972b927f01fdf3bc98946ca1b50a,bellman,32x32,2699,0.0050194719806313515,0.019000314909260397,1.0,0,0,0,,,0.1441625990915731
20260123_224946,2026-01-23T23:03:19.986635,15cedc7a9730972b927f01fdf3bc98946ca1b50a,bellman,32x32,2799,0.019664738327264786,0.01914579755896284,1.0,0,0,0,,,0.14882499451604808
20260123_224946,2026-01-23T23:03:21.396972,15cedc7a9730972b927f01fdf3bc98946ca1b50a,bellman,32x32,2899,0.0056618694216012955,0.018244953431478736,1.0,0,0,0,,,0.15573175105796133
20260123_224946,2026-01-23T23:03:22.800945,15cedc7a9730972b927f01fdf3bc98946ca1b50a,bellman,32x32,2999,0.002828550525009632,0.01897786335659475,1.0,0,0,0,,,0.15161776102018681
20260123_224946,2026-01-23T23:03:24.239615,15cedc7a9730972b927f01fdf3bc98946ca1b50a,bellman,32x32,3099,0.0022294630762189627,0.018056362244935828,1.0,0,0,0,,,0.15290889543354216
20260123_224946,2026-01-23T23:03:25.702129,15cedc7a9730972b927f01fdf3bc98946ca1b50a,bellman,32x32,3199,0.001009362400509417,0.01776623254511378,1.0,0,0,0,,,0.1593894162771307
20260123_224946,2026-01-23T23:03:27.171773,15cedc7a9730972b927f01fdf3bc98946ca1b50a,bellman,32x32,3299,-0.0006114315474405885,0.01697571398034597,1.0,0,0,0,,,0.16097633423196178
20260123_224946,2026-01-23T23:03:28.859044,15cedc7a9730972b927f01fdf3bc98946ca1b50a,bellman,32x32,3399,0.004138054791837931,0.01646094868934824,1.0,0,0,0,,,0.1594637430788877
20260123_224946,2026-01-23T23:03:30.298416,15cedc7a9730972b927f01fdf3bc98946ca1b50a,bellman,32x32,3499,0.0016029535327106714,0.014999221324542305,1.0,0,0,0,,,0.16430535597776186
20260123_224946,2026-01-23T23:03:31.674365,15cedc7a9730972b927f01fdf3bc98946ca1b50a,bellman,32x32,3599,0.014375043101608753,0.01437700648880309,1.0,0,0,0,,,0.16298504771549466
20260123_224946,2026-01-23T23:03:32.747951,15cedc7a9730972b927f01fdf3bc98946ca1b50a,bellman,32x32,3699,0.0019331853836774826,0.016611471424737373,1.0,0,0,0,,,0.17198682158661005
20260123_224946,2026-01-23T23:03:34.099359,15cedc7a9730972b927f01fdf3bc98946ca1b50a,bellman,32x32,3799,0.006042873486876488,0.017023321649157878,1.0,0,0,0,,,0.16548273507787525
20260123_224946,2026-01-23T23:03:35.414152,15cedc7a9730972b927f01fdf3bc98946ca1b50a,bellman,32x32,3899,0.003007963765412569,0.017002497406892872,1.0,0,0,0,,,0.16427454428262755
20260123_224946,2026-01-23T23:03:36.614798,15cedc7a9730972b927f01fdf3bc98946ca1b50a,bellman,32x32,3999,0.003266062820330262,0.015077884494849059,1.0,0,0,0,,,0.16643024370548065
20260123_224946,2026-01-23T23:03:37.835343,15cedc7a9730972b927f01fdf3bc98946ca1b50a,bellman,32x32,4099,0.0005262549384497106,0.015317935011414647,1.0,0,0,0,,,0.16430758656810296
20260123_224946,2026-01-23T23:03:39.087968,15cedc7a9730972b927f01fdf3bc98946ca1b50a,bellman,32x32,4199,0.00050841283518821,0.01732909907003659,1.0,0,0,0,,,0.13999078082782823
20260123_224946,2026-01-23T23:03:40.399035,15cedc7a9730972b927f01fdf3bc98946ca1b50a,bellman,32x32,4299,0.0010954678291454911,0.014456950364130989,1.0,0,0,0,,,0.12895061864485713
20260123_224946,2026-01-23T23:03:41.621855,15cedc7a9730972b927f01fdf3bc98946ca1b50a,bellman,32x32,4399,0.001142615103162825,0.015147968968988153,1.0,0,0,0,,,0.12941619816083444
20260123_224946,2026-01-23T23:03:42.960245,15cedc7a9730972b927f01fdf3bc98946ca1b50a,bellman,32x32,4499,0.0019834658596664667,0.014602693851820732,1.0,0,0,0,,,0.12390124757777563
20260123_224946,2026-01-23T23:03:44.297600,15cedc7a9730972b927f01fdf3bc98946ca1b50a,bellman,32x32,4599,0.0005736793391406536,0.015027970047888174,1.0,0,0,0,,,0.12754083673614586
20260123_224946,2026-01-23T23:03:45.663749,15cedc7a9730972b927f01fdf3bc98946ca1b50a,bellman,32x32,4699,0.0009465827606618404,0.013624628962195401,1.0,0,0,0,,,0.12132732805780766
20260123_224946,2026-01-23T23:03:46.712775,15cedc7a9730972b927f01fdf3bc98946ca1b50a,bellman,32x32,4799,-5.5408949265256524e-05,0.013399178267986827,1.0,0,0,0,,,0.1185019424563267
20260123_224946,2026-01-23T23:03:47.754215,15cedc7a9730972b927f01fdf3bc98946ca1b50a,bellman,32x32,4899,0.0004568852309603244,0.013028517947466298,1.0,0,0,0,,,0.11508937371090217
20260123_224946,2026-01-23T23:03:48.813362,15cedc7a9730972b927f01fdf3bc98946ca1b50a,bellman,32x32,4999,0.00015669954882469028,0.012596182778048614,1.0,0,0,0,,,0.11576027069512704
20260123_224946,2026-01-23T23:03:49.858610,15cedc7a9730972b927f01fdf3bc98946ca1b50a,bellman,32x32,5099,-0.000936218595597893,0.011802604136032641,1.0,0,0,0,,,0.11601025522529201
20260123_224946,2026-01-23T23:03:51.132007,15cedc7a9730972b927f01fdf3bc98946ca1b50a,bellman,32x32,5199,0.001695172511972487,0.012080886406048421,1.0,0,0,0,,,0.11323734298803986
20260123_224946,2026-01-23T23:03:52.397519,15cedc7a9730972b927f01fdf3bc98946ca1b50a,bellman,32x32,5299,-0.0007361915777437389,0.011527711985426094,1.0,0,0,0,,,0.11509012453891748
20260123_224946,2026-01-23T23:03:53.682507,15cedc7a9730972b927f01fdf3bc98946ca1b50a,bellman,32x32,5399,-0.0005844804691150784,0.012658247949738098,1.0,0,0,0,,,0.11311167717617712
20260123_224946,2026-01-23T23:03:54.754312,15cedc7a9730972b927f01fdf3bc98946ca1b50a,bellman,32x32,5499,0.00016708573093637824,0.012996184324540536,1.0,0,0,0,,,0.11928469403581571
20260123_224946,2026-01-23T23:03:55.824828,15cedc7a9730972b927f01fdf3bc98946ca1b50a,bellman,32x32,5599,0.0009387407917529345,0.012780406046383632,1.0,0,0,0,,,0.1251380843375851
20260123_224946,2026-01-23T23:03:56.835039,15cedc7a9730972b927f01fdf3bc98946ca1b50a,bellman,32x32,5699,0.0010085598332807422,0.012366026666501283,1.0,0,0,0,,,0.1219795056320784
20260123_224946,2026-01-23T23:03:57.885198,15cedc7a9730972b927f01fdf3bc98946ca1b50a,bellman,32x32,5799,0.0011388907441869378,0.010490699159331597,1.0,0,0,0,,,0.11433355017957621
20260123_224946,2026-01-23T23:03:59.260386,15cedc7a9730972b927f01fdf3bc98946ca1b50a,bellman,32x32,5899,0.0017517526866868138,0.01117323788323688,1.0,0,0,0,,,0.11967366056750747
20260123_224946,2026-01-23T23:04:00.678919,15cedc7a9730972b927f01fdf3bc98946ca1b50a,bellman,32x32,5999,0.0015374572249129415,0.009814442323553295,1.0,0,0,0,,,0.11516478632215907
20260123_224946,2026-01-23T23:04:01.790295,15cedc7a9730972b927f01fdf3bc98946ca1b50a,bellman,32x32,6099,0.0020358830224722624,0.01050037773121744,1.0,0,0,0,,,0.11189798919340971
20260123_224946,2026-01-23T23:04:02.905195,15cedc7a9730972b927f01fdf3bc98946ca1b50a,bellman,32x32,6199,0.006170676089823246,0.009476397429541521,1.0,0,0,0,,,0.11442238725781334
20260123_224946,2026-01-23T23:04:04.158691,15cedc7a9730972b927f01fdf3bc98946ca1b50a,bellman,32x32,6299,0.0021523665636777878,0.010944832386578583,1.0,0,0,0,,,0.11115013372743544
20260123_224946,2026-01-23T23:04:05.426803,15cedc7a9730972b927f01fdf3bc98946ca1b50a,bellman,32x32,6399,-0.0005457682418636978,0.010560451048939967,1.0,0,0,0,,,0.11276612334693772
20260123_224946,2026-01-23T23:04:06.831895,15cedc7a9730972b927f01fdf3bc98946ca1b50a,bellman,32x32,6499,0.0017208770150318742,0.009885496624751794,1.0,0,0,0,,,0.11097570946634228
20260123_224946,2026-01-23T23:04:07.910035,15cedc7a9730972b927f01fdf3bc98946ca1b50a,bellman,32x32,6599,0.0004899473278783262,0.00924610191555189,1.0,0,0,0,,,0.10896776416541859
20260123_224946,2026-01-23T23:04:09.197327,15cedc7a9730972b927f01fdf3bc98946ca1b50a,bellman,32x32,6699,-0.0001753199176164344,0.009770953560093857,1.0,0,0,0,,,0.1073097868093919
20260123_224946,2026-01-23T23:04:10.513748,15cedc7a9730972b927f01fdf3bc98946ca1b50a,bellman,32x32,6799,0.0023289043456315994,0.008759898636294566,1.0,0,0,0,,,0.10289785621682093
20260123_224946,2026-01-23T23:04:11.914261,15cedc7a9730972b927f01fdf3bc98946ca1b50a,bellman,32x32,6899,-0.0006559190806001425,0.00857603908634701,1.0,0,0,0,,,0.10073791137274199
20260123_224946,2026-01-23T23:04:13.263214,15cedc7a9730972b927f01fdf3bc98946ca1b50a,bellman,32x32,6999,0.0015585132641717792,0.00874751049700535,1.0,0,0,0,,,0.10222363407065442
20260123_224946,2026-01-23T23:04:14.536059,15cedc7a9730972b927f01fdf3bc98946ca1b50a,bellman,32x32,7099,0.0011427233694121242,0.008818220003004171,1.0,0,0,0,,,0.10466009665830027
20260123_224946,2026-01-23T23:04:15.824358,15cedc7a9730972b927f01fdf3bc98946ca1b50a,bellman,32x32,7199,0.0001251372741535306,0.008812561326333252,1.0,0,0,0,,,0.10527282780661512
20260123_224946,2026-01-23T23:04:16.797064,15cedc7a9730972b927f01fdf3bc98946ca1b50a,bellman,32x32,7299,0.00035663446760736406,0.009033047868969106,1.0,0,0,0,,,0.10730170279307971
20260123_224946,2026-01-23T23:04:18.165728,15cedc7a9730972b927f01fdf3bc98946ca1b50a,bellman,32x32,7399,0.0016597138019278646,0.008971725761628023,1.0,0,0,0,,,0.10977402603500383
20260123_224946,2026-01-23T23:04:19.517468,15cedc7a9730972b927f01fdf3bc98946ca1b50a,bellman,32x32,7499,0.00649659289047122,0.008825392171000885,1.0,0,0,0,,,0.10651884129751664
20260123_224946,2026-01-23T23:04:20.725106,15cedc7a9730972b927f01fdf3bc98946ca1b50a,bellman,32x32,7599,0.0013533883029595017,0.009396187150529159,1.0,0,0,0,,,0.11677401701492227
20260123_224946,2026-01-23T23:04:22.021509,15cedc7a9730972b927f01fdf3bc98946ca1b50a,bellman,32x32,7699,0.0013922759098932147,0.008514199452432649,1.0,0,0,0,,,0.11208223332119198
20260123_224946,2026-01-23T23:04:23.303038,15cedc7a9730972b927f01fdf3bc98946ca1b50a,bellman,32x32,7799,0.0014849784784018993,0.008987720615201623,1.0,0,0,0,,,0.11103053983961446
20260123_224946,2026-01-23T23:04:24.295990,15cedc7a9730972b927f01fdf3bc98946ca1b50a,bellman,32x32,7899,0.0006336984224617481,0.008661533795579998,1.0,0,0,0,,,0.10509645918802885
20260123_224946,2026-01-23T23:04:25.587642,15cedc7a9730972b927f01fdf3bc98946ca1b50a,bellman,32x32,7999,-0.0004066449764650315,0.007944164236006942,1.0,0,0,0,,,0.09775901077884722
20260123_224946,2026-01-23T23:04:26.801844,15cedc7a9730972b927f01fdf3bc98946ca1b50a,bellman,32x32,8099,0.0017404725076630712,0.007683689224556929,1.0,0,0,0,,,0.09253316295877775
20260123_224946,2026-01-23T23:04:28.229311,15cedc7a9730972b927f01fdf3bc98946ca1b50a,bellman,32x32,8199,-0.00046079716412350535,0.007233066579536853,1.0,0,0,0,,,0.0930286281561449
20260123_224946,2026-01-23T23:04:29.483646,15cedc7a9730972b927f01fdf3bc98946ca1b50a,bellman,32x32,8299,-7.171290053520352e-05,0.007846898062277887,1.0,0,0,0,,,0.09657654524295707
20260123_224946,2026-01-23T23:04:30.958826,15cedc7a9730972b927f01fdf3bc98946ca1b50a,bellman,32x32,8399,-0.00037562509533017874,0.0072874718307184595,1.0,0,0,0,,,0.091089887958594
20260123_224946,2026-01-23T23:04:32.416779,15cedc7a9730972b927f01fdf3bc98946ca1b50a,bellman,32x32,8499,0.0013678416144102812,0.0071805418267922505,1.0,0,0,0,,,0.09184158558416125
20260123_224946,2026-01-23T23:04:33.737693,15cedc7a9730972b927f01fdf3bc98946ca1b50a,bellman,32x32,8599,0.0012492979876697063,0.007445800300068299,1.0,0,0,0,,,0.09302581554330563
20260123_224946,2026-01-23T23:04:35.037694,15cedc7a9730972b927f01fdf3bc98946ca1b50a,bellman,32x32,8699,0.00010618287342367694,0.008134076095855107,1.0,0,0,0,,,0.09987013183175494
20260123_224946,2026-01-23T23:04:36.136541,15cedc7a9730972b927f01fdf3bc98946ca1b50a,bellman,32x32,8799,0.000362235470674932,0.007875103665145388,1.0,0,0,0,,,0.09987012966200752
20260123_224946,2026-01-23T23:04:37.236136,15cedc7a9730972b927f01fdf3bc98946ca1b50a,bellman,32x32,8899,0.001945576281286776,0.007805358036297321,1.0,0,0,0,,,0.09977271793628878
20260123_224946,2026-01-23T23:04:38.691437,15cedc7a9730972b927f01fdf3bc98946ca1b50a,bellman,32x32,8999,0.0004612776101566851,0.007456079927825954,1.0,0,0,0,,,0.09900281897193726
20260123_224946,2026-01-23T23:04:39.993955,15cedc7a9730972b927f01fdf3bc98946ca1b50a,bellman,32x32,9099,0.0006949191447347403,0.006917765347902787,1.0,0,0,0,,,0.09949287553952615
20260123_224946,2026-01-23T23:04:41.403447,15cedc7a9730972b927f01fdf3bc98946ca1b50a,bellman,32x32,9199,-0.0003280084056314081,0.008161728786018898,1.0,0,0,0,,,0.10545238373475577
20260123_224946,2026-01-23T23:04:42.465748,15cedc7a9730972b927f01fdf3bc98946ca1b50a,bellman,32x32,9299,0.0016775982221588492,0.007295353843140902,1.0,0,0,0,,,0.10570813306712024
20260123_224946,2026-01-23T23:04:43.871787,15cedc7a9730972b927f01fdf3bc98946ca1b50a,bellman,32x32,9399,0.0025887214578688145,0.006548183047939347,1.0,0,0,0,,,0.100099755419702
20260123_224946,2026-01-23T23:04:44.929882,15cedc7a9730972b927f01fdf3bc98946ca1b50a,bellman,32x32,9499,0.00014846700651105493,0.008110429758912687,1.0,0,0,0,,,0.10049186973816955
20260123_224946,2026-01-23T23:04:46.016805,15cedc7a9730972b927f01fdf3bc98946ca1b50a,bellman,32x32,9599,0.0010670376941561699,0.00637513542018155,1.0,0,0,0,,,0.09847288698389542
20260123_224946,2026-01-23T23:04:47.082728,15cedc7a9730972b927f01fdf3bc98946ca1b50a,bellman,32x32,9699,0.0011823251843452454,0.0059772923164439365,1.0,0,0,0,,,0.0978430334308547
20260123_224946,2026-01-23T23:04:48.179064,15cedc7a9730972b927f01fdf3bc98946ca1b50a,bellman,32x32,9799,0.0006249974248930812,0.007654556007920519,1.0,0,0,0,,,0.10478472809669159
20260123_224946,2026-01-23T23:04:49.604636,15cedc7a9730972b927f01fdf3bc98946ca1b50a,bellman,32x32,9899,0.001395774190314114,0.006432945036766569,1.0,0,0,0,,,0.10044673302356585
20260123_224946,2026-01-23T23:04:50.916350,15cedc7a9730972b927f01fdf3bc98946ca1b50a,bellman,32x32,9999,1.2749824236379936e-05,0.006360328159211122,1.0,0,0,0,,,0.10097944113751303
20260123_224946,2026-01-23T23:04:52.388691,15cedc7a9730972b927f01fdf3bc98946ca1b50a,bellman,32x32,10099,-0.0007298252894543111,0.00638572229525721,1.0,0,0,0,,,0.09932073083428238
20260123_224946,2026-01-23T23:04:53.840372,15cedc7a9730972b927f01fdf3bc98946ca1b50a,bellman,32x32,10199,0.0008043337729759514,0.005998443792266244,1.0,0,0,0,,,0.09687004407931044
20260123_224946,2026-01-23T23:04:55.330562,15cedc7a9730972b927f01fdf3bc98946ca1b50a,bellman,32x32,10299,-0.00011928442108910531,0.005549459293649761,1.0,0,0,0,,,0.09091298712675511
20260123_224946,2026-01-23T23:04:56.421905,15cedc7a9730972b927f01fdf3bc98946ca1b50a,bellman,32x32,10399,0.0011879504891112447,0.006700641720592557,1.0,0,0,0,,,0.09667006708824277
20260123_224946,2026-01-23T23:04:57.815196,15cedc7a9730972b927f01fdf3bc98946ca1b50a,bellman,32x32,10499,0.0010904259979724884,0.004916886475044748,1.0,0,0,0,,,0.09783768308739552
20260123_224946,2026-01-23T23:04:58.975288,15cedc7a9730972b927f01fdf3bc98946ca1b50a,bellman,32x32,10599,0.000512277300003916,0.006703897930756284,1.0,0,0,0,,,0.10202988165183843
20260123_224946,2026-01-23T23:05:00.404748,15cedc7a9730972b927f01fdf3bc98946ca1b50a,bellman,32x32,10699,-0.00035076227504760027,0.005353049685974156,1.0,0,0,0,,,0.09829115412232858
20260123_224946,2026-01-23T23:05:01.723025,15cedc7a9730972b927f01fdf3bc98946ca1b50a,bellman,32x32,10799,0.0013234205543994904,0.006666745497456077,1.0,0,0,0,,,0.09716393858902453
20260123_224946,2026-01-23T23:05:02.839828,15cedc7a9730972b927f01fdf3bc98946ca1b50a,bellman,32x32,10899,0.0007766512571834028,0.006394267850158713,1.0,0,0,0,,,0.09985833780976638
20260123_224946,2026-01-23T23:05:04.328243,15cedc7a9730972b927f01fdf3bc98946ca1b50a,bellman,32x32,10999,-0.0001634257787372917,0.005479143820973036,1.0,0,0,0,,,0.09683891311733236
20260123_224946,2026-01-23T23:05:05.760651,15cedc7a9730972b927f01fdf3bc98946ca1b50a,bellman,32x32,11099,0.002394236857071519,0.006763304405222925,1.0,0,0,0,,,0.09870042219491479
20260123_224946,2026-01-23T23:05:07.028896,15cedc7a9730972b927f01fdf3bc98946ca1b50a,bellman,32x32,11199,0.002407490275800228,0.005073867559204927,1.0,0,0,0,,,0.09473212520764013
20260123_224946,2026-01-23T23:05:08.282725,15cedc7a9730972b927f01fdf3bc98946ca1b50a,bellman,32x32,11299,-0.001763249165378511,0.005337070493587817,1.0,0,0,0,,,0.09848909306723469
20260123_224946,2026-01-23T23:05:09.405044,15cedc7a9730972b927f01fdf3bc98946ca1b50a,bellman,32x32,11399,0.0002920822298619896,0.005165864474492992,1.0,0,0,0,,,0.09880248443871316
20260123_224946,2026-01-23T23:05:10.892536,15cedc7a9730972b927f01fdf3bc98946ca1b50a,bellman,32x32,11499,0.0004939950886182487,0.006161372120250803,1.0,0,0,0,,,0.09925349816371169
20260123_224946,2026-01-23T23:05:12.237982,15cedc7a9730972b927f01fdf3bc98946ca1b50a,bellman,32x32,11599,0.0004260386049281806,0.005293988781583607,1.0,0,0,0,,,0.09722395877332796
20260123_224946,2026-01-23T23:05:13.587925,15cedc7a9730972b927f01fdf3bc98946ca1b50a,bellman,32x32,11699,0.0018586828373372555,0.005011468683849785,1.0,0,0,0,,,0.09947815736224892
20260123_224946,2026-01-23T23:05:14.625245,15cedc7a9730972b927f01fdf3bc98946ca1b50a,bellman,32x32,11799,0.0003048989165108651,0.005689384174226575,1.0,0,0,0,,,0.09566392172379726
20260123_224946,2026-01-23T23:05:15.718176,15cedc7a9730972b927f01fdf3bc98946ca1b50a,bellman,32x32,11899,0.0044587766751646996,0.005304947709735757,1.0,0,0,0,,,0.09864440694861983
20260123_224946,2026-01-23T23:05:17.153756,15cedc7a9730972b927f01fdf3bc98946ca1b50a,bellman,32x32,11999,0.00013031630078330636,0.00475644437935216,1.0,0,0,0,,,0.09499129129930223
20260123_224946,2026-01-23T23:05:18.600345,15cedc7a9730972b927f01fdf3bc98946ca1b50a,bellman,32x32,12099,-0.00041337133734486997,0.004418602582836115,1.0,0,0,0,,,0.09212388859268901
20260123_224946,2026-01-23T23:05:19.882772,15cedc7a9730972b927f01fdf3bc98946ca1b50a,bellman,32x32,12199,0.001270415261387825,0.003983795664869945,1.0,0,0,0,,,0.08932639576908345
20260123_224946,2026-01-23T23:05:20.972459,15cedc7a9730972b927f01fdf3bc98946ca1b50a,bellman,32x32,12299,0.0013649255270138383,0.0038350898592284465,1.0,0,0,0,,,0.09168538555921454
20260123_224946,2026-01-23T23:05:22.079678,15cedc7a9730972b927f01fdf3bc98946ca1b50a,bellman,32x32,12399,-0.0007468006806448102,0.005679192875519447,1.0,0,0,0,,,0.10081153644137775
20260123_224946,2026-01-23T23:05:23.233851,15cedc7a9730972b927f01fdf3bc98946ca1b50a,bellman,32x32,12499,0.0006799140828661621,0.005387972077199379,1.0,0,0,0,,,0.09892817748685503
20260123_224946,2026-01-23T23:05:24.754251,15cedc7a9730972b927f01fdf3bc98946ca1b50a,bellman,32x32,12599,0.0012716675410047174,0.005710485428547258,1.0,0,0,0,,,0.09353036608831602
20260123_224946,2026-01-23T23:05:26.247504,15cedc7a9730972b927f01fdf3bc98946ca1b50a,bellman,32x32,12699,-0.0006520425667986274,0.004549963440478564,1.0,0,0,0,,,0.09287801532446646
20260123_224946,2026-01-23T23:05:27.643182,15cedc7a9730972b927f01fdf3bc98946ca1b50a,bellman,32x32,12799,0.0012120193568989635,0.00437703538764481,1.0,0,0,0,,,0.09370306606102126
20260123_224946,2026-01-23T23:05:28.873223,15cedc7a9730972b927f01fdf3bc98946ca1b50a,bellman,32x32,12899,0.0006016266415826976,0.004497811286242381,1.0,0,0,0,,,0.09315555458558011
20260123_224946,2026-01-23T23:05:30.114963,15cedc7a9730972b927f01fdf3bc98946ca1b50a,bellman,32x32,12999,-0.00048527587205171585,0.005693834355812441,1.0,0,0,0,,,0.10246703299764771
20260123_224946,2026-01-23T23:05:31.223754,15cedc7a9730972b927f01fdf3bc98946ca1b50a,bellman,32x32,13099,7.529280264861882e-05,0.004802301256435157,1.0,0,0,0,,,0.09869394394214207
20260123_224946,2026-01-23T23:05:32.288464,15cedc7a9730972b927f01fdf3bc98946ca1b50a,bellman,32x32,13199,-0.0003753962810151279,0.005088733801712237,1.0,0,0,0,,,0.1004505168642677
20260123_224946,2026-01-23T23:05:33.437042,15cedc7a9730972b927f01fdf3bc98946ca1b50a,bellman,32x32,13299,7.525333785451949e-05,0.005052793933998032,1.0,0,0,0,,,0.09385048677780722
20260123_224946,2026-01-23T23:05:34.968856,15cedc7a9730972b927f01fdf3bc98946ca1b50a,bellman,32x32,13399,-0.00026172256912104785,0.00400548822170208,1.0,0,0,0,,,0.09717846852467205
20260123_224946,2026-01-23T23:05:36.332159,15cedc7a9730972b927f01fdf3bc98946ca1b50a,bellman,32x32,13499,0.0007979660294950008,0.005151392968577397,1.0,0,0,0,,,0.1009503663331738
20260123_224946,2026-01-23T23:05:37.474466,15cedc7a9730972b927f01fdf3bc98946ca1b50a,bellman,32x32,13599,-8.387560956180096e-05,0.005987407515374343,1.0,0,0,0,,,0.10900169036481858
20260123_224946,2026-01-23T23:05:38.639169,15cedc7a9730972b927f01fdf3bc98946ca1b50a,bellman,32x32,13699,0.0015292870812118053,0.00469311677788653,1.0,0,0,0,,,0.09702872675016003
20260123_224946,2026-01-23T23:05:39.814520,15cedc7a9730972b927f01fdf3bc98946ca1b50a,bellman,32x32,13799,0.0020051102619618177,0.004561159503853105,1.0,0,0,0,,,0.09555313842528892
20260123_224946,2026-01-23T23:05:40.963852,15cedc7a9730972b927f01fdf3bc98946ca1b50a,bellman,32x32,13899,0.0014472694601863623,0.005441414843405709,1.0,0,0,0,,,0.09915705559784221
20260123_224946,2026-01-23T23:05:42.065660,15cedc7a9730972b927f01fdf3bc98946ca1b50a,bellman,32x32,13999,-0.0006996493320912123,0.003639253082549203,1.0,0,0,0,,,0.09701229240278583
20260123_224946,2026-01-23T23:05:43.444109,15cedc7a9730972b927f01fdf3bc98946ca1b50a,bellman,32x32,14099,0.0025878141168504953,0.0030091988383031776,1.0,0,0,0,,,0.09284906772579486
20260123_224946,2026-01-23T23:05:44.687980,15cedc7a9730972b927f01fdf3bc98946ca1b50a,bellman,32x32,14199,-0.0002719011972658336,0.004298897544878741,1.0,0,0,0,,,0.09401442755698403
20260123_224946,2026-01-23T23:05:46.108941,15cedc7a9730972b927f01fdf3bc98946ca1b50a,bellman,32x32,14299,0.00041284970939159393,0.004905420510899603,1.0,0,0,0,,,0.10350846903461364
20260123_224946,2026-01-23T23:05:47.545772,15cedc7a9730972b927f01fdf3bc98946ca1b50a,bellman,32x32,14399,0.001405801740474999,0.004305051101518416,1.0,0,0,0,,,0.10757989424876924
20260123_224946,2026-01-23T23:05:48.715909,15cedc7a9730972b927f01fdf3bc98946ca1b50a,bellman,32x32,14499,-0.0008732762653380632,0.00539942564782109,1.0,0,0,0,,,0.11031471385590745
20260123_224946,2026-01-23T23:05:50.109764,15cedc7a9730972b927f01fdf3bc98946ca1b50a,bellman,32x32,14599,-0.0009568835375830531,0.004983606746449709,1.0,0,0,0,,,0.10484129744205886
20260123_224946,2026-01-23T23:05:51.274645,15cedc7a9730972b927f01fdf3bc98946ca1b50a,bellman,32x32,14699,-0.00021572834521066397,0.00415033182541265,1.0,0,0,0,,,0.10840097510019531
20260123_224946,2026-01-23T23:05:52.442171,15cedc7a9730972b927f01fdf3bc98946ca1b50a,bellman,32x32,14799,0.0006183890509419143,0.004306022812322112,1.0,0,0,0,,,0.11164411487113533
20260123_224946,2026-01-23T23:05:53.530621,15cedc7a9730972b927f01fdf3bc98946ca1b50a,bellman,32x32,14899,-0.0006269578589126468,0.004362013965042024,1.0,0,0,0,,,0.11294385294885333
20260123_224946,2026-01-23T23:05:54.943595,15cedc7a9730972b927f01fdf3bc98946ca1b50a,bellman,32x32,14999,0.0012648720294237137,0.004922706166904049,1.0,0,0,0,,,0.12294071342055518
20260123_224946,2026-01-23T23:05:56.208836,15cedc7a9730972b927f01fdf3bc98946ca1b50a,bellman,32x32,15099,-0.0006778332171961665,0.004403284984285279,1.0,0,0,0,,,0.11899397637074641
20260123_224946,2026-01-23T23:05:57.453521,15cedc7a9730972b927f01fdf3bc98946ca1b50a,bellman,32x32,15199,0.0007340484880842268,0.004689032732031819,1.0,0,0,0,,,0.12473326541122305
20260123_224946,2026-01-23T23:05:58.877724,15cedc7a9730972b927f01fdf3bc98946ca1b50a,bellman,32x32,15299,-0.0006405281601473689,0.006466450519989735,1.0,0,0,0,,,0.13873570969380195
20260123_224946,2026-01-23T23:06:00.012620,15cedc7a9730972b927f01fdf3bc98946ca1b50a,bellman,32x32,15399,0.0013528974959626794,0.006823859780944872,1.0,0,0,0,,,0.1480845396799669
20260123_224946,2026-01-23T23:06:01.141798,15cedc7a9730972b927f01fdf3bc98946ca1b50a,bellman,32x32,15499,0.0008822923991829157,0.006825771296505536,1.0,0,0,0,,,0.15761748076003773
20260123_224946,2026-01-23T23:06:02.256051,15cedc7a9730972b927f01fdf3bc98946ca1b50a,bellman,32x32,15599,0.0010059470077976584,0.006974760661325945,1.0,0,0,0,,,0.16118678388766322
20260123_224946,2026-01-23T23:06:03.388482,15cedc7a9730972b927f01fdf3bc98946ca1b50a,bellman,32x32,15699,-0.0007847942179068923,0.007125278737107692,1.0,0,0,0,,,0.16792365128243958
20260123_224946,2026-01-23T23:06:04.458548,15cedc7a9730972b927f01fdf3bc98946ca1b50a,bellman,32x32,15799,0.0012003368465229869,0.008458407169969177,1.0,0,0,0,,,0.1731231948516766
20260123_224946,2026-01-23T23:06:05.835005,15cedc7a9730972b927f01fdf3bc98946ca1b50a,bellman,32x32,15899,6.810088962083682e-05,0.009253812016754636,1.0,0,0,0,,,0.18800506927968208
20260123_224946,2026-01-23T23:06:07.021575,15cedc7a9730972b927f01fdf3bc98946ca1b50a,bellman,32x32,15999,-0.0007965123513713479,0.007831371990729395,1.0,0,0,0,,,0.18679529253850902
20260123_224946,2026-01-23T23:06:08.159627,15cedc7a9730972b927f01fdf3bc98946ca1b50a,bellman,32x32,16099,-0.00018865590391214937,0.008817084643774252,1.0,0,0,0,,,0.2199422281230305
20260123_224946,2026-01-23T23:06:09.575508,15cedc7a9730972b927f01fdf3bc98946ca1b50a,bellman,32x32,16199,0.0007950105937197804,0.008681882111877712,1.0,0,0,0,,,0.23368316382134557
20260123_224946,2026-01-23T23:06:10.703240,15cedc7a9730972b927f01fdf3bc98946ca1b50a,bellman,32x32,16299,0.0005727861425839365,0.009730939373711181,1.0,0,0,0,,,0.2352618684821331
20260123_224946,2026-01-23T23:06:12.116043,15cedc7a9730972b927f01fdf3bc98946ca1b50a,bellman,32x32,16399,0.0012969054514542222,0.009142212807249734,1.0,0,0,0,,,0.2435525921382864
20260123_224946,2026-01-23T23:06:13.501657,15cedc7a9730972b927f01fdf3bc98946ca1b50a,bellman,32x32,16499,0.0013616012874990702,0.004430332977020726,1.0,0,0,0,,,0.2336324399215729
20260123_224946,2026-01-23T23:06:14.664982,15cedc7a9730972b927f01fdf3bc98946ca1b50a,bellman,32x32,16599,0.0007153324550017715,0.007029479214442063,1.0,0,0,0,,,0.2420864477459272
20260123_224946,2026-01-23T23:06:16.059121,15cedc7a9730972b927f01fdf3bc98946ca1b50a,bellman,32x32,16699,-0.00040254226769320667,0.00882231157097067,1.0,0,0,0,,,0.24731063511877063
20260123_224946,2026-01-23T23:06:17.076012,15cedc7a9730972b927f01fdf3bc98946ca1b50a,bellman,32x32,16799,0.0011207092320546508,0.008179645715865718,1.0,0,0,0,,,0.24095399968924414
20260123_224946,2026-01-23T23:06:18.502748,15cedc7a9730972b927f01fdf3bc98946ca1b50a,bellman,32x32,16899,0.00041553127812221646,0.00882316998104784,1.0,0,0,0,,,0.24388694384917675
20260123_224946,2026-01-23T23:06:19.942560,15cedc7a9730972b927f01fdf3bc98946ca1b50a,bellman,32x32,16999,2.0153507648501545e-05,0.008315735994691521,1.0,0,0,0,,,0.244434909240011
20260123_224946,2026-01-23T23:06:21.091315,15cedc7a9730972b927f01fdf3bc98946ca1b50a,bellman,32x32,17099,0.00020831268921028823,0.007678290553187707,1.0,0,0,0,,,0.24697481477887023
20260123_224946,2026-01-23T23:06:22.521189,15cedc7a9730972b927f01fdf3bc98946ca1b50a,bellman,32x32,17199,0.0006808099569752812,0.0066835657798696956,1.0,0,0,0,,,0.24504921797966672
20260123_224946,2026-01-23T23:06:23.961940,15cedc7a9730972b927f01fdf3bc98946ca1b50a,bellman,32x32,17299,0.00072549405740574,0.007104647496811367,1.0,0,0,0,,,0.25350066287261624
20260123_224946,2026-01-23T23:06:25.352235,15cedc7a9730972b927f01fdf3bc98946ca1b50a,bellman,32x32,17399,0.00023830190184526145,0.007575625654268379,1.0,0,0,0,,,0.2473886332442635
20260123_224946,2026-01-23T23:06:26.555568,15cedc7a9730972b927f01fdf3bc98946ca1b50a,bellman,32x32,17499,0.0001525755214970559,0.0064834419016489165,1.0,0,0,0,,,0.23074729161924468
20260123_224946,2026-01-23T23:06:27.702860,15cedc7a9730972b927f01fdf3bc98946ca1b50a,bellman,32x32,17599,0.0002912063500843942,0.00764019319490501,1.0,0,0,0,,,0.25266930202418453
20260123_224946,2026-01-23T23:06:28.830696,15cedc7a9730972b927f01fdf3bc98946ca1b50a,bellman,32x32,17699,0.0009708252619020641,0.008511397832576222,1.0,0,0,0,,,0.24738558678030204
20260123_224946,2026-01-23T23:06:29.903316,15cedc7a9730972b927f01fdf3bc98946ca1b50a,bellman,32x32,17799,-0.00024563999613747,0.0070747971531011445,1.0,0,0,0,,,0.24002231462087456
20260123_224946,2026-01-23T23:06:31.299709,15cedc7a9730972b927f01fdf3bc98946ca1b50a,bellman,32x32,17899,0.000796465203166008,0.007243055171270499,1.0,0,0,0,,,0.24485289012829975
20260123_224946,2026-01-23T23:06:32.446643,15cedc7a9730972b927f01fdf3bc98946ca1b50a,bellman,32x32,17999,-0.000253000995144248,0.007956445447744044,1.0,0,0,0,,,0.2443532352564452
20260123_224946,2026-01-23T23:06:33.596849,15cedc7a9730972b927f01fdf3bc98946ca1b50a,bellman,32x32,18099,0.0005076931556686759,0.008920420844209503,1.0,0,0,0,,,0.2561683678296226
20260123_224946,2026-01-23T23:06:35.033760,15cedc7a9730972b927f01fdf3bc98946ca1b50a,bellman,32x32,18199,-0.0002893108467105776,0.007110923553574367,1.0,0,0,0,,,0.2490305790917604
20260123_224946,2026-01-23T23:06:36.197185,15cedc7a9730972b927f01fdf3bc98946ca1b50a,bellman,32x32,18299,-0.00016234297072514892,0.005907860077441569,1.0,0,0,0,,,0.24152215109363614
20260123_224946,2026-01-23T23:06:37.615084,15cedc7a9730972b927f01fdf3bc98946ca1b50a,bellman,32x32,18399,0.0010895595187321305,0.006334448682712264,1.0,0,0,0,,,0.24589393167541526
20260123_224946,2026-01-23T23:06:38.786440,15cedc7a9730972b927f01fdf3bc98946ca1b50a,bellman,32x32,18499,0.0010581770911812782,0.009091533509273973,1.0,0,0,0,,,0.2517555928264297
20260123_224946,2026-01-23T23:06:39.923817,15cedc7a9730972b927f01fdf3bc98946ca1b50a,bellman,32x32,18599,0.001441586879082024,0.0073518790169941894,1.0,0,0,0,,,0.2501518604537168
20260123_224946,2026-01-23T23:06:41.032207,15cedc7a9730972b927f01fdf3bc98946ca1b50a,bellman,32x32,18699,1.772486575646326e-05,0.006354797053800212,1.0,0,0,0,,,0.2501067011972199
20260123_224946,2026-01-23T23:06:42.180660,15cedc7a9730972b927f01fdf3bc98946ca1b50a,bellman,32x32,18799,1.3923543519922532e-05,0.006001901189254113,1.0,0,0,0,,,0.25065268328140505
20260123_224946,2026-01-23T23:06:43.529069,15cedc7a9730972b927f01fdf3bc98946ca1b50a,bellman,32x32,18899,0.0009738674270920455,0.0055842647970223425,1.0,0,0,0,,,0.26037370473556165
20260123_224946,2026-01-23T23:06:45.026250,15cedc7a9730972b927f01fdf3bc98946ca1b50a,bellman,32x32,18999,0.0006840131245553493,0.0061305641457727236,1.0,0,0,0,,,0.2584672452836509
20260123_224946,2026-01-23T23:06:46.512339,15cedc7a9730972b927f01fdf3bc98946ca1b50a,bellman,32x32,19099,0.0009275982738472521,0.006518938324821306,1.0,0,0,0,,,0.2500907165552337
20260123_224946,2026-01-23T23:06:48.000652,15cedc7a9730972b927f01fdf3bc98946ca1b50a,bellman,32x32,19199,-0.0009306129068136215,0.005961503578059819,1.0,0,0,0,,,0.25456600702868765
20260123_224946,2026-01-23T23:06:49.176428,15cedc7a9730972b927f01fdf3bc98946ca1b50a,bellman,32x32,19299,0.0007258540135808289,0.006118287903972828,1.0,0,0,0,,,0.2560907947859313
20260123_224946,2026-01-23T23:06:50.332210,15cedc7a9730972b927f01fdf3bc98946ca1b50a,bellman,32x32,19399,0.001281664241105318,0.004604490704098225,1.0,0,0,0,,,0.2501307132962167
20260123_224946,2026-01-23T23:06:51.439896,15cedc7a9730972b927f01fdf3bc98946ca1b50a,bellman,32x32,19499,0.00036399817327037454,0.005995209741641929,1.0,0,0,0,,,0.25914963580461675
20260123_224946,2026-01-23T23:06:52.588571,15cedc7a9730972b927f01fdf3bc98946ca1b50a,bellman,32x32,19599,0.00039418524829670787,0.007675660546644849,1.0,0,0,0,,,0.25934716093449317
20260123_224946,2026-01-23T23:06:53.969459,15cedc7a9730972b927f01fdf3bc98946ca1b50a,bellman,32x32,19699,-2.1135279894224368e-05,0.0067532598035813865,1.0,0,0,0,,,0.256667000946617
20260123_224946,2026-01-23T23:06:55.162539,15cedc7a9730972b927f01fdf3bc98946ca1b50a,bellman,32x32,19799,-0.0003853913221973926,0.006577768721362532,1.0,0,0,0,,,0.2566803379801138
20260123_224946,2026-01-23T23:06:56.262640,15cedc7a9730972b927f01fdf3bc98946ca1b50a,bellman,32x32,19899,-0.00035368528915569186,0.0051817293097644775,1.0,0,0,0,,,0.2647338703554778
20260123_224946,2026-01-23T23:06:57.671279,15cedc7a9730972b927f01fdf3bc98946ca1b50a,bellman,32x32,19999,0.0006290771416388452,0.008679384270008085,1.0,0,0,0,,,0.26466876748809687
20260123_224946,2026-01-23T23:06:59.037070,15cedc7a9730972b927f01fdf3bc98946ca1b50a,bellman,32x32,20099,0.00018338764493819326,0.007462081522187986,1.0,0,0,0,,,0.26940567888267436
20260123_224946,2026-01-23T23:07:00.131695,15cedc7a9730972b927f01fdf3bc98946ca1b50a,bellman,32x32,20199,-0.00012679092469625175,0.0068278923642532165,1.0,0,0,0,,,0.2645169174018587
20260123_224946,2026-01-23T23:07:01.481110,15cedc7a9730972b927f01fdf3bc98946ca1b50a,bellman,32x32,20299,-0.00021513742103707045,0.007231711390011242,1.0,0,0,0,,,0.25436419348138295
20260123_224946,2026-01-23T23:07:02.860231,15cedc7a9730972b927f01fdf3bc98946ca1b50a,bellman,32x32,20399,0.00025484885554760695,0.006347058354249384,1.0,0,0,0,,,0.26170543653207423
20260123_224946,2026-01-23T23:07:04.336759,15cedc7a9730972b927f01fdf3bc98946ca1b50a,bellman,32x32,20499,0.00043789425399154425,0.005521858344716293,1.0,0,0,0,,,0.2598347418776502
20260123_224946,2026-01-23T23:07:05.889722,15cedc7a9730972b927f01fdf3bc98946ca1b50a,bellman,32x32,20599,0.0005859705270268023,0.0066356967580338735,1.0,0,0,0,,,0.26462389794064684
20260123_224946,2026-01-23T23:07:07.023937,15cedc7a9730972b927f01fdf3bc98946ca1b50a,bellman,32x32,20699,0.0004071229777764529,0.00884237659407745,1.0,0,0,0,,,0.2652384517483225
20260123_224946,2026-01-23T23:07:08.443604,15cedc7a9730972b927f01fdf3bc98946ca1b50a,bellman,32x32,20799,-0.0008569750934839249,0.0065498127513262715,1.0,0,0,0,,,0.2627504872602515
20260123_224946,2026-01-23T23:07:09.563637,15cedc7a9730972b927f01fdf3bc98946ca1b50a,bellman,32x32,20899,-0.00029673855169676244,0.0061315972765248715,1.0,0,0,0,,,0.26956094074360293
20260123_224946,2026-01-23T23:07:10.676898,15cedc7a9730972b927f01fdf3bc98946ca1b50a,bellman,32x32,20999,8.221384632633999e-05,0.008687054314364104,1.0,0,0,0,,,0.26841610251991244
20260123_224946,2026-01-23T23:07:12.073931,15cedc7a9730972b927f01fdf3bc98946ca1b50a,bellman,32x32,21099,0.0018304153345525265,0.006545575741012613,1.0,0,0,0,,,0.2678029870781493
20260123_224946,2026-01-23T23:07:13.173268,15cedc7a9730972b927f01fdf3bc98946ca1b50a,bellman,32x32,21199,-0.0009111855761148036,0.0056206845834435625,1.0,0,0,0,,,0.24908403261153986
20260123_224946,2026-01-23T23:07:14.654929,15cedc7a9730972b927f01fdf3bc98946ca1b50a,bellman,32x32,21299,0.00011000851372955367,0.004786365988435364,1.0,0,0,0,,,0.2588037036801022
20260123_224946,2026-01-23T23:07:16.047115,15cedc7a9730972b927f01fdf3bc98946ca1b50a,bellman,32x32,21399,0.00016772760136518627,0.006229116641861197,1.0,0,0,0,,,0.26355388093065
20260123_224946,2026-01-23T23:07:17.528187,15cedc7a9730972b927f01fdf3bc98946ca1b50a,bellman,32x32,21499,0.0005546871107071638,0.007588256142638556,1.0,0,0,0,,,0.25319896703871747
20260123_224946,2026-01-23T23:07:18.715326,15cedc7a9730972b927f01fdf3bc98946ca1b50a,bellman,32x32,21599,0.0014728304231539369,0.0067543726181509105,1.0,0,0,0,,,0.2657899714546797
20260123_224946,2026-01-23T23:07:20.248343,15cedc7a9730972b927f01fdf3bc98946ca1b50a,bellman,32x32,21699,0.0009447508491575718,0.006852112935687842,1.0,0,0,0,,,0.2656849602875535
20260123_224946,2026-01-23T23:07:21.392821,15cedc7a9730972b927f01fdf3bc98946ca1b50a,bellman,32x32,21799,0.0006677151541225612,0.007544103727929042,1.0,0,0,0,,,0.2647196257478166
20260123_224946,2026-01-23T23:07:22.493998,15cedc7a9730972b927f01fdf3bc98946ca1b50a,bellman,32x32,21899,-0.000682431214954704,0.006497771928257521,1.0,0,0,0,,,0.25940266391913974
20260123_224946,2026-01-23T23:07:23.588685,15cedc7a9730972b927f01fdf3bc98946ca1b50a,bellman,32x32,21999,-0.0002704292128328234,0.008839877505076857,1.0,0,0,0,,,0.2845949329093835
20260123_224946,2026-01-23T23:07:25.061297,15cedc7a9730972b927f01fdf3bc98946ca1b50a,bellman,32x32,22099,-0.0002064008585875854,0.00672090205319023,1.0,0,0,0,,,0.26527744898181926
20260123_224946,2026-01-23T23:07:26.452808,15cedc7a9730972b927f01fdf3bc98946ca1b50a,bellman,32x32,22199,0.0012849824270233512,0.005368334796522163,1.0,0,0,0,,,0.2662258355204159
20260123_224946,2026-01-23T23:07:27.921787,15cedc7a9730972b927f01fdf3bc98946ca1b50a,bellman,32x32,22299,0.0004135262279305607,0.006925262481876189,1.0,0,0,0,,,0.27246735580293235
20260123_224946,2026-01-23T23:07:29.300079,15cedc7a9730972b927f01fdf3bc98946ca1b50a,bellman,32x32,22399,0.00013714161468669772,0.007011934178610204,1.0,0,0,0,,,0.2741044111661656
20260123_224946,2026-01-23T23:07:30.745034,15cedc7a9730972b927f01fdf3bc98946ca1b50a,bellman,32x32,22499,-2.3358506950899027e-06,0.008240594580037737,1.0,0,0,0,,,0.2791657155554785
20260123_224946,2026-01-23T23:07:32.185892,15cedc7a9730972b927f01fdf3bc98946ca1b50a,bellman,32x32,22599,0.0003030051593668759,0.00647177960547765,1.0,0,0,0,,,0.2675634545525579
20260123_224946,2026-01-23T23:07:33.665124,15cedc7a9730972b927f01fdf3bc98946ca1b50a,bellman,32x32,22699,3.0882609280524775e-05,0.0065296935549423556,1.0,0,0,0,,,0.27081625260393455
20260123_224946,2026-01-23T23:07:34.820999,15cedc7a9730972b927f01fdf3bc98946ca1b50a,bellman,32x32,22799,-0.000441258103819564,0.007900320915470615,1.0,0,0,0,,,0.27273597154207574
20260123_224946,2026-01-23T23:07:35.929358,15cedc7a9730972b927f01fdf3bc98946ca1b50a,bellman,32x32,22899,-0.00016808402142487466,0.008072334092784104,1.0,0,0,0,,,0.28103618404616126
20260123_224946,2026-01-23T23:07:37.070201,15cedc7a9730972b927f01fdf3bc98946ca1b50a,bellman,32x32,22999,0.0006201937212608755,0.010630057939472977,1.0,0,0,0,,,0.2747519911352716
20260123_224946,2026-01-23T23:07:38.440274,15cedc7a9730972b927f01fdf3bc98946ca1b50a,bellman,32x32,23099,0.000919436861295253,0.009287158316753903,1.0,0,0,0,,,0.27927737083179094
20260123_224946,2026-01-23T23:07:39.515511,15cedc7a9730972b927f01fdf3bc98946ca1b50a,bellman,32x32,23199,-0.0005208202637732029,0.006013818277507426,1.0,0,0,0,,,0.27524314585765264
20260123_224946,2026-01-23T23:07:40.930661,15cedc7a9730972b927f01fdf3bc98946ca1b50a,bellman,32x32,23299,-0.0004978420911356807,0.007455995237754678,1.0,0,0,0,,,0.28325650268754904
20260123_224946,2026-01-23T23:07:42.214455,15cedc7a9730972b927f01fdf3bc98946ca1b50a,bellman,32x32,23399,0.0007271997164934874,0.005585030651860165,1.0,0,0,0,,,0.27421290612127525
20260123_224946,2026-01-23T23:07:43.572242,15cedc7a9730972b927f01fdf3bc98946ca1b50a,bellman,32x32,23499,3.0515857361024246e-05,0.007374693439790576,1.0,0,0,0,,,0.2862857008160692
20260123_224946,2026-01-23T23:07:44.928234,15cedc7a9730972b927f01fdf3bc98946ca1b50a,bellman,32x32,23599,0.00014809959975536913,0.008403699834851182,1.0,0,0,0,,,0.28663327746443457
20260123_224946,2026-01-23T23:07:46.329118,15cedc7a9730972b927f01fdf3bc98946ca1b50a,bellman,32x32,23699,0.0012463954044505954,0.008365920252448972,1.0,0,0,0,,,0.28625022804123423
20260123_224946,2026-01-23T23:07:47.737865,15cedc7a9730972b927f01fdf3bc98946ca1b50a,bellman,32x32,23799,-9.047849016496912e-05,0.007596972375551445,1.0,0,0,0,,,0.2673992210623448
20260123_224946,2026-01-23T23:07:49.135450,15cedc7a9730972b927f01fdf3bc98946ca1b50a,bellman,32x32,23899,0.0014820764772593975,0.007508172548234029,1.0,0,0,0,,,0.2752945958722878
20260123_224946,2026-01-23T23:07:50.243459,15cedc7a9730972b927f01fdf3bc98946ca1b50a,bellman,32x32,23999,-0.00015310884919017553,0.008115862807740086,1.0,0,0,0,,,0.28810142924166315
20260123_224946,2026-01-23T23:07:51.313199,15cedc7a9730972b927f01fdf3bc98946ca1b50a,bellman,32x32,24099,-7.110425212886184e-05,0.007233539703345854,1.0,0,0,0,,,0.28673160043245677
20260123_224946,2026-01-23T23:07:52.473477,15cedc7a9730972b927f01fdf3bc98946ca1b50a,bellman,32x32,24199,0.000876169593539089,0.008064367610924137,1.0,0,0,0,,,0.2889829466930878
20260123_224946,2026-01-23T23:07:53.903549,15cedc7a9730972b927f01fdf3bc98946ca1b50a,bellman,32x32,24299,0.000871542317327112,0.010069397509993791,1.0,0,0,0,,,0.28457934622376396
20260123_224946,2026-01-23T23:07:55.334565,15cedc7a9730972b927f01fdf3bc98946ca1b50a,bellman,32x32,24399,0.0009583965875208378,0.0076688063623225845,1.0,0,0,0,,,0.28416435742523016
20260123_224946,2026-01-23T23:07:56.816521,15cedc7a9730972b927f01fdf3bc98946ca1b50a,bellman,32x32,24499,-0.0005720530753023922,0.010111269986335856,1.0,0,0,0,,,0.2984233808189082
20260123_224946,2026-01-23T23:07:58.297297,15cedc7a9730972b927f01fdf3bc98946ca1b50a,bellman,32x32,24599,-0.0006294779595918953,0.006815082599574112,1.0,0,0,0,,,0.28396374855851575
20260123_224946,2026-01-23T23:07:59.346430,15cedc7a9730972b927f01fdf3bc98946ca1b50a,bellman,32x32,24699,-0.0008087005116976798,0.006362739436075912,1.0,0,0,0,,,0.2829745862004518
20260123_224946,2026-01-23T23:08:00.475251,15cedc7a9730972b927f01fdf3bc98946ca1b50a,bellman,32x32,24799,-2.4340719392057508e-05,0.007815989608513974,1.0,0,0,0,,,0.29687138455944656
20260123_224946,2026-01-23T23:08:01.578138,15cedc7a9730972b927f01fdf3bc98946ca1b50a,bellman,32x32,24899,0.001184138935059309,0.007551323443503293,1.0,0,0,0,,,0.3001688620897758
20260123_224946,2026-01-23T23:08:02.676652,15cedc7a9730972b927f01fdf3bc98946ca1b50a,bellman,32x32,24999,0.0009804118890315294,0.008498186031001751,1.0,0,0,0,,,0.29269905451456435
20260123_224946,2026-01-23T23:08:03.783229,15cedc7a9730972b927f01fdf3bc98946ca1b50a,bellman,32x32,25099,-0.00033983905450440943,0.006968252897131606,1.0,0,0,0,,,0.2706209996574932
20260123_224946,2026-01-23T23:08:04.860345,15cedc7a9730972b927f01fdf3bc98946ca1b50a,bellman,32x32,25199,-0.00014243231271393597,0.005673890128689436,1.0,0,0,0,,,0.2885064886582832
20260123_224946,2026-01-23T23:08:06.284987,15cedc7a9730972b927f01fdf3bc98946ca1b50a,bellman,32x32,25299,-0.00038567386218346655,0.0076530123703958,1.0,0,0,0,,,0.29633887195832836
20260123_224946,2026-01-23T23:08:07.614152,15cedc7a9730972b927f01fdf3bc98946ca1b50a,bellman,32x32,25399,-0.00023157798568718135,0.010004302413387905,1.0,0,0,0,,,0.28617003446847683
20260123_224946,2026-01-23T23:08:08.788762,15cedc7a9730972b927f01fdf3bc98946ca1b50a,bellman,32x32,25499,-0.00032746969372965395,0.006831371415943295,1.0,0,0,0,,,0.29012387583661775
20260123_224946,2026-01-23T23:08:09.903981,15cedc7a9730972b927f01fdf3bc98946ca1b50a,bellman,32x32,25599,-0.0002900744730141014,0.005972303833619321,1.0,0,0,0,,,0.2906271804221394
20260123_224946,2026-01-23T23:08:11.032206,15cedc7a9730972b927f01fdf3bc98946ca1b50a,bellman,32x32,25699,-3.232451854273677e-05,0.0065476791771152424,1.0,0,0,0,,,0.292073062637047
20260123_224946,2026-01-23T23:08:12.143835,15cedc7a9730972b927f01fdf3bc98946ca1b50a,bellman,32x32,25799,8.280520705739036e-05,0.00720124594821641,1.0,0,0,0,,,0.28582787969451673
20260123_224946,2026-01-23T23:08:13.631556,15cedc7a9730972b927f01fdf3bc98946ca1b50a,bellman,32x32,25899,-2.758345362963155e-05,0.008596416689670719,1.0,0,0,0,,,0.3001528075862483
20260123_224946,2026-01-23T23:08:15.026435,15cedc7a9730972b927f01fdf3bc98946ca1b50a,bellman,32x32,25999,-0.0007390253595076501,0.005916870951720057,1.0,0,0,0,,,0.2959286310387719
20260123_224946,2026-01-23T23:08:16.411041,15cedc7a9730972b927f01fdf3bc98946ca1b50a,bellman,32x32,26099,0.0006666565896011889,0.008042804157023511,1.0,0,0,0,,,0.2849462357338056
20260123_224946,2026-01-23T23:08:17.563077,15cedc7a9730972b927f01fdf3bc98946ca1b50a,bellman,32x32,26199,-0.0004889193805865943,0.0068988729668927815,1.0,0,0,0,,,0.2911262158742358
20260123_224946,2026-01-23T23:08:18.680760,15cedc7a9730972b927f01fdf3bc98946ca1b50a,bellman,32x32,26299,0.000560883607249707,0.0065023214531123585,1.0,0,0,0,,,0.2986328052454038
20260123_224946,2026-01-23T23:08:19.793485,15cedc7a9730972b927f01fdf3bc98946ca1b50a,bellman,32x32,26399,0.0011695822468027472,0.006114649385695543,1.0,0,0,0,,,0.27993014487443707
20260123_224946,2026-01-23T23:08:20.910957,15cedc7a9730972b927f01fdf3bc98946ca1b50a,bellman,32x32,26499,0.00031281678820960224,0.007765360073921102,1.0,0,0,0,,,0.2914984954478157
20260123_224946,2026-01-23T23:08:21.984948,15cedc7a9730972b927f01fdf3bc98946ca1b50a,bellman,32x32,26599,0.0007370010716840625,0.007242687959715113,1.0,0,0,0,,,0.2961960141179565
20260123_224946,2026-01-23T23:08:23.133686,15cedc7a9730972b927f01fdf3bc98946ca1b50a,bellman,32x32,26699,0.00042124357423745096,0.0037688027059181194,1.0,0,0,0,,,0.23943209689061334
20260123_224946,2026-01-23T23:08:24.225950,15cedc7a9730972b927f01fdf3bc98946ca1b50a,bellman,32x32,26799,0.0010133348405361176,0.005619080771714948,1.0,0,0,0,,,0.2746407823251364
20260123_224946,2026-01-23T23:08:25.357494,15cedc7a9730972b927f01fdf3bc98946ca1b50a,bellman,32x32,26899,-0.0007786070927977562,0.006493375088202242,1.0,0,0,0,,,0.2921521266246191
20260123_224946,2026-01-23T23:08:26.753344,15cedc7a9730972b927f01fdf3bc98946ca1b50a,bellman,32x32,26999,0.0005301822093315423,0.006676253252641402,1.0,0,0,0,,,0.3036411045372277
20260123_224946,2026-01-23T23:08:28.204675,15cedc7a9730972b927f01fdf3bc98946ca1b50a,bellman,32x32,27099,0.0009643833036534488,0.008447813220742546,1.0,0,0,0,,,0.30447761910545645
20260123_224946,2026-01-23T23:08:29.611036,15cedc7a9730972b927f01fdf3bc98946ca1b50a,bellman,32x32,27199,0.00011564086162252352,0.009748263609082528,1.0,0,0,0,,,0.3129751015060762
20260123_224946,2026-01-23T23:08:30.930165,15cedc7a9730972b927f01fdf3bc98946ca1b50a,bellman,32x32,27299,-0.0005581874283961952,0.008565440011235523,1.0,0,0,0,,,0.3143571904324171
20260123_224946,2026-01-23T23:08:32.426155,15cedc7a9730972b927f01fdf3bc98946ca1b50a,bellman,32x32,27399,-0.000253913487540558,0.01050626812336418,1.0,0,0,0,,,0.31408915680861893
20260123_224946,2026-01-23T23:08:33.817371,15cedc7a9730972b927f01fdf3bc98946ca1b50a,bellman,32x32,27499,0.0009503934998065233,0.01121182854776805,1.0,0,0,0,,,0.31439693150870296
20260123_224946,2026-01-23T23:08:35.081220,15cedc7a9730972b927f01fdf3bc98946ca1b50a,bellman,32x32,27599,-0.0006161144701763988,0.008866589115762623,1.0,0,0,0,,,0.31264006285266654
20260123_224946,2026-01-23T23:08:36.486869,15cedc7a9730972b927f01fdf3bc98946ca1b50a,bellman,32x32,27699,0.00032583950087428093,0.007790019122117542,1.0,0,0,0,,,0.31036691262277283
20260123_224946,2026-01-23T23:08:37.895275,15cedc7a9730972b927f01fdf3bc98946ca1b50a,bellman,32x32,27799,0.00039186637150123715,0.010026383166893993,1.0,0,0,0,,,0.31538595788001433
20260123_224946,2026-01-23T23:08:39.294077,15cedc7a9730972b927f01fdf3bc98946ca1b50a,bellman,32x32,27899,-0.0003930584935005754,0.009046072981529391,1.0,0,0,0,,,0.31270912167063747
20260123_224946,2026-01-23T23:08:40.616328,15cedc7a9730972b927f01fdf3bc98946ca1b50a,bellman,32x32,27999,0.0001537364296382293,0.0069769179969000564,1.0,0,0,0,,,0.31321507844354135
20260123_224946,2026-01-23T23:08:41.718860,15cedc7a9730972b927f01fdf3bc98946ca1b50a,bellman,32x32,28099,0.0007847313536331058,0.009316925254137232,1.0,0,0,0,,,0.30733995530742164
20260123_224946,2026-01-23T23:08:42.824618,15cedc7a9730972b927f01fdf3bc98946ca1b50a,bellman,32x32,28199,5.161758508620551e-06,0.008381355576152032,1.0,0,0,0,,,0.30575734631349616
20260123_224946,2026-01-23T23:08:44.239352,15cedc7a9730972b927f01fdf3bc98946ca1b50a,bellman,32x32,28299,0.0002754982851911336,0.009731107200895508,1.0,0,0,0,,,0.31201075508865994
20260123_224946,2026-01-23T23:08:45.647276,15cedc7a9730972b927f01fdf3bc98946ca1b50a,bellman,32x32,28399,-0.0005158423446118832,0.00770815212079043,1.0,0,0,0,,,0.28359302904314265
20260123_224946,2026-01-23T23:08:47.037016,15cedc7a9730972b927f01fdf3bc98946ca1b50a,bellman,32x32,28499,0.00012408311886247247,0.00819555129421417,1.0,0,0,0,,,0.30419904026782985
20260123_224946,2026-01-23T23:08:48.201118,15cedc7a9730972b927f01fdf3bc98946ca1b50a,bellman,32x32,28599,-0.0002531587379053235,0.009003423320472166,1.0,0,0,0,,,0.3088323339698995
20260123_224946,2026-01-23T23:08:49.374727,15cedc7a9730972b927f01fdf3bc98946ca1b50a,bellman,32x32,28699,1.4727058442076668e-05,0.007157293507925147,1.0,0,0,0,,,0.3041628294900015
20260123_224946,2026-01-23T23:08:50.874198,15cedc7a9730972b927f01fdf3bc98946ca1b50a,bellman,32x32,28799,-0.0002171255327994004,0.007400088713833668,1.0,0,0,0,,,0.2933215082763726
20260123_224946,2026-01-23T23:08:52.343939,15cedc7a9730972b927f01fdf3bc98946ca1b50a,bellman,32x32,28899,-0.0004131202003918588,0.007317469659219853,1.0,0,0,0,,,0.3145531459254435
20260123_224946,2026-01-23T23:08:53.822465,15cedc7a9730972b927f01fdf3bc98946ca1b50a,bellman,32x32,28999,0.0010766152990981936,0.00997990230385767,1.0,0,0,0,,,0.31717393757615264
20260123_224946,2026-01-23T23:08:55.212310,15cedc7a9730972b927f01fdf3bc98946ca1b50a,bellman,32x32,29099,0.0005698952591046691,0.007691052922314157,1.0,0,0,0,,,0.3171724404511865
20260123_224946,2026-01-23T23:08:56.717826,15cedc7a9730972b927f01fdf3bc98946ca1b50a,bellman,32x32,29199,0.0008648182265460491,0.008417873501302893,1.0,0,0,0,,,0.31508342499226416
20260123_224946,2026-01-23T23:08:58.188709,15cedc7a9730972b927f01fdf3bc98946ca1b50a,bellman,32x32,29299,-0.0011008725268766284,0.008498322121527907,1.0,0,0,0,,,0.32331843541919714
20260123_224946,2026-01-23T23:08:59.568120,15cedc7a9730972b927f01fdf3bc98946ca1b50a,bellman,32x32,29399,-0.00010170152381761,0.007678069599726882,1.0,0,0,0,,,0.31166303728361644
20260123_224946,2026-01-23T23:09:00.975924,15cedc7a9730972b927f01fdf3bc98946ca1b50a,bellman,32x32,29499,0.0013098990311846137,0.007318009964704686,1.0,0,0,0,,,0.30181186015105826
20260123_224946,2026-01-23T23:09:02.368303,15cedc7a9730972b927f01fdf3bc98946ca1b50a,bellman,32x32,29599,0.00024763820692896843,0.008208971129185443,1.0,0,0,0,,,0.30950627197413594
20260123_224946,2026-01-23T23:09:03.616370,15cedc7a9730972b927f01fdf3bc98946ca1b50a,bellman,32x32,29699,-0.0003375655796844512,0.008986925023573917,1.0,0,0,0,,,0.31058572375332033
20260123_224946,2026-01-23T23:09:04.872899,15cedc7a9730972b927f01fdf3bc98946ca1b50a,bellman,32x32,29799,0.000641712686046958,0.008388232259706,1.0,0,0,0,,,0.3141259331154663
20260123_224946,2026-01-23T23:09:06.233977,15cedc7a9730972b927f01fdf3bc98946ca1b50a,bellman,32x32,29899,0.0008181795128621161,0.008134709588596821,1.0,0,0,0,,,0.31894701711110873
20260123_224946,2026-01-23T23:09:07.587569,15cedc7a9730972b927f01fdf3bc98946ca1b50a,bellman,32x32,29999,8.069153409451246e-05,0.007286860804409229,1.0,0,0,0,,,0.3080698720431901
20260123_224946,2026-01-23T23:09:08.915603,15cedc7a9730972b927f01fdf3bc98946ca1b50a,bellman,32x32,30099,0.0028463881462812424,0.00036992102543951686,1.0,0,0,0,,,0.06343193001376807
20260123_224946,2026-01-23T23:09:10.050289,15cedc7a9730972b927f01fdf3bc98946ca1b50a,bellman,32x32,30199,0.002821820555254817,0.0006249013331183306,1.0,0,0,0,,,0.07168805673428583
20260123_224946,2026-01-23T23:09:11.144221,15cedc7a9730972b927f01fdf3bc98946ca1b50a,bellman,32x32,30299,0.0004858581523876637,0.0007587754711693861,1.0,0,0,0,,,0.07643572803587502
20260123_224946,2026-01-23T23:09:12.177831,15cedc7a9730972b927f01fdf3bc98946ca1b50a,bellman,32x32,30399,0.0015511983074247837,0.0008381810684544533,1.0,0,0,0,,,0.08086537984586302
20260123_224946,2026-01-23T23:09:13.220835,15cedc7a9730972b927f01fdf3bc98946ca1b50a,bellman,32x32,30499,0.0004130034940317273,0.0008835415180099204,1.0,0,0,0,,,0.08271947478006945
20260123_224946,2026-01-23T23:09:14.649169,15cedc7a9730972b927f01fdf3bc98946ca1b50a,bellman,32x32,30599,-0.0005411420715972781,0.000959255120830349,1.0,0,0,0,,,0.08480147540510385
20260123_224946,2026-01-23T23:09:16.126615,15cedc7a9730972b927f01fdf3bc98946ca1b50a,bellman,32x32,30699,0.0009791600750759244,0.0008914129252473657,1.0,0,0,0,,,0.08729741925404956
20260123_224946,2026-01-23T23:09:17.457859,15cedc7a9730972b927f01fdf3bc98946ca1b50a,bellman,32x32,30799,-0.00010130665759788826,0.0009163262479714974,1.0,0,0,0,,,0.09011874796858005
20260123_224946,2026-01-23T23:09:18.790396,15cedc7a9730972b927f01fdf3bc98946ca1b50a,bellman,32x32,30899,0.0011943720746785402,0.0011545727144909534,1.0,0,0,0,,,0.09295180548808893
20260123_224946,2026-01-23T23:09:19.827057,15cedc7a9730972b927f01fdf3bc98946ca1b50a,bellman,32x32,30999,6.516532448586076e-05,0.0011174190164463483,1.0,0,0,0,,,0.09350762451321964
20260123_224946,2026-01-23T23:09:20.916310,15cedc7a9730972b927f01fdf3bc98946ca1b50a,bellman,32x32,31099,0.0012276115594431758,0.0010479935103356298,1.0,0,0,0,,,0.09093337557697231
20260123_224946,2026-01-23T23:09:22.043379,15cedc7a9730972b927f01fdf3bc98946ca1b50a,bellman,32x32,31199,0.0009537002188153565,0.0010389940189656243,1.0,0,0,0,,,0.09497654962111214
20260123_224946,2026-01-23T23:09:23.463974,15cedc7a9730972b927f01fdf3bc98946ca1b50a,bellman,32x32,31299,-0.0013237791135907173,0.001088147677375133,1.0,0,0,0,,,0.0950614698453016
20260123_224946,2026-01-23T23:09:24.604298,15cedc7a9730972b927f01fdf3bc98946ca1b50a,bellman,32x32,31399,0.0019907006062567234,0.0011613883841636863,1.0,0,0,0,,,0.09617526985403418
20260123_224946,2026-01-23T23:09:26.031153,15cedc7a9730972b927f01fdf3bc98946ca1b50a,bellman,32x32,31499,0.0007012453279457986,0.0010992371597981076,1.0,0,0,0,,,0.09532938984872896
20260123_224946,2026-01-23T23:09:27.499544,15cedc7a9730972b927f01fdf3bc98946ca1b50a,bellman,32x32,31599,-0.0017630899092182517,0.0010327055911173487,1.0,0,0,0,,,0.09423171245869838
20260123_224946,2026-01-23T23:09:28.970432,15cedc7a9730972b927f01fdf3bc98946ca1b50a,bellman,32x32,31699,-0.0007611775072291493,0.001263297235844547,1.0,0,0,0,,,0.0969394750304394
20260123_224946,2026-01-23T23:09:30.025024,15cedc7a9730972b927f01fdf3bc98946ca1b50a,bellman,32x32,31799,0.00021623590146191418,0.0012543685522747694,1.0,0,0,0,,,0.0970520063958084
20260123_224946,2026-01-23T23:09:31.457183,15cedc7a9730972b927f01fdf3bc98946ca1b50a,bellman,32x32,31899,0.0002177148126065731,0.001096234403682459,1.0,0,0,0,,,0.09540469993429716
20260123_224946,2026-01-23T23:09:32.563329,15cedc7a9730972b927f01fdf3bc98946ca1b50a,bellman,32x32,31999,-0.0013275191886350513,0.001127152650196166,1.0,0,0,0,,,0.09761457137723259
20260123_224946,2026-01-23T23:09:33.666248,15cedc7a9730972b927f01fdf3bc98946ca1b50a,bellman,32x32,32099,0.0003437953710090369,0.001309040172474667,1.0,0,0,0,,,0.09873053745033239
20260123_224946,2026-01-23T23:09:35.044415,15cedc7a9730972b927f01fdf3bc98946ca1b50a,bellman,32x32,32199,0.0007433759747073054,0.0012733040396491902,1.0,0,0,0,,,0.098973426730295
20260123_224946,2026-01-23T23:09:36.478908,15cedc7a9730972b927f01fdf3bc98946ca1b50a,bellman,32x32,32299,0.00010856896551558748,0.0012493310655304413,1.0,0,0,0,,,0.1002483622057194
20260123_224946,2026-01-23T23:09:37.861858,15cedc7a9730972b927f01fdf3bc98946ca1b50a,bellman,32x32,32399,0.0006783857243135571,0.0011555059502453703,1.0,0,0,0,,,0.10081051817304053
20260123_224946,2026-01-23T23:09:39.052793,15cedc7a9730972b927f01fdf3bc98946ca1b50a,bellman,32x32,32499,-0.00040177349001169205,0.0013340946351357984,1.0,0,0,0,,,0.10190770125365778
20260123_224946,2026-01-23T23:09:40.235270,15cedc7a9730972b927f01fdf3bc98946ca1b50a,bellman,32x32,32599,0.0005227853544056416,0.0012634097163417835,1.0,0,0,0,,,0.10344630696818591
20260123_224946,2026-01-23T23:09:41.688663,15cedc7a9730972b927f01fdf3bc98946ca1b50a,bellman,32x32,32699,0.0010710943024605513,0.0013711471388842256,1.0,0,0,0,,,0.10460207468132399
20260123_224946,2026-01-23T23:09:42.753704,15cedc7a9730972b927f01fdf3bc98946ca1b50a,bellman,32x32,32799,0.0011057486990466714,0.001416402187274315,1.0,0,0,0,,,0.10358772338932141
20260123_224946,2026-01-23T23:09:43.866312,15cedc7a9730972b927f01fdf3bc98946ca1b50a,bellman,32x32,32899,-4.3268868466839194e-05,0.0013018527075065122,1.0,0,0,0,,,0.09754578222811618
20260123_224946,2026-01-23T23:09:45.295351,15cedc7a9730972b927f01fdf3bc98946ca1b50a,bellman,32x32,32999,0.002569790929555893,0.0012824742899972819,1.0,0,0,0,,,0.09790192881798328
20260123_224946,2026-01-23T23:09:46.536243,15cedc7a9730972b927f01fdf3bc98946ca1b50a,bellman,32x32,33099,0.0013077144976705313,0.0013776574560667144,1.0,0,0,0,,,0.10056369429165374
20260123_224946,2026-01-23T23:09:47.979531,15cedc7a9730972b927f01fdf3bc98946ca1b50a,bellman,32x32,33199,0.00018941280723083764,0.0014403859725022983,1.0,0,0,0,,,0.10064952578820639
20260123_224946,2026-01-23T23:09:49.325097,15cedc7a9730972b927f01fdf3bc98946ca1b50a,bellman,32x32,33299,0.0010099014034494758,0.0014271379703896514,1.0,0,0,0,,,0.10312605103184769
20260123_224946,2026-01-23T23:09:50.734285,15cedc7a9730972b927f01fdf3bc98946ca1b50a,bellman,32x32,33399,0.00020529463654384017,0.001439082675131118,1.0,0,0,0,,,0.10311396336720186
20260123_224946,2026-01-23T23:09:51.881003,15cedc7a9730972b927f01fdf3bc98946ca1b50a,bellman,32x32,33499,0.0006765031721442938,0.0012434597695686733,1.0,0,0,0,,,0.09875207072234406
20260123_224946,2026-01-23T23:09:53.315738,15cedc7a9730972b927f01fdf3bc98946ca1b50a,bellman,32x32,33599,0.0010945741087198257,0.0013725251218528456,1.0,0,0,0,,,0.10525260212585921
20260123_224946,2026-01-23T23:09:54.741208,15cedc7a9730972b927f01fdf3bc98946ca1b50a,bellman,32x32,33699,0.0012553936103358865,0.0015534464006827875,1.0,0,0,0,,,0.106309273042525
20260123_224946,2026-01-23T23:09:55.909669,15cedc7a9730972b927f01fdf3bc98946ca1b50a,bellman,32x32,33799,-0.000732982240151614,0.0014661759353671755,1.0,0,0,0,,,0.10526302130569466
20260123_224946,2026-01-23T23:09:57.319624,15cedc7a9730972b927f01fdf3bc98946ca1b50a,bellman,32x32,33899,0.001571935135871172,0.0015384394884356567,1.0,0,0,0,,,0.10759500827082796
20260123_224946,2026-01-23T23:09:58.819551,15cedc7a9730972b927f01fdf3bc98946ca1b50a,bellman,32x32,33999,4.368483496364206e-05,0.00162858054613082,1.0,0,0,0,,,0.10943027755543416
20260123_224946,2026-01-23T23:10:00.316540,15cedc7a9730972b927f01fdf3bc98946ca1b50a,bellman,32x32,34099,0.0012565121287479997,0.001573099011919794,1.0,0,0,0,,,0.10823374932323657
20260123_224946,2026-01-23T23:10:01.486661,15cedc7a9730972b927f01fdf3bc98946ca1b50a,bellman,32x32,34199,0.0006812831270508468,0.0014924772690952893,1.0,0,0,0,,,0.10362011514543211
20260123_224946,2026-01-23T23:10:03.053127,15cedc7a9730972b927f01fdf3bc98946ca1b50a,bellman,32x32,34299,-0.00020190939540043473,0.001844267245877944,1.0,0,0,0,,,0.10873152185664106
20260123_224946,2026-01-23T23:10:04.183439,15cedc7a9730972b927f01fdf3bc98946ca1b50a,bellman,32x32,34399,-0.0007493482553400099,0.0014531603504399015,1.0,0,0,0,,,0.10399671086277035
20260123_224946,2026-01-23T23:10:05.308323,15cedc7a9730972b927f01fdf3bc98946ca1b50a,bellman,32x32,34499,-0.0009584508370608091,0.0018843496284408445,1.0,0,0,0,,,0.10715081912019125
20260123_224946,2026-01-23T23:10:06.371616,15cedc7a9730972b927f01fdf3bc98946ca1b50a,bellman,32x32,34599,0.0005042583798058331,0.0014787301234504468,1.0,0,0,0,,,0.10732614887301467
20260123_224946,2026-01-23T23:10:07.799412,15cedc7a9730972b927f01fdf3bc98946ca1b50a,bellman,32x32,34699,-0.0007905914098955691,0.0018983824588528365,1.0,0,0,0,,,0.1092160553203373
20260123_224946,2026-01-23T23:10:09.241504,15cedc7a9730972b927f01fdf3bc98946ca1b50a,bellman,32x32,34799,0.0019452739506959915,0.0021295454982740124,1.0,0,0,0,,,0.109691079950887
20260123_224946,2026-01-23T23:10:10.741273,15cedc7a9730972b927f01fdf3bc98946ca1b50a,bellman,32x32,34899,-0.001022913958877325,0.002723770383138486,1.0,0,0,0,,,0.12074438997033418
20260123_224946,2026-01-23T23:10:12.195767,15cedc7a9730972b927f01fdf3bc98946ca1b50a,bellman,32x32,34999,0.00020199430582579225,0.0031141241552796826,1.0,0,0,0,,,0.1249477365403944
20260123_224946,2026-01-23T23:10:13.654516,15cedc7a9730972b927f01fdf3bc98946ca1b50a,bellman,32x32,35099,0.0012971358373761177,0.002958605648613002,1.0,0,0,0,,,0.12487809449511456
20260123_224946,2026-01-23T23:10:14.985698,15cedc7a9730972b927f01fdf3bc98946ca1b50a,bellman,32x32,35199,-0.00035101603134535253,0.0030205409810923813,1.0,0,0,0,,,0.12635508143323493
20260123_224946,2026-01-23T23:10:16.093343,15cedc7a9730972b927f01fdf3bc98946ca1b50a,bellman,32x32,35299,0.0003425290633458644,0.003066338442124845,1.0,0,0,0,,,0.12141201154023333
20260123_224946,2026-01-23T23:10:17.144958,15cedc7a9730972b927f01fdf3bc98946ca1b50a,bellman,32x32,35399,-0.0006554654100909829,0.0027081695702354126,1.0,0,0,0,,,0.12369021774327144
20260123_224946,2026-01-23T23:10:18.574136,15cedc7a9730972b927f01fdf3bc98946ca1b50a,bellman,32x32,35499,0.0007753751706331968,0.0030390197131477236,1.0,0,0,0,,,0.12517837838863263
20260123_224946,2026-01-23T23:10:20.002977,15cedc7a9730972b927f01fdf3bc98946ca1b50a,bellman,32x32,35599,0.0014648991636931896,0.0030590786458334664,1.0,0,0,0,,,0.12265929980465663
20260123_224946,2026-01-23T23:10:21.470956,15cedc7a9730972b927f01fdf3bc98946ca1b50a,bellman,32x32,35699,0.0001187339803436771,0.003755585805888586,1.0,0,0,0,,,0.13452191983651013
20260123_224946,2026-01-23T23:10:22.936750,15cedc7a9730972b927f01fdf3bc98946ca1b50a,bellman,32x32,35799,0.0004646614834200591,0.0032887978449448953,1.0,0,0,0,,,0.13551465658251516
20260123_224946,2026-01-23T23:10:24.407908,15cedc7a9730972b927f01fdf3bc98946ca1b50a,bellman,32x32,35899,0.0007035731105133891,0.003415254440708679,1.0,0,0,0,,,0.14361241043949635
20260123_224946,2026-01-23T23:10:25.574218,15cedc7a9730972b927f01fdf3bc98946ca1b50a,bellman,32x32,35999,0.0001378857414238155,0.0036431986743147605,1.0,0,0,0,,,0.14523953446996593
20260123_224946,2026-01-23T23:10:26.748096,15cedc7a9730972b927f01fdf3bc98946ca1b50a,bellman,32x32,36099,0.0008959390106610954,0.004057655677664513,1.0,0,0,0,,,0.14362040855034489
20260123_224946,2026-01-23T23:10:27.850267,15cedc7a9730972b927f01fdf3bc98946ca1b50a,bellman,32x32,36199,0.0002885237045120448,0.004209475303633497,1.0,0,0,0,,,0.1570248602258097
20260123_224946,2026-01-23T23:10:29.313802,15cedc7a9730972b927f01fdf3bc98946ca1b50a,bellman,32x32,36299,-0.00017030791786964983,0.004473281025596805,1.0,0,0,0,,,0.16289234712151143
20260123_224946,2026-01-23T23:10:30.747119,15cedc7a9730972b927f01fdf3bc98946ca1b50a,bellman,32x32,36399,0.00019769613572862,0.005216489731532192,1.0,0,0,0,,,0.17610616522273037
20260123_224946,2026-01-23T23:10:32.229559,15cedc7a9730972b927f01fdf3bc98946ca1b50a,bellman,32x32,36499,0.00011183488095412031,0.004806386849520266,1.0,0,0,0,,,0.18396153902361295
20260123_224946,2026-01-23T23:10:33.427634,15cedc7a9730972b927f01fdf3bc98946ca1b50a,bellman,32x32,36599,0.0014659783337265253,0.0057965045447443235,1.0,0,0,0,,,0.19811146070916386
20260123_224946,2026-01-23T23:10:34.778630,15cedc7a9730972b927f01fdf3bc98946ca1b50a,bellman,32x32,36699,0.00018632609862834215,0.004910117103928541,1.0,0,0,0,,,0.1973067809166316
20260123_224946,2026-01-23T23:10:36.151111,15cedc7a9730972b927f01fdf3bc98946ca1b50a,bellman,32x32,36799,-0.0013518997002393007,0.005445670277805732,1.0,0,0,0,,,0.1949563969806309
20260123_224946,2026-01-23T23:10:37.477730,15cedc7a9730972b927f01fdf3bc98946ca1b50a,bellman,32x32,36899,0.00017420992662664503,0.0059598062888008485,1.0,0,0,0,,,0.21518820066184283
20260123_224946,2026-01-23T23:10:38.581257,15cedc7a9730972b927f01fdf3bc98946ca1b50a,bellman,32x32,36999,0.0005226237699389458,0.006799088763880547,1.0,0,0,0,,,0.23050425460728158
20260123_224946,2026-01-23T23:10:40.055873,15cedc7a9730972b927f01fdf3bc98946ca1b50a,bellman,32x32,37099,0.0007638131501153111,0.0064565337952410574,1.0,0,0,0,,,0.23513824527986993
20260123_224946,2026-01-23T23:10:41.463662,15cedc7a9730972b927f01fdf3bc98946ca1b50a,bellman,32x32,37199,6.407615001080558e-05,0.007552759390373751,1.0,0,0,0,,,0.25107350477943097
20260123_224946,2026-01-23T23:10:42.508258,15cedc7a9730972b927f01fdf3bc98946ca1b50a,bellman,32x32,37299,-0.00020394484454300255,0.007972931247856252,1.0,0,0,0,,,0.2646264535710562
20260123_224946,2026-01-23T23:10:43.876594,15cedc7a9730972b927f01fdf3bc98946ca1b50a,bellman,32x32,37399,0.00018920900765806437,0.009479494463700461,1.0,0,0,0,,,0.26229680084819734
20260123_224946,2026-01-23T23:10:45.185717,15cedc7a9730972b927f01fdf3bc98946ca1b50a,bellman,32x32,37499,-0.0012150814291089773,0.008202192057141532,1.0,0,0,0,,,0.2775116097801012
20260123_224946,2026-01-23T23:10:46.574591,15cedc7a9730972b927f01fdf3bc98946ca1b50a,bellman,32x32,37599,0.00023690087255090475,0.0077730638240183225,1.0,0,0,0,,,0.3013691244574381
20260123_224946,2026-01-23T23:10:47.938843,15cedc7a9730972b927f01fdf3bc98946ca1b50a,bellman,32x32,37699,0.002229095436632633,0.007100460580684,1.0,0,0,0,,,0.2910067861863833
20260123_224946,2026-01-23T23:10:49.373616,15cedc7a9730972b927f01fdf3bc98946ca1b50a,bellman,32x32,37799,0.00085292017320171,0.00645650892769055,1.0,0,0,0,,,0.2978786777381486
20260123_224946,2026-01-23T23:10:50.861995,15cedc7a9730972b927f01fdf3bc98946ca1b50a,bellman,32x32,37899,0.00014490762259811163,0.0066647773194836194,1.0,0,0,0,,,0.3004788273596084
20260123_224946,2026-01-23T23:10:52.220371,15cedc7a9730972b927f01fdf3bc98946ca1b50a,bellman,32x32,37999,0.00039863400161266327,0.007191804045886272,1.0,0,0,0,,,0.30024205298412154
20260123_224946,2026-01-23T23:10:53.360881,15cedc7a9730972b927f01fdf3bc98946ca1b50a,bellman,32x32,38099,-0.0010125139961019158,0.007442813856427506,1.0,0,0,0,,,0.29965255029700205
20260123_224946,2026-01-23T23:10:54.474472,15cedc7a9730972b927f01fdf3bc98946ca1b50a,bellman,32x32,38199,0.0017662814352661371,0.008404772046575602,1.0,0,0,0,,,0.303245799035746
20260123_224946,2026-01-23T23:10:55.616131,15cedc7a9730972b927f01fdf3bc98946ca1b50a,bellman,32x32,38299,0.0006280025118030608,0.0008256863936683345,1.0,0,0,0,,,0.11218185758306787
20260123_224946,2026-01-23T23:10:57.088655,15cedc7a9730972b927f01fdf3bc98946ca1b50a,bellman,32x32,38399,-0.00028951605781912804,0.000870024963632865,1.0,0,0,0,,,0.13961897462279396
20260123_224946,2026-01-23T23:10:58.448708,15cedc7a9730972b927f01fdf3bc98946ca1b50a,bellman,32x32,38499,0.0014526293380185962,0.001012367576127069,1.0,0,0,0,,,0.14824616841148835
20260123_224946,2026-01-23T23:10:59.841785,15cedc7a9730972b927f01fdf3bc98946ca1b50a,bellman,32x32,38599,0.0006839653360657394,0.0011143121020905512,1.0,0,0,0,,,0.16263568442628268
20260123_224946,2026-01-23T23:11:00.885972,15cedc7a9730972b927f01fdf3bc98946ca1b50a,bellman,32x32,38699,0.00014373498561326414,0.0012531508473141884,1.0,0,0,0,,,0.1672987827323078
20260123_224946,2026-01-23T23:11:01.979682,15cedc7a9730972b927f01fdf3bc98946ca1b50a,bellman,32x32,38799,0.001901688752695918,0.0012521251983906724,1.0,0,0,0,,,0.17911132540985042
20260123_224946,2026-01-23T23:11:03.392898,15cedc7a9730972b927f01fdf3bc98946ca1b50a,bellman,32x32,38899,0.00022106722462922335,0.001332710916018911,1.0,0,0,0,,,0.1905931324094462
20260123_224946,2026-01-23T23:11:04.613614,15cedc7a9730972b927f01fdf3bc98946ca1b50a,bellman,32x32,38999,0.00040027371142059565,0.0014798794388106273,1.0,0,0,0,,,0.1925312212532836
20260123_224946,2026-01-23T23:11:05.711629,15cedc7a9730972b927f01fdf3bc98946ca1b50a,bellman,32x32,39099,4.197982343612239e-05,0.0016052960936259097,1.0,0,0,0,,,0.19865979178470583
20260123_224946,2026-01-23T23:11:07.128719,15cedc7a9730972b927f01fdf3bc98946ca1b50a,bellman,32x32,39199,0.0006314843776635826,0.001339148821921441,1.0,0,0,0,,,0.19275889925500497
20260123_224946,2026-01-23T23:11:08.472077,15cedc7a9730972b927f01fdf3bc98946ca1b50a,bellman,32x32,39299,-0.00142697524279356,0.0017866899984542073,1.0,0,0,0,,,0.23010717989567248
20260123_224946,2026-01-23T23:11:09.759138,15cedc7a9730972b927f01fdf3bc98946ca1b50a,bellman,32x32,39399,-0.0002326504181837663,0.0019782967108840665,1.0,0,0,0,,,0.24881420447236022
20260123_224946,2026-01-23T23:11:10.887450,15cedc7a9730972b927f01fdf3bc98946ca1b50a,bellman,32x32,39499,-0.0007771597011014819,0.001998192517775692,1.0,0,0,0,,,0.2572192425319945
20260123_224946,2026-01-23T23:11:12.033999,15cedc7a9730972b927f01fdf3bc98946ca1b50a,bellman,32x32,39599,-0.0006673494935967028,0.0021434456522613486,1.0,0,0,0,,,0.26980887947623106
20260123_224946,2026-01-23T23:11:13.223315,15cedc7a9730972b927f01fdf3bc98946ca1b50a,bellman,32x32,39699,-0.00033508421620354056,0.002598848262229865,1.0,0,0,0,,,0.2765381212908645
20260123_224946,2026-01-23T23:11:14.725755,15cedc7a9730972b927f01fdf3bc98946ca1b50a,bellman,32x32,39799,5.2264120313338935e-05,0.002533586433456634,1.0,0,0,0,,,0.27629468003151414
20260123_224946,2026-01-23T23:11:16.168526,15cedc7a9730972b927f01fdf3bc98946ca1b50a,bellman,32x32,39899,-2.9898405045969412e-05,0.0024842262892110513,1.0,0,0,0,,,0.2786598934187957
20260123_224946,2026-01-23T23:11:17.570126,15cedc7a9730972b927f01fdf3bc98946ca1b50a,bellman,32x32,39999,0.0015773684717714787,0.002803457890253043,1.0,0,0,0,,,0.2715343018610805
20260123_224946,2026-01-23T23:11:18.962666,15cedc7a9730972b927f01fdf3bc98946ca1b50a,bellman,32x32,40099,-0.0003030845255125314,0.002886338287841852,1.0,0,0,0,,,0.28801073484696554
20260123_224946,2026-01-23T23:11:20.065053,15cedc7a9730972b927f01fdf3bc98946ca1b50a,bellman,32x32,40199,0.0009608317632228136,0.0023303826922439442,1.0,0,0,0,,,0.27105147999940266
20260123_224946,2026-01-23T23:11:21.166202,15cedc7a9730972b927f01fdf3bc98946ca1b50a,bellman,32x32,40299,0.0004909576964564621,0.003022472722361158,1.0,0,0,0,,,0.2893457620508251
20260123_224946,2026-01-23T23:11:22.317405,15cedc7a9730972b927f01fdf3bc98946ca1b50a,bellman,32x32,40399,0.00045175745617598295,0.0026628279252625476,1.0,0,0,0,,,0.27692838354174687
20260123_224946,2026-01-23T23:11:23.422506,15cedc7a9730972b927f01fdf3bc98946ca1b50a,bellman,32x32,40499,0.00019578315550461411,0.003693345266403725,1.0,0,0,0,,,0.29074013353308265
20260123_224946,2026-01-23T23:11:24.490561,15cedc7a9730972b927f01fdf3bc98946ca1b50a,bellman,32x32,40599,0.0005605922196991742,0.0034797885528767836,1.0,0,0,0,,,0.28857114141547036
20260123_224946,2026-01-23T23:11:25.878127,15cedc7a9730972b927f01fdf3bc98946ca1b50a,bellman,32x32,40699,5.034953937865794e-05,0.003478950966344172,1.0,0,0,0,,,0.290563005373661
20260123_224946,2026-01-23T23:11:27.227215,15cedc7a9730972b927f01fdf3bc98946ca1b50a,bellman,32x32,40799,0.00041690244688652456,0.0035343701263066407,1.0,0,0,0,,,0.29402895589705813
20260123_224946,2026-01-23T23:11:28.652043,15cedc7a9730972b927f01fdf3bc98946ca1b50a,bellman,32x32,40899,0.0007267600740306079,0.003768812999788338,1.0,0,0,0,,,0.29904673070465226
20260123_224946,2026-01-23T23:11:29.739439,15cedc7a9730972b927f01fdf3bc98946ca1b50a,bellman,32x32,40999,-0.00017086195293813944,0.004101320928032948,1.0,0,0,0,,,0.30558362608229267
20260123_224946,2026-01-23T23:11:30.817124,15cedc7a9730972b927f01fdf3bc98946ca1b50a,bellman,32x32,41099,0.0006271676975302398,0.0037419828036671277,1.0,0,0,0,,,0.2926490830758381
20260123_224946,2026-01-23T23:11:31.951271,15cedc7a9730972b927f01fdf3bc98946ca1b50a,bellman,32x32,41199,-0.00027956094709225,0.004523990844110415,1.0,0,0,0,,,0.3054509500170103
20260123_224946,2026-01-23T23:11:33.080690,15cedc7a9730972b927f01fdf3bc98946ca1b50a,bellman,32x32,41299,0.0001353843545075506,0.003179447515783238,1.0,0,0,0,,,0.29757758230281406
20260123_224946,2026-01-23T23:11:34.571411,15cedc7a9730972b927f01fdf3bc98946ca1b50a,bellman,32x32,41399,-0.00019582091772463173,0.003486453460628809,1.0,0,0,0,,,0.3064265216785095
20260123_224946,2026-01-23T23:11:35.720254,15cedc7a9730972b927f01fdf3bc98946ca1b50a,bellman,32x32,41499,1.658995279285591e-05,0.004218800009169286,1.0,0,0,0,,,0.30524743388302167
20260123_224946,2026-01-23T23:11:37.096339,15cedc7a9730972b927f01fdf3bc98946ca1b50a,bellman,32x32,41599,0.0007790945237502456,0.0035847469955118073,1.0,0,0,0,,,0.30552711657917986
20260123_224946,2026-01-23T23:11:38.239722,15cedc7a9730972b927f01fdf3bc98946ca1b50a,bellman,32x32,41699,0.0002983121376018971,0.004371605133788989,1.0,0,0,0,,,0.2985751972128527
20260123_224946,2026-01-23T23:11:39.356209,15cedc7a9730972b927f01fdf3bc98946ca1b50a,bellman,32x32,41799,-0.00022309117775876075,0.005413192554597402,1.0,0,0,0,,,0.3131421910185441
20260123_224946,2026-01-23T23:11:40.420362,15cedc7a9730972b927f01fdf3bc98946ca1b50a,bellman,32x32,41899,-0.0007871772977523506,0.004125423819197351,1.0,0,0,0,,,0.3157129949914175
20260123_224946,2026-01-23T23:11:41.858454,15cedc7a9730972b927f01fdf3bc98946ca1b50a,bellman,32x32,41999,0.00017668417422100902,0.004546197854838852,1.0,0,0,0,,,0.31222225983672014
20260123_224946,2026-01-23T23:11:43.150223,15cedc7a9730972b927f01fdf3bc98946ca1b50a,bellman,32x32,42099,0.0001121345630963333,0.005545601555185726,1.0,0,0,0,,,0.31929543840984087
20260123_224946,2026-01-23T23:11:44.561238,15cedc7a9730972b927f01fdf3bc98946ca1b50a,bellman,32x32,42199,-7.749544602120295e-05,0.004298736847141526,1.0,0,0,0,,,0.31750127881470536
20260123_224946,2026-01-23T23:11:45.891283,15cedc7a9730972b927f01fdf3bc98946ca1b50a,bellman,32x32,42299,-0.0004030512645840645,0.004757921460770831,1.0,0,0,0,,,0.3135291426340576
20260123_224946,2026-01-23T23:11:47.050988,15cedc7a9730972b927f01fdf3bc98946ca1b50a,bellman,32x32,42399,0.000545246759429574,0.0041922632937283315,1.0,0,0,0,,,0.30853555680279443
20260123_224946,2026-01-23T23:11:48.537655,15cedc7a9730972b927f01fdf3bc98946ca1b50a,bellman,32x32,42499,-0.0003355872177053243,0.005425173867692479,1.0,0,0,0,,,0.300970617288619
20260123_224946,2026-01-23T23:11:49.706581,15cedc7a9730972b927f01fdf3bc98946ca1b50a,bellman,32x32,42599,-0.001016533118672669,0.005634688123772662,1.0,0,0,0,,,0.3228526311778763
20260123_224946,2026-01-23T23:11:50.856720,15cedc7a9730972b927f01fdf3bc98946ca1b50a,bellman,32x32,42699,0.0005525826709344983,0.004964844532208872,1.0,0,0,0,,,0.3253667416657672
20260123_224946,2026-01-23T23:11:52.354505,15cedc7a9730972b927f01fdf3bc98946ca1b50a,bellman,32x32,42799,-0.0004664790176320821,0.005475454843101488,1.0,0,0,0,,,0.32234532452898823
20260123_224946,2026-01-23T23:11:53.839799,15cedc7a9730972b927f01fdf3bc98946ca1b50a,bellman,32x32,42899,8.724877989152446e-05,0.00593670908477236,1.0,0,0,0,,,0.32430756405160677
20260123_224946,2026-01-23T23:11:55.318112,15cedc7a9730972b927f01fdf3bc98946ca1b50a,bellman,32x32,42999,-0.0009241027873940766,0.006563346476673928,1.0,0,0,0,,,0.3240221613217257
20260123_224946,2026-01-23T23:11:56.485693,15cedc7a9730972b927f01fdf3bc98946ca1b50a,bellman,32x32,43099,-0.00040494586573913693,0.0058977247630778605,1.0,0,0,0,,,0.32098057122671997
20260123_224946,2026-01-23T23:11:57.884778,15cedc7a9730972b927f01fdf3bc98946ca1b50a,bellman,32x32,43199,-0.0004976746276952326,0.00611634106125507,1.0,0,0,0,,,0.3204780859961577
20260123_224946,2026-01-23T23:11:59.113193,15cedc7a9730972b927f01fdf3bc98946ca1b50a,bellman,32x32,43299,0.0002818679204210639,0.005752897359917028,1.0,0,0,0,,,0.3315735462528523
20260123_224946,2026-01-23T23:12:00.609005,15cedc7a9730972b927f01fdf3bc98946ca1b50a,bellman,32x32,43399,-0.0004427052044775337,0.004970386324836511,1.0,0,0,0,,,0.32591052972021334
20260123_224946,2026-01-23T23:12:01.768745,15cedc7a9730972b927f01fdf3bc98946ca1b50a,bellman,32x32,43499,0.00045192069956101477,0.006674703739466565,1.0,0,0,0,,,0.33249306509044035
20260123_224946,2026-01-23T23:12:02.932020,15cedc7a9730972b927f01fdf3bc98946ca1b50a,bellman,32x32,43599,0.0003861399309244007,0.0068870944326852165,1.0,0,0,0,,,0.32927437209596067
20260123_224946,2026-01-23T23:12:04.048338,15cedc7a9730972b927f01fdf3bc98946ca1b50a,bellman,32x32,43699,1.4450727576331701e-05,0.005357250562977356,1.0,0,0,0,,,0.3177087459582363
20260123_224946,2026-01-23T23:12:05.149990,15cedc7a9730972b927f01fdf3bc98946ca1b50a,bellman,32x32,43799,0.00037689218879677355,0.0055644343691793096,1.0,0,0,0,,,0.33072668413059636
20260123_224946,2026-01-23T23:12:06.590226,15cedc7a9730972b927f01fdf3bc98946ca1b50a,bellman,32x32,43899,-0.0004448387771844864,0.005218811782291936,1.0,0,0,0,,,0.334089855609118
20260123_224946,2026-01-23T23:12:07.991418,15cedc7a9730972b927f01fdf3bc98946ca1b50a,bellman,32x32,43999,0.0007986967102624476,0.005616308802179048,1.0,0,0,0,,,0.3198962478765517
20260123_224946,2026-01-23T23:12:09.482560,15cedc7a9730972b927f01fdf3bc98946ca1b50a,bellman,32x32,44099,0.000418559939134866,0.006722835466408981,1.0,0,0,0,,,0.328047679714348
20260123_224946,2026-01-23T23:12:10.652511,15cedc7a9730972b927f01fdf3bc98946ca1b50a,bellman,32x32,44199,0.00036083621671423316,0.0076245538142211446,1.0,0,0,0,,,0.337228272692942
20260123_224946,2026-01-23T23:12:11.774313,15cedc7a9730972b927f01fdf3bc98946ca1b50a,bellman,32x32,44299,0.0005786039982922375,0.007393525127744169,1.0,0,0,0,,,0.32965695271941986
20260123_224946,2026-01-23T23:12:12.933591,15cedc7a9730972b927f01fdf3bc98946ca1b50a,bellman,32x32,44399,-0.0006587875541299582,0.005674882977176594,1.0,0,0,0,,,0.33911847008360524
20260123_224946,2026-01-23T23:12:14.051390,15cedc7a9730972b927f01fdf3bc98946ca1b50a,bellman,32x32,44499,0.0006327785085886717,0.005560075015274322,1.0,0,0,0,,,0.3261235114905257
20260123_224946,2026-01-23T23:12:15.434761,15cedc7a9730972b927f01fdf3bc98946ca1b50a,bellman,32x32,44599,0.0009903894970193505,0.03727992231618373,1.0,0,0,0,,,0.33981460721580103
20260123_224946,2026-01-23T23:12:16.587331,15cedc7a9730972b927f01fdf3bc98946ca1b50a,bellman,32x32,44699,-0.0006174339796416461,0.025295233873212055,1.0,0,0,0,,,0.32516262697133325
20260123_224946,2026-01-23T23:12:17.771244,15cedc7a9730972b927f01fdf3bc98946ca1b50a,bellman,32x32,44799,0.0004877156170550734,0.014026832473977038,1.0,0,0,0,,,0.27339671842685753
20260123_224946,2026-01-23T23:12:19.296642,15cedc7a9730972b927f01fdf3bc98946ca1b50a,bellman,32x32,44899,0.001130106975324452,0.012148742940945,1.0,0,0,0,,,0.27564522809748226
20260123_224946,2026-01-23T23:12:20.512283,15cedc7a9730972b927f01fdf3bc98946ca1b50a,bellman,32x32,44999,-0.0009975391440093517,0.011308377544455083,1.0,0,0,0,,,0.27988522439696983
20260123_224946,2026-01-23T23:12:22.013729,15cedc7a9730972b927f01fdf3bc98946ca1b50a,bellman,32x32,45099,0.001291955471970141,0.011148504029363834,1.0,0,0,0,,,0.28237367401982755
20260123_224946,2026-01-23T23:12:23.304949,15cedc7a9730972b927f01fdf3bc98946ca1b50a,bellman,32x32,45199,0.0002715703740250319,0.011140015699772902,1.0,0,0,0,,,0.28528608193561056
20260123_224946,2026-01-23T23:12:24.812640,15cedc7a9730972b927f01fdf3bc98946ca1b50a,bellman,32x32,45299,-6.415003008442e-05,0.01123401629167347,1.0,0,0,0,,,0.28036128127271376
20260123_224946,2026-01-23T23:12:26.314964,15cedc7a9730972b927f01fdf3bc98946ca1b50a,bellman,32x32,45399,0.0008086067973636091,0.011407733658735993,1.0,0,0,0,,,0.2810213900145434
20260123_224946,2026-01-23T23:12:27.823949,15cedc7a9730972b927f01fdf3bc98946ca1b50a,bellman,32x32,45499,0.0007817429141141474,0.010102970006630017,1.0,0,0,0,,,0.2801781766458413
20260123_224946,2026-01-23T23:12:29.345607,15cedc7a9730972b927f01fdf3bc98946ca1b50a,bellman,32x32,45599,0.000519457389600575,0.009475085187553134,1.0,0,0,0,,,0.2801119755068395
20260123_224946,2026-01-23T23:12:30.885387,15cedc7a9730972b927f01fdf3bc98946ca1b50a,bellman,32x32,45699,0.0002989110944326967,0.010551916899767094,1.0,0,0,0,,,0.2861884880300446
20260123_224946,2026-01-23T23:12:32.406897,15cedc7a9730972b927f01fdf3bc98946ca1b50a,bellman,32x32,45799,7.817803998477757e-05,0.011919235682115073,1.0,0,0,0,,,0.28238850711270924
20260123_224946,2026-01-23T23:12:33.924774,15cedc7a9730972b927f01fdf3bc98946ca1b50a,bellman,32x32,45899,-0.0004825339710805565,0.010010126729751505,1.0,0,0,0,,,0.2942019636405449
20260123_224946,2026-01-23T23:12:35.455606,15cedc7a9730972b927f01fdf3bc98946ca1b50a,bellman,32x32,45999,0.0008526052115485072,0.010184257622469203,1.0,0,0,0,,,0.29166608038190167
20260123_224946,2026-01-23T23:12:36.754911,15cedc7a9730972b927f01fdf3bc98946ca1b50a,bellman,32x32,46099,0.0008396003395318985,0.009316136097488936,1.0,0,0,0,,,0.29391620708934885
20260123_224946,2026-01-23T23:12:38.280111,15cedc7a9730972b927f01fdf3bc98946ca1b50a,bellman,32x32,46199,-0.0007623457931913435,0.009055800056836745,1.0,0,0,0,,,0.29721896009391613
20260123_224946,2026-01-23T23:12:40.234038,15cedc7a9730972b927f01fdf3bc98946ca1b50a,bellman,32x32,46299,-0.000494672916829586,0.009581552810890343,1.0,0,0,0,,,0.2912574887773414
20260123_224946,2026-01-23T23:12:41.740944,15cedc7a9730972b927f01fdf3bc98946ca1b50a,bellman,32x32,46399,0.0001415358274243772,0.00851760048157189,1.0,0,0,0,,,0.2960699695279207
20260123_224946,2026-01-23T23:12:43.100571,15cedc7a9730972b927f01fdf3bc98946ca1b50a,bellman,32x32,46499,0.0009270430891774595,0.00989248868229538,1.0,0,0,0,,,0.30066289524225287
20260123_224946,2026-01-23T23:12:44.064297,15cedc7a9730972b927f01fdf3bc98946ca1b50a,bellman,32x32,46599,-0.0008987344917841256,0.00942013844830484,1.0,0,0,0,,,0.3017172701954267
20260123_224946,2026-01-23T23:12:45.055920,15cedc7a9730972b927f01fdf3bc98946ca1b50a,bellman,32x32,46699,-7.480625208700076e-05,0.00940358698276441,1.0,0,0,0,,,0.2955503211746876
20260123_224946,2026-01-23T23:12:46.050470,15cedc7a9730972b927f01fdf3bc98946ca1b50a,bellman,32x32,46799,-0.0001451373245799914,0.010667302980745318,1.0,0,0,0,,,0.3146755742067621
20260123_224946,2026-01-23T23:12:47.166090,15cedc7a9730972b927f01fdf3bc98946ca1b50a,bellman,32x32,46899,0.0006069395458325744,0.007938599283745304,1.0,0,0,0,,,0.30572866449503133
20260123_224946,2026-01-23T23:12:48.264600,15cedc7a9730972b927f01fdf3bc98946ca1b50a,bellman,32x32,46999,0.0004050362331327051,0.011530651652989832,1.0,0,0,0,,,0.3002020798151182
20260123_224946,2026-01-23T23:12:49.284913,15cedc7a9730972b927f01fdf3bc98946ca1b50a,bellman,32x32,47099,6.217564077815041e-05,0.009274341589719199,1.0,0,0,0,,,0.3026481032453255
20260123_224946,2026-01-23T23:12:50.574245,15cedc7a9730972b927f01fdf3bc98946ca1b50a,bellman,32x32,47199,0.0007825325010344386,0.010922079973067014,1.0,0,0,0,,,0.3040215620588802
20260123_224946,2026-01-23T23:12:51.946048,15cedc7a9730972b927f01fdf3bc98946ca1b50a,bellman,32x32,47299,0.0007219609688036144,0.009713922384017337,1.0,0,0,0,,,0.31630983217416214
20260123_224946,2026-01-23T23:12:53.328807,15cedc7a9730972b927f01fdf3bc98946ca1b50a,bellman,32x32,47399,0.0001007045793812722,0.010134999120358259,1.0,0,0,0,,,0.32112286134731083
20260123_224946,2026-01-23T23:12:54.442131,15cedc7a9730972b927f01fdf3bc98946ca1b50a,bellman,32x32,47499,0.0006521677714772522,0.010475916943171341,1.0,0,0,0,,,0.32545231143539327
20260123_224946,2026-01-23T23:12:55.741181,15cedc7a9730972b927f01fdf3bc98946ca1b50a,bellman,32x32,47599,0.00028215593192726374,0.008216142831381603,1.0,0,0,0,,,0.32160294066781797
20260123_224946,2026-01-23T23:12:57.261076,15cedc7a9730972b927f01fdf3bc98946ca1b50a,bellman,32x32,47699,0.0009074665722437203,0.01233337022879141,1.0,0,0,0,,,0.3309292480678002
20260123_224946,2026-01-23T23:12:58.713386,15cedc7a9730972b927f01fdf3bc98946ca1b50a,bellman,32x32,47799,0.00010767869389383122,0.009145737143705049,1.0,0,0,0,,,0.34219936159732756
20260123_224946,2026-01-23T23:12:59.969535,15cedc7a9730972b927f01fdf3bc98946ca1b50a,bellman,32x32,47899,0.0003754800418391824,0.010269649676512529,1.0,0,0,0,,,0.34386686340577133
20260123_224946,2026-01-23T23:13:01.347864,15cedc7a9730972b927f01fdf3bc98946ca1b50a,bellman,32x32,47999,-0.0004207196179777384,0.00997132514673524,1.0,0,0,0,,,0.3478305124715272
20260123_224946,2026-01-23T23:13:02.641190,15cedc7a9730972b927f01fdf3bc98946ca1b50a,bellman,32x32,48099,-0.00024725086404941976,0.011171326446387297,1.0,0,0,0,,,0.36264706019885246
20260123_224946,2026-01-23T23:13:03.994178,15cedc7a9730972b927f01fdf3bc98946ca1b50a,bellman,32x32,48199,8.667448855703697e-05,0.008565901407419575,1.0,0,0,0,,,0.362404933871133
20260123_224946,2026-01-23T23:13:05.340220,15cedc7a9730972b927f01fdf3bc98946ca1b50a,bellman,32x32,48299,0.0005188310169614851,0.009378334611584762,1.0,0,0,0,,,0.36466859613230473
20260123_224946,2026-01-23T23:13:06.601640,15cedc7a9730972b927f01fdf3bc98946ca1b50a,bellman,32x32,48399,0.0004202789277769625,0.009210095829834586,1.0,0,0,0,,,0.360915723742792
20260123_224946,2026-01-23T23:13:07.905724,15cedc7a9730972b927f01fdf3bc98946ca1b50a,bellman,32x32,48499,0.0006394913652911782,0.00923687546327244,1.0,0,0,0,,,0.3588759882228368
20260123_224946,2026-01-23T23:13:09.327064,15cedc7a9730972b927f01fdf3bc98946ca1b50a,bellman,32x32,48599,0.0010889103868976235,0.010449159891890929,1.0,0,0,0,,,0.3620081686636058
20260123_224946,2026-01-23T23:13:10.516595,15cedc7a9730972b927f01fdf3bc98946ca1b50a,bellman,32x32,48699,-0.00044243482989259064,0.009721487448362608,1.0,0,0,0,,,0.36717104500106373
20260123_224946,2026-01-23T23:13:11.654350,15cedc7a9730972b927f01fdf3bc98946ca1b50a,bellman,32x32,48799,-0.0005537613178603351,0.009580679435601099,1.0,0,0,0,,,0.36434768335070933
20260123_224946,2026-01-23T23:13:12.725238,15cedc7a9730972b927f01fdf3bc98946ca1b50a,bellman,32x32,48899,-0.0006130688125267625,0.007597445262035478,1.0,0,0,0,,,0.3616908281063749
20260123_224946,2026-01-23T23:13:14.100073,15cedc7a9730972b927f01fdf3bc98946ca1b50a,bellman,32x32,48999,0.0006308794836513698,0.008467288673396921,1.0,0,0,0,,,0.35521854668870056
20260123_224946,2026-01-23T23:13:15.538933,15cedc7a9730972b927f01fdf3bc98946ca1b50a,bellman,32x32,49099,0.001511459588073194,0.009144615745070155,1.0,0,0,0,,,0.36231475536269553
20260123_224946,2026-01-23T23:13:16.751285,15cedc7a9730972b927f01fdf3bc98946ca1b50a,bellman,32x32,49199,1.9913788491976447e-05,0.009653448918088258,1.0,0,0,0,,,0.3598474271597869
20260123_224946,2026-01-23T23:13:17.929149,15cedc7a9730972b927f01fdf3bc98946ca1b50a,bellman,32x32,49299,-0.0001844066719058901,0.008788039663972711,1.0,0,0,0,,,0.35497502615952375
20260123_224946,2026-01-23T23:13:19.004237,15cedc7a9730972b927f01fdf3bc98946ca1b50a,bellman,32x32,49399,0.0006567338132299483,0.007976431733678452,1.0,0,0,0,,,0.35283718931251545
20260123_224946,2026-01-23T23:13:20.511864,15cedc7a9730972b927f01fdf3bc98946ca1b50a,bellman,32x32,49499,0.0005571598885580897,0.00873494121725173,1.0,0,0,0,,,0.35802588736001273
20260123_224946,2026-01-23T23:13:22.064742,15cedc7a9730972b927f01fdf3bc98946ca1b50a,bellman,32x32,49599,-0.0006618357147090137,0.006805629652273239,1.0,0,0,0,,,0.3488964157986042
20260123_224946,2026-01-23T23:13:23.109754,15cedc7a9730972b927f01fdf3bc98946ca1b50a,bellman,32x32,49699,0.0015263513196259737,0.008123704094624316,1.0,0,0,0,,,0.3502355964739612
20260123_224946,2026-01-23T23:13:24.393861,15cedc7a9730972b927f01fdf3bc98946ca1b50a,bellman,32x32,49799,-0.0002583930909167975,0.008128543891651817,1.0,0,0,0,,,0.3569690708868134
20260123_224946,2026-01-23T23:13:25.773420,15cedc7a9730972b927f01fdf3bc98946ca1b50a,bellman,32x32,49899,0.00030614042771048844,0.007734580583298509,1.0,0,0,0,,,0.3493340473108844
20260123_224946,2026-01-23T23:13:26.966229,15cedc7a9730972b927f01fdf3bc98946ca1b50a,bellman,32x32,49999,0.0007984254043549299,0.007944891013428901,1.0,0,0,0,,,0.3435234379572591
20260123_224946,2026-01-23T23:13:28.088706,15cedc7a9730972b927f01fdf3bc98946ca1b50a,bellman,64x64,0,7.247622489929199,0.38946537577845447,1.0,0,0,0,,,-0.8226027280118123
20260123_224946,2026-01-23T23:13:30.548550,15cedc7a9730972b927f01fdf3bc98946ca1b50a,bellman,64x64,99,0.43403860926628113,0.003930448988801345,1.0,0,0,0,,,0.10975879798691071
20260123_224946,2026-01-23T23:13:32.444361,15cedc7a9730972b927f01fdf3bc98946ca1b50a,bellman,64x64,199,0.5430043935775757,0.0063703271071847214,1.0,0,0,0,,,0.14839138184156864
20260123_224946,2026-01-23T23:13:35.142763,15cedc7a9730972b927f01fdf3bc98946ca1b50a,bellman,64x64,299,0.19395481050014496,0.00856885879020183,1.0,0,0,0,,,0.15750259998564264
20260123_224946,2026-01-23T23:13:37.225974,15cedc7a9730972b927f01fdf3bc98946ca1b50a,bellman,64x64,399,0.047822508960962296,0.009821544330125108,1.0,0,0,0,,,0.15911136082279748
20260123_224946,2026-01-23T23:13:39.526418,15cedc7a9730972b927f01fdf3bc98946ca1b50a,bellman,64x64,499,0.09392828494310379,0.009929347354363927,1.0,0,0,0,,,0.158860071775758
20260123_224946,2026-01-23T23:13:41.901532,15cedc7a9730972b927f01fdf3bc98946ca1b50a,bellman,64x64,599,0.025253113359212875,0.013482878122802048,1.0,0,0,0,,,0.15885979998718575
20260123_224946,2026-01-23T23:13:43.601021,15cedc7a9730972b927f01fdf3bc98946ca1b50a,bellman,64x64,699,0.057669252157211304,0.015058702615374387,1.0,0,0,0,,,0.15941233378650624
20260123_224946,2026-01-23T23:13:45.478636,15cedc7a9730972b927f01fdf3bc98946ca1b50a,bellman,64x64,799,0.014119970612227917,0.014897202744575679,1.0,0,0,0,,,0.16239806960389697
20260123_224946,2026-01-23T23:13:47.437051,15cedc7a9730972b927f01fdf3bc98946ca1b50a,bellman,64x64,899,0.012441173195838928,0.015631950337794933,1.0,0,0,0,,,0.16227614895490286
20260123_224946,2026-01-23T23:13:49.514224,15cedc7a9730972b927f01fdf3bc98946ca1b50a,bellman,64x64,999,0.014025261625647545,0.01504439983721113,1.0,0,0,0,,,0.1666643756171396
20260123_224946,2026-01-23T23:13:51.780738,15cedc7a9730972b927f01fdf3bc98946ca1b50a,bellman,64x64,1099,0.016444450244307518,0.017313602931399146,1.0,0,0,0,,,0.17252043527200916
20260123_224946,2026-01-23T23:13:53.898066,15cedc7a9730972b927f01fdf3bc98946ca1b50a,bellman,64x64,1199,0.11993279308080673,0.017468963518381314,1.0,0,0,0,,,0.1761415224900288
20260123_224946,2026-01-23T23:13:56.087356,15cedc7a9730972b927f01fdf3bc98946ca1b50a,bellman,64x64,1299,0.011779633350670338,0.016673713356981354,1.0,0,0,0,,,0.18311874584059026
20260123_224946,2026-01-23T23:13:58.242227,15cedc7a9730972b927f01fdf3bc98946ca1b50a,bellman,64x64,1399,0.0022452923003584146,0.01741073181241063,1.0,0,0,0,,,0.1753082334635949
20260123_224946,2026-01-23T23:14:00.385641,15cedc7a9730972b927f01fdf3bc98946ca1b50a,bellman,64x64,1499,0.004599410109221935,0.0160266981232121,1.0,0,0,0,,,0.17374046451317138
20260123_224946,2026-01-23T23:14:02.706887,15cedc7a9730972b927f01fdf3bc98946ca1b50a,bellman,64x64,1599,0.002704216865822673,0.015711931481321245,1.0,0,0,0,,,0.17341114880343503
20260123_224946,2026-01-23T23:14:05.167853,15cedc7a9730972b927f01fdf3bc98946ca1b50a,bellman,64x64,1699,0.0010123341344296932,0.0159180518687117,1.0,0,0,0,,,0.17186388067426367
20260123_224946,2026-01-23T23:14:07.507441,15cedc7a9730972b927f01fdf3bc98946ca1b50a,bellman,64x64,1799,0.0047989883460104465,0.013986945145438768,1.0,0,0,0,,,0.17672709581155974
20260123_224946,2026-01-23T23:14:10.336055,15cedc7a9730972b927f01fdf3bc98946ca1b50a,bellman,64x64,1899,0.0025445595383644104,0.01483630464035059,1.0,0,0,0,,,0.1710704468501496
20260123_224946,2026-01-23T23:14:12.547895,15cedc7a9730972b927f01fdf3bc98946ca1b50a,bellman,64x64,1999,0.001412787358276546,0.015285280232690183,1.0,0,0,0,,,0.17609676487471315
20260123_224946,2026-01-23T23:14:14.474469,15cedc7a9730972b927f01fdf3bc98946ca1b50a,bellman,64x64,2099,0.028289536014199257,0.016279138462407444,1.0,0,0,0,,,0.1766407346151903
20260123_224946,2026-01-23T23:14:16.676014,15cedc7a9730972b927f01fdf3bc98946ca1b50a,bellman,64x64,2199,0.005141012836247683,0.014223807722726179,1.0,0,0,0,,,0.1903893456791587
20260123_224946,2026-01-23T23:14:18.589696,15cedc7a9730972b927f01fdf3bc98946ca1b50a,bellman,64x64,2299,-0.0002371016307733953,0.013787138203090308,1.0,0,0,0,,,0.18967707974317477
20260123_224946,2026-01-23T23:14:20.377928,15cedc7a9730972b927f01fdf3bc98946ca1b50a,bellman,64x64,2399,0.0018049124628305435,0.013701856705388309,1.0,0,0,0,,,0.20383527144164598
20260123_224946,2026-01-23T23:14:22.573267,15cedc7a9730972b927f01fdf3bc98946ca1b50a,bellman,64x64,2499,0.0004376861033961177,0.012813112720391474,1.0,0,0,0,,,0.21213970806078158
20260123_224946,2026-01-23T23:14:24.595940,15cedc7a9730972b927f01fdf3bc98946ca1b50a,bellman,64x64,2599,0.0005627270438708365,0.015525438136314733,1.0,0,0,0,,,0.21751102463306027
20260123_224946,2026-01-23T23:14:26.808239,15cedc7a9730972b927f01fdf3bc98946ca1b50a,bellman,64x64,2699,0.001659270841628313,0.015735855335180987,1.0,0,0,0,,,0.22128507876918288
20260123_224946,2026-01-23T23:14:28.919713,15cedc7a9730972b927f01fdf3bc98946ca1b50a,bellman,64x64,2799,0.007143898401409388,0.018110909331760468,1.0,0,0,0,,,0.23208781039027349
20260123_224946,2026-01-23T23:14:31.201342,15cedc7a9730972b927f01fdf3bc98946ca1b50a,bellman,64x64,2899,0.002586101647466421,0.015681076886251047,1.0,0,0,0,,,0.22409322787356872
20260123_224946,2026-01-23T23:14:33.474262,15cedc7a9730972b927f01fdf3bc98946ca1b50a,bellman,64x64,2999,0.0013755997642874718,0.015477144519527428,1.0,0,0,0,,,0.23784466557432837
20260123_224946,2026-01-23T23:14:35.595253,15cedc7a9730972b927f01fdf3bc98946ca1b50a,bellman,64x64,3099,0.0032781180925667286,0.00960313106584863,1.0,0,0,0,,,0.22492638875736104
20260123_224946,2026-01-23T23:14:37.698342,15cedc7a9730972b927f01fdf3bc98946ca1b50a,bellman,64x64,3199,0.0011295424774289131,0.01301228275830681,1.0,0,0,0,,,0.21733014784773627
20260123_224946,2026-01-23T23:14:39.874047,15cedc7a9730972b927f01fdf3bc98946ca1b50a,bellman,64x64,3299,-0.00020813001901842654,0.01586571954767578,1.0,0,0,0,,,0.2312009653045664
20260123_224946,2026-01-23T23:14:42.207951,15cedc7a9730972b927f01fdf3bc98946ca1b50a,bellman,64x64,3399,0.0003925626806449145,0.01441424942813228,1.0,0,0,0,,,0.24939999960025266
20260123_224946,2026-01-23T23:14:44.102081,15cedc7a9730972b927f01fdf3bc98946ca1b50a,bellman,64x64,3499,0.0014583243755623698,0.016114014724630577,1.0,0,0,0,,,0.24988981574242947
20260123_224946,2026-01-23T23:14:45.654395,15cedc7a9730972b927f01fdf3bc98946ca1b50a,bellman,64x64,3599,0.0080501027405262,0.012749110292445494,1.0,0,0,0,,,0.24945346169609783
20260123_224946,2026-01-23T23:14:47.593539,15cedc7a9730972b927f01fdf3bc98946ca1b50a,bellman,64x64,3699,0.0007581085083074868,0.014921296472034556,1.0,0,0,0,,,0.2534798716753052
20260123_224946,2026-01-23T23:14:49.604856,15cedc7a9730972b927f01fdf3bc98946ca1b50a,bellman,64x64,3799,0.0026160189881920815,0.015243124258920488,1.0,0,0,0,,,0.25318983165124576
20260123_224946,2026-01-23T23:14:51.728955,15cedc7a9730972b927f01fdf3bc98946ca1b50a,bellman,64x64,3899,0.0004168729647062719,0.01019190994777773,1.0,0,0,0,,,0.2478115177339299
20260123_224946,2026-01-23T23:14:53.733373,15cedc7a9730972b927f01fdf3bc98946ca1b50a,bellman,64x64,3999,0.0015004797605797648,0.01681106835655328,1.0,0,0,0,,,0.25737242400560023
20260123_224946,2026-01-23T23:14:55.494896,15cedc7a9730972b927f01fdf3bc98946ca1b50a,bellman,64x64,4099,0.0002864434209186584,0.012258593511221534,1.0,0,0,0,,,0.26370594479569787
20260123_224946,2026-01-23T23:14:57.495367,15cedc7a9730972b927f01fdf3bc98946ca1b50a,bellman,64x64,4199,0.0005609947256743908,0.012877288983438574,1.0,0,0,0,,,0.26676790611419
20260123_224946,2026-01-23T23:14:59.671693,15cedc7a9730972b927f01fdf3bc98946ca1b50a,bellman,64x64,4299,0.0027932103257626295,0.011247632252086533,1.0,0,0,0,,,0.2606687508652202
20260123_224946,2026-01-23T23:15:01.325132,15cedc7a9730972b927f01fdf3bc98946ca1b50a,bellman,64x64,4399,0.000898989150300622,0.01310061847744464,1.0,0,0,0,,,0.26667709604606227
20260123_224946,2026-01-23T23:15:03.181060,15cedc7a9730972b927f01fdf3bc98946ca1b50a,bellman,64x64,4499,0.0017219982109963894,0.01110630192455801,1.0,0,0,0,,,0.2564114427784506
20260123_224946,2026-01-23T23:15:04.938519,15cedc7a9730972b927f01fdf3bc98946ca1b50a,bellman,64x64,4599,8.509409963153303e-05,0.013045696680319453,1.0,0,0,0,,,0.26368004671885076
20260123_224946,2026-01-23T23:15:06.921958,15cedc7a9730972b927f01fdf3bc98946ca1b50a,bellman,64x64,4699,0.0007536491611972451,0.01205914135986859,1.0,0,0,0,,,0.25616876113841086
20260123_224946,2026-01-23T23:15:08.932646,15cedc7a9730972b927f01fdf3bc98946ca1b50a,bellman,64x64,4799,-0.0010424673091620207,0.013494602608245714,1.0,0,0,0,,,0.26962452785118485
20260123_224946,2026-01-23T23:15:10.698245,15cedc7a9730972b927f01fdf3bc98946ca1b50a,bellman,64x64,4899,-7.660859409952536e-05,0.010440656738417146,1.0,0,0,0,,,0.26273592239211846
20260123_224946,2026-01-23T23:15:12.785741,15cedc7a9730972b927f01fdf3bc98946ca1b50a,bellman,64x64,4999,0.0003035438130609691,0.010463810805581487,1.0,0,0,0,,,0.24722238086673118
20260123_224946,2026-01-23T23:15:14.675331,15cedc7a9730972b927f01fdf3bc98946ca1b50a,bellman,64x64,5099,-0.0015545353526249528,0.01105899378413369,1.0,0,0,0,,,0.2573117062867957
20260123_224946,2026-01-23T23:15:16.369818,15cedc7a9730972b927f01fdf3bc98946ca1b50a,bellman,64x64,5199,0.0006862507434561849,0.011092819678683554,1.0,0,0,0,,,0.2558932681328393
20260123_224946,2026-01-23T23:15:18.483843,15cedc7a9730972b927f01fdf3bc98946ca1b50a,bellman,64x64,5299,-0.0002920050756074488,0.011816464495809668,1.0,0,0,0,,,0.2610743725392253
20260123_224946,2026-01-23T23:15:20.671140,15cedc7a9730972b927f01fdf3bc98946ca1b50a,bellman,64x64,5399,-0.0010265782475471497,0.010552449917793184,1.0,0,0,0,,,0.27128251265091075
20260123_224946,2026-01-23T23:15:22.749728,15cedc7a9730972b927f01fdf3bc98946ca1b50a,bellman,64x64,5499,0.00024287763517349958,0.008452115771840454,1.0,0,0,0,,,0.2737547571247335
20260123_224946,2026-01-23T23:15:24.437617,15cedc7a9730972b927f01fdf3bc98946ca1b50a,bellman,64x64,5599,0.00012194538430776447,0.013660000794686766,1.0,0,0,0,,,0.2748660377191873
20260123_224946,2026-01-23T23:15:26.444395,15cedc7a9730972b927f01fdf3bc98946ca1b50a,bellman,64x64,5699,-0.00025080222985707223,0.011405269708936884,1.0,0,0,0,,,0.2778198623775044
20260123_224946,2026-01-23T23:15:28.385120,15cedc7a9730972b927f01fdf3bc98946ca1b50a,bellman,64x64,5799,0.001156708225607872,0.011019218051542339,1.0,0,0,0,,,0.2775540164517517
20260123_224946,2026-01-23T23:15:30.601837,15cedc7a9730972b927f01fdf3bc98946ca1b50a,bellman,64x64,5899,0.00016295550449285656,0.01118871598339865,1.0,0,0,0,,,0.26111753885296896
20260123_224946,2026-01-23T23:15:32.792531,15cedc7a9730972b927f01fdf3bc98946ca1b50a,bellman,64x64,5999,0.0016670288750901818,0.009471966706249758,1.0,0,0,0,,,0.2442252005389492
20260123_224946,2026-01-23T23:15:34.987240,15cedc7a9730972b927f01fdf3bc98946ca1b50a,bellman,64x64,6099,0.0015856920508667827,0.009279886062101924,1.0,0,0,0,,,0.2700352386267446
20260123_224946,2026-01-23T23:15:36.988333,15cedc7a9730972b927f01fdf3bc98946ca1b50a,bellman,64x64,6199,0.0021547593642026186,0.00866778886032307,1.0,0,0,0,,,0.2623180230701669
20260123_224946,2026-01-23T23:15:39.163071,15cedc7a9730972b927f01fdf3bc98946ca1b50a,bellman,64x64,6299,0.0019099896308034658,0.010295908730283828,1.0,0,0,0,,,0.2663641480472629
20260123_224946,2026-01-23T23:15:41.868361,15cedc7a9730972b927f01fdf3bc98946ca1b50a,bellman,64x64,6399,-0.0007282073493115604,0.012253176792655722,1.0,0,0,0,,,0.2638348191099145
20260123_224946,2026-01-23T23:15:43.865291,15cedc7a9730972b927f01fdf3bc98946ca1b50a,bellman,64x64,6499,0.0007707259501330554,0.00923587770763561,1.0,0,0,0,,,0.2830473985699667
20260123_224946,2026-01-23T23:15:46.241332,15cedc7a9730972b927f01fdf3bc98946ca1b50a,bellman,64x64,6599,-0.00040602294029667974,0.0109791646459189,1.0,0,0,0,,,0.2831910850022554
20260123_224946,2026-01-23T23:15:48.420777,15cedc7a9730972b927f01fdf3bc98946ca1b50a,bellman,64x64,6699,2.9212060326244682e-05,0.010114549721029107,1.0,0,0,0,,,0.27329084445470586
20260123_224946,2026-01-23T23:15:50.683749,15cedc7a9730972b927f01fdf3bc98946ca1b50a,bellman,64x64,6799,0.001847812905907631,0.013848351948010986,1.0,0,0,0,,,0.292817115295392
20260123_224946,2026-01-23T23:15:52.432073,15cedc7a9730972b927f01fdf3bc98946ca1b50a,bellman,64x64,6899,-0.00016340971342287958,0.011509376920548675,1.0,0,0,0,,,0.28727473717858293
20260123_224946,2026-01-23T23:15:54.192106,15cedc7a9730972b927f01fdf3bc98946ca1b50a,bellman,64x64,6999,0.0007744487375020981,0.013557775549943472,1.0,0,0,0,,,0.30123617445667944
20260123_224946,2026-01-23T23:15:55.915094,15cedc7a9730972b927f01fdf3bc98946ca1b50a,bellman,64x64,7099,2.240021785837598e-06,0.012497878592062079,1.0,0,0,0,,,0.3095276380196757
20260123_224946,2026-01-23T23:15:57.924803,15cedc7a9730972b927f01fdf3bc98946ca1b50a,bellman,64x64,7199,9.762465197127312e-06,0.011453401190560725,1.0,0,0,0,,,0.29155735306357067
20260123_224946,2026-01-23T23:15:59.883057,15cedc7a9730972b927f01fdf3bc98946ca1b50a,bellman,64x64,7299,0.0010702789295464754,0.010180586577785106,1.0,0,0,0,,,0.29577528185620905
20260123_224946,2026-01-23T23:16:04.126295,15cedc7a9730972b927f01fdf3bc98946ca1b50a,bellman,64x64,7399,0.000867206952534616,0.011969475750565834,1.0,0,0,0,,,0.3049701655128305
20260123_224946,2026-01-23T23:16:06.455968,15cedc7a9730972b927f01fdf3bc98946ca1b50a,bellman,64x64,7499,0.003250068286433816,0.011109809513047821,1.0,0,0,0,,,0.3024513097856236
20260123_224946,2026-01-23T23:16:08.334025,15cedc7a9730972b927f01fdf3bc98946ca1b50a,bellman,64x64,7599,0.0015153724234551191,0.01124864695594738,1.0,0,0,0,,,0.30602790284551235
20260123_224946,2026-01-23T23:16:10.481031,15cedc7a9730972b927f01fdf3bc98946ca1b50a,bellman,64x64,7699,0.0017560211708769202,0.01062412043495442,1.0,0,0,0,,,0.3039465679594846
20260123_224946,2026-01-23T23:16:12.528542,15cedc7a9730972b927f01fdf3bc98946ca1b50a,bellman,64x64,7799,0.0009745045099407434,0.012900896455818156,1.0,0,0,0,,,0.27566657972870445
20260123_224946,2026-01-23T23:16:14.598501,15cedc7a9730972b927f01fdf3bc98946ca1b50a,bellman,64x64,7899,0.0006623439257964492,0.012728415386507095,1.0,0,0,0,,,0.3014866328752529
20260123_224946,2026-01-23T23:16:16.759566,15cedc7a9730972b927f01fdf3bc98946ca1b50a,bellman,64x64,7999,-0.0006424594903364778,0.010577379259475493,1.0,0,0,0,,,0.30135718606770945
20260123_224946,2026-01-23T23:16:18.773880,15cedc7a9730972b927f01fdf3bc98946ca1b50a,bellman,64x64,8099,0.0008765547536313534,0.009548024655274504,1.0,0,0,0,,,0.3037542722025285
20260123_224946,2026-01-23T23:16:20.784856,15cedc7a9730972b927f01fdf3bc98946ca1b50a,bellman,64x64,8199,0.0005491264164447784,0.009952395730172156,1.0,0,0,0,,,0.2976617322639391
20260123_224946,2026-01-23T23:16:22.599670,15cedc7a9730972b927f01fdf3bc98946ca1b50a,bellman,64x64,8299,-0.0005057555390521884,0.011521979970040093,1.0,0,0,0,,,0.3038302424270901
20260123_224946,2026-01-23T23:16:24.350455,15cedc7a9730972b927f01fdf3bc98946ca1b50a,bellman,64x64,8399,-0.0007695328094996512,0.009859368579005831,1.0,0,0,0,,,0.304250002863638
20260123_224946,2026-01-23T23:16:26.424598,15cedc7a9730972b927f01fdf3bc98946ca1b50a,bellman,64x64,8499,0.0007319271680898964,0.007085633475068107,1.0,0,0,0,,,0.28919903913979017
20260123_224946,2026-01-23T23:16:28.556488,15cedc7a9730972b927f01fdf3bc98946ca1b50a,bellman,64x64,8599,0.00105477892793715,0.010168639230874988,1.0,0,0,0,,,0.3119478674359435
20260123_224946,2026-01-23T23:16:30.807153,15cedc7a9730972b927f01fdf3bc98946ca1b50a,bellman,64x64,8699,0.0004607147420756519,0.008168276517686764,1.0,0,0,0,,,0.2875439408895973
20260123_224946,2026-01-23T23:16:33.026751,15cedc7a9730972b927f01fdf3bc98946ca1b50a,bellman,64x64,8799,0.0004954629694111645,0.010149191335302702,1.0,0,0,0,,,0.2992594350096718
20260123_224946,2026-01-23T23:16:35.264126,15cedc7a9730972b927f01fdf3bc98946ca1b50a,bellman,64x64,8899,0.0012683526147156954,0.007273266674681054,1.0,0,0,0,,,0.2846716254744054
20260123_224946,2026-01-23T23:16:37.478677,15cedc7a9730972b927f01fdf3bc98946ca1b50a,bellman,64x64,8999,0.0008301034104079008,0.008677515872701633,1.0,0,0,0,,,0.29668572654409386
20260123_224946,2026-01-23T23:16:39.526674,15cedc7a9730972b927f01fdf3bc98946ca1b50a,bellman,64x64,9099,0.0008220572490245104,0.009304990122574281,1.0,0,0,0,,,0.3033804593080954
20260123_224946,2026-01-23T23:16:41.804180,15cedc7a9730972b927f01fdf3bc98946ca1b50a,bellman,64x64,9199,-0.0006489367224276066,0.00902879422299975,1.0,0,0,0,,,0.29853961001160373
20260123_224946,2026-01-23T23:16:43.663244,15cedc7a9730972b927f01fdf3bc98946ca1b50a,bellman,64x64,9299,0.0007845102809369564,0.009417644549071156,1.0,0,0,0,,,0.31010125057008897
20260123_224946,2026-01-23T23:16:45.617357,15cedc7a9730972b927f01fdf3bc98946ca1b50a,bellman,64x64,9399,0.0012938972795382142,0.008886942738269,1.0,0,0,0,,,0.29735871427042126
20260123_224946,2026-01-23T23:16:47.397148,15cedc7a9730972b927f01fdf3bc98946ca1b50a,bellman,64x64,9499,0.0007374432170763612,0.011518604264173291,1.0,0,0,0,,,0.31074219032287553
20260123_224946,2026-01-23T23:16:49.639939,15cedc7a9730972b927f01fdf3bc98946ca1b50a,bellman,64x64,9599,-0.00035704110632650554,0.009847365194348185,1.0,0,0,0,,,0.3020091178205092
20260123_224946,2026-01-23T23:16:52.394215,15cedc7a9730972b927f01fdf3bc98946ca1b50a,bellman,64x64,9699,0.0010698778787627816,0.007618125302024055,1.0,0,0,0,,,0.31652447179663135
20260123_224946,2026-01-23T23:16:54.169324,15cedc7a9730972b927f01fdf3bc98946ca1b50a,bellman,64x64,9799,0.0009537226869724691,0.010082665663674106,1.0,0,0,0,,,0.30964490690627416
20260123_224946,2026-01-23T23:16:56.145173,15cedc7a9730972b927f01fdf3bc98946ca1b50a,bellman,64x64,9899,0.00038218076224438846,0.0078899825532676,1.0,0,0,0,,,0.30942363063338296
20260123_224946,2026-01-23T23:16:58.596954,15cedc7a9730972b927f01fdf3bc98946ca1b50a,bellman,64x64,9999,0.0002723214274737984,0.008580305957522114,1.0,0,0,0,,,0.3212765337178578
20260123_224946,2026-01-23T23:17:00.951233,15cedc7a9730972b927f01fdf3bc98946ca1b50a,bellman,64x64,10099,-0.0002384890103712678,0.006888012667471913,1.0,0,0,0,,,0.30766718771706747
20260123_224946,2026-01-23T23:17:03.055066,15cedc7a9730972b927f01fdf3bc98946ca1b50a,bellman,64x64,10199,0.000727483828086406,0.008795789939646283,1.0,0,0,0,,,0.3107959717384398
20260123_224946,2026-01-23T23:17:05.294151,15cedc7a9730972b927f01fdf3bc98946ca1b50a,bellman,64x64,10299,7.056631875457242e-05,0.0078921075143478,1.0,0,0,0,,,0.31876911436510175
20260123_224946,2026-01-23T23:17:07.451820,15cedc7a9730972b927f01fdf3bc98946ca1b50a,bellman,64x64,10399,0.0005016828654333949,0.009582880803952776,1.0,0,0,0,,,0.31256112314836426
20260123_224946,2026-01-23T23:17:09.427210,15cedc7a9730972b927f01fdf3bc98946ca1b50a,bellman,64x64,10499,-0.00015487123164348304,0.0075241299604772395,1.0,0,0,0,,,0.30035447867732135
20260123_224946,2026-01-23T23:17:11.616287,15cedc7a9730972b927f01fdf3bc98946ca1b50a,bellman,64x64,10599,0.0002496456727385521,0.008330486797736967,1.0,0,0,0,,,0.32348872415741226
20260123_224946,2026-01-23T23:17:13.822714,15cedc7a9730972b927f01fdf3bc98946ca1b50a,bellman,64x64,10699,-5.1216491556260735e-05,0.006886362259092493,1.0,0,0,0,,,0.30133126474392247
20260123_224946,2026-01-23T23:17:15.865547,15cedc7a9730972b927f01fdf3bc98946ca1b50a,bellman,64x64,10799,0.0009245677501894534,0.007573779620244068,1.0,0,0,0,,,0.32961202665843775
20260123_224946,2026-01-23T23:17:18.051331,15cedc7a9730972b927f01fdf3bc98946ca1b50a,bellman,64x64,10899,0.0012054515536874533,0.007936789646402076,1.0,0,0,0,,,0.3123934489095116
20260123_224946,2026-01-23T23:17:20.286519,15cedc7a9730972b927f01fdf3bc98946ca1b50a,bellman,64x64,10999,-0.00019247144518885761,0.009175111899941158,1.0,0,0,0,,,0.32999633299608866
20260123_224946,2026-01-23T23:17:22.450891,15cedc7a9730972b927f01fdf3bc98946ca1b50a,bellman,64x64,11099,0.0009157629683613777,0.008171744233467847,1.0,0,0,0,,,0.3081767304290368
20260123_224946,2026-01-23T23:17:24.478540,15cedc7a9730972b927f01fdf3bc98946ca1b50a,bellman,64x64,11199,0.0005107123870402575,0.006136278389512881,1.0,0,0,0,,,0.31300008807922897
20260123_224946,2026-01-23T23:17:26.639824,15cedc7a9730972b927f01fdf3bc98946ca1b50a,bellman,64x64,11299,-0.0007955491309985518,0.0069662687590926,1.0,0,0,0,,,0.323180883032258
20260123_224946,2026-01-23T23:17:28.809434,15cedc7a9730972b927f01fdf3bc98946ca1b50a,bellman,64x64,11399,-0.00019359943689778447,0.0071901684056780366,1.0,0,0,0,,,0.31725789004050264
20260123_224946,2026-01-23T23:17:30.989956,15cedc7a9730972b927f01fdf3bc98946ca1b50a,bellman,64x64,11499,-0.0002672458649612963,0.005958705858053577,1.0,0,0,0,,,0.29158040953598313
20260123_224946,2026-01-23T23:17:33.025359,15cedc7a9730972b927f01fdf3bc98946ca1b50a,bellman,64x64,11599,0.0005722533678635955,0.006574943867076399,1.0,0,0,0,,,0.3314513206445775
20260123_224946,2026-01-23T23:17:35.198162,15cedc7a9730972b927f01fdf3bc98946ca1b50a,bellman,64x64,11699,0.0005798381753265858,0.006447329063055349,1.0,0,0,0,,,0.3366225952385716
20260123_224946,2026-01-23T23:17:37.379285,15cedc7a9730972b927f01fdf3bc98946ca1b50a,bellman,64x64,11799,-0.0002296300808666274,0.006347105961457373,1.0,0,0,0,,,0.3353909112577625
20260123_224946,2026-01-23T23:17:39.541009,15cedc7a9730972b927f01fdf3bc98946ca1b50a,bellman,64x64,11899,0.0023031490854918957,0.008902311994683032,1.0,0,0,0,,,0.3411059059297012
20260123_224946,2026-01-23T23:17:41.747580,15cedc7a9730972b927f01fdf3bc98946ca1b50a,bellman,64x64,11999,0.0006344514549709857,0.006411010393633205,1.0,0,0,0,,,0.33664884973856635
20260123_224946,2026-01-23T23:17:43.871786,15cedc7a9730972b927f01fdf3bc98946ca1b50a,bellman,64x64,12099,0.00017615566321182996,0.006289775490396323,1.0,0,0,0,,,0.3096661369794898
20260123_224946,2026-01-23T23:17:45.857825,15cedc7a9730972b927f01fdf3bc98946ca1b50a,bellman,64x64,12199,0.000352589413523674,0.005389887854369136,1.0,0,0,0,,,0.3326313583522861
20260123_224946,2026-01-23T23:17:47.976877,15cedc7a9730972b927f01fdf3bc98946ca1b50a,bellman,64x64,12299,0.0007450003176927567,0.012383987824832729,1.0,0,0,0,,,0.36565768996674697
20260123_224946,2026-01-23T23:17:50.798338,15cedc7a9730972b927f01fdf3bc98946ca1b50a,bellman,64x64,12399,-0.0002656566502992064,0.011146587208361324,1.0,0,0,0,,,0.34972858059813033
20260123_224946,2026-01-23T23:17:52.956437,15cedc7a9730972b927f01fdf3bc98946ca1b50a,bellman,64x64,12499,0.00028244542772881687,0.008882346339378273,1.0,0,0,0,,,0.3521146474213085
20260123_224946,2026-01-23T23:17:54.948634,15cedc7a9730972b927f01fdf3bc98946ca1b50a,bellman,64x64,12599,0.001341425464488566,0.006639051783806736,1.0,0,0,0,,,0.3368461908527081
20260123_224946,2026-01-23T23:17:56.963169,15cedc7a9730972b927f01fdf3bc98946ca1b50a,bellman,64x64,12699,-4.658188481698744e-05,0.005486908375385156,1.0,0,0,0,,,0.34026789666114093
20260123_224946,2026-01-23T23:17:58.981437,15cedc7a9730972b927f01fdf3bc98946ca1b50a,bellman,64x64,12799,0.0008327218820340931,0.004819501839255622,1.0,0,0,0,,,0.3401238362411088
20260123_224946,2026-01-23T23:18:00.827417,15cedc7a9730972b927f01fdf3bc98946ca1b50a,bellman,64x64,12899,0.0012984098866581917,0.006816379479186025,1.0,0,0,0,,,0.34508023868483495
20260123_224946,2026-01-23T23:18:02.777279,15cedc7a9730972b927f01fdf3bc98946ca1b50a,bellman,64x64,12999,-0.00037665318814106286,0.007535390100645145,1.0,0,0,0,,,0.3231375764804738
20260123_224946,2026-01-23T23:18:04.732738,15cedc7a9730972b927f01fdf3bc98946ca1b50a,bellman,64x64,13099,-0.00018047192133963108,0.008854051292948951,1.0,0,0,0,,,0.3459046959557711
20260123_224946,2026-01-23T23:18:06.885346,15cedc7a9730972b927f01fdf3bc98946ca1b50a,bellman,64x64,13199,-0.00145727617200464,0.006355964531898053,1.0,0,0,0,,,0.3558586215039337
20260123_224946,2026-01-23T23:18:09.000920,15cedc7a9730972b927f01fdf3bc98946ca1b50a,bellman,64x64,13299,0.00014572862710338086,0.007350433311620464,1.0,0,0,0,,,0.33439072361252536
20260123_224946,2026-01-23T23:18:11.121989,15cedc7a9730972b927f01fdf3bc98946ca1b50a,bellman,64x64,13399,0.00032242448651231825,0.006377717922700868,1.0,0,0,0,,,0.34954270328674264
20260123_224946,2026-01-23T23:18:13.274271,15cedc7a9730972b927f01fdf3bc98946ca1b50a,bellman,64x64,13499,0.00037613711901940405,0.007131376041267004,1.0,0,0,0,,,0.3486385630176323
20260123_224946,2026-01-23T23:18:15.322823,15cedc7a9730972b927f01fdf3bc98946ca1b50a,bellman,64x64,13599,-0.00014099465624894947,0.009100101067355126,1.0,0,0,0,,,0.3531281072642125
20260123_224946,2026-01-23T23:18:17.492827,15cedc7a9730972b927f01fdf3bc98946ca1b50a,bellman,64x64,13699,0.0004771251406054944,0.007925533912472247,1.0,0,0,0,,,0.3510841001766367
20260123_224946,2026-01-23T23:18:19.675576,15cedc7a9730972b927f01fdf3bc98946ca1b50a,bellman,64x64,13799,0.0010999214136973023,0.009600110943833897,1.0,0,0,0,,,0.3596234917705005
20260123_224946,2026-01-23T23:18:21.852751,15cedc7a9730972b927f01fdf3bc98946ca1b50a,bellman,64x64,13899,0.001107784453779459,0.007613127990057364,1.0,0,0,0,,,0.34593822872119484
20260123_224946,2026-01-23T23:18:24.020623,15cedc7a9730972b927f01fdf3bc98946ca1b50a,bellman,64x64,13999,-0.0007499416242353618,0.00907953208470758,1.0,0,0,0,,,0.36072695232688756
20260123_224946,2026-01-23T23:18:26.052052,15cedc7a9730972b927f01fdf3bc98946ca1b50a,bellman,64x64,14099,0.0006194227607920766,0.008170659570952239,1.0,0,0,0,,,0.35291134489534043
20260123_224946,2026-01-23T23:18:28.251393,15cedc7a9730972b927f01fdf3bc98946ca1b50a,bellman,64x64,14199,-0.0005508532049134374,0.008886556649624709,1.0,0,0,0,,,0.3655108049226863
20260123_224946,2026-01-23T23:18:30.177709,15cedc7a9730972b927f01fdf3bc98946ca1b50a,bellman,64x64,14299,0.00023917204816825688,0.008902820775083455,1.0,0,0,0,,,0.3562260004569937
20260123_224946,2026-01-23T23:18:32.261519,15cedc7a9730972b927f01fdf3bc98946ca1b50a,bellman,64x64,14399,0.0010119467042386532,0.00879678169091335,1.0,0,0,0,,,0.3644988775817803
20260123_224946,2026-01-23T23:18:34.237945,15cedc7a9730972b927f01fdf3bc98946ca1b50a,bellman,64x64,14499,-0.0002240556787000969,0.008584935261228565,1.0,0,0,0,,,0.35407116467914457
20260123_224946,2026-01-23T23:18:36.336630,15cedc7a9730972b927f01fdf3bc98946ca1b50a,bellman,64x64,14599,-0.0009886956540867686,0.006806116397011692,1.0,0,0,0,,,0.34603783481202244
20260123_224946,2026-01-23T23:18:38.355162,15cedc7a9730972b927f01fdf3bc98946ca1b50a,bellman,64x64,14699,0.00043689715676009655,0.007747062902565176,1.0,0,0,0,,,0.3671131598233595
20260123_224946,2026-01-23T23:18:40.078825,15cedc7a9730972b927f01fdf3bc98946ca1b50a,bellman,64x64,14799,2.7166232030140236e-05,0.008011606694434476,1.0,0,0,0,,,0.35127875615487336
20260123_224946,2026-01-23T23:18:42.678406,15cedc7a9730972b927f01fdf3bc98946ca1b50a,bellman,64x64,14899,-0.0008425370324403048,0.007407861757033629,1.0,0,0,0,,,0.3603864758389563
20260123_224946,2026-01-23T23:18:44.748072,15cedc7a9730972b927f01fdf3bc98946ca1b50a,bellman,64x64,14999,0.0009474357357248664,0.008078257351329513,1.0,0,0,0,,,0.36464802858079615
20260123_224946,2026-01-23T23:18:46.608639,15cedc7a9730972b927f01fdf3bc98946ca1b50a,bellman,64x64,15099,-0.00010098691564053297,0.007894515717999297,1.0,0,0,0,,,0.36045756010702057
20260123_224946,2026-01-23T23:18:48.512196,15cedc7a9730972b927f01fdf3bc98946ca1b50a,bellman,64x64,15199,0.0011388028506189585,0.007345234147124415,1.0,0,0,0,,,0.357403664472427
20260123_224946,2026-01-23T23:18:50.557223,15cedc7a9730972b927f01fdf3bc98946ca1b50a,bellman,64x64,15299,5.450111348181963e-05,0.008391334419253554,1.0,0,0,0,,,0.36758629383495983
20260123_224946,2026-01-23T23:18:52.498788,15cedc7a9730972b927f01fdf3bc98946ca1b50a,bellman,64x64,15399,0.0008662299369461834,0.005816317175049903,1.0,0,0,0,,,0.3624336250630767
20260123_224946,2026-01-23T23:18:54.427404,15cedc7a9730972b927f01fdf3bc98946ca1b50a,bellman,64x64,15499,0.0008005185518413782,0.006624499932744356,1.0,0,0,0,,,0.36566138047157704
20260123_224946,2026-01-23T23:18:56.351328,15cedc7a9730972b927f01fdf3bc98946ca1b50a,bellman,64x64,15599,0.001647822791710496,0.007808867843068014,1.0,0,0,0,,,0.3768574520221563
20260123_224946,2026-01-23T23:18:58.455237,15cedc7a9730972b927f01fdf3bc98946ca1b50a,bellman,64x64,15699,-0.0011474726488813758,0.007841447321364398,1.0,0,0,0,,,0.36138009330282167
20260123_224946,2026-01-23T23:19:00.565689,15cedc7a9730972b927f01fdf3bc98946ca1b50a,bellman,64x64,15799,0.0005511926719918847,0.00782717631116725,1.0,0,0,0,,,0.37564262228255485
20260123_224946,2026-01-23T23:19:02.491810,15cedc7a9730972b927f01fdf3bc98946ca1b50a,bellman,64x64,15899,-5.505100489244796e-05,0.007922396148651388,1.0,0,0,0,,,0.3696433420081191
20260123_224946,2026-01-23T23:19:04.520792,15cedc7a9730972b927f01fdf3bc98946ca1b50a,bellman,64x64,15999,-0.00018778287630993873,0.006036137401166286,1.0,0,0,0,,,0.3522344652493168
20260123_224946,2026-01-23T23:19:06.538978,15cedc7a9730972b927f01fdf3bc98946ca1b50a,bellman,64x64,16099,-0.0006067623035050929,0.007696693170198614,1.0,0,0,0,,,0.37286136398337766
20260123_224946,2026-01-23T23:19:08.758787,15cedc7a9730972b927f01fdf3bc98946ca1b50a,bellman,64x64,16199,0.00035592971835285425,0.007009795071527947,1.0,0,0,0,,,0.37334648299434403
20260123_224946,2026-01-23T23:19:10.858794,15cedc7a9730972b927f01fdf3bc98946ca1b50a,bellman,64x64,16299,0.00013413802662398666,0.006696722979476988,1.0,0,0,0,,,0.3539564813133107
20260123_224946,2026-01-23T23:19:12.842738,15cedc7a9730972b927f01fdf3bc98946ca1b50a,bellman,64x64,16399,0.0007424011710099876,0.007989455268288736,1.0,0,0,0,,,0.35180164267674574
20260123_224946,2026-01-23T23:19:14.892242,15cedc7a9730972b927f01fdf3bc98946ca1b50a,bellman,64x64,16499,0.000324440625263378,0.006305096924605493,1.0,0,0,0,,,0.32081233118308494
20260123_224946,2026-01-23T23:19:16.962383,15cedc7a9730972b927f01fdf3bc98946ca1b50a,bellman,64x64,16599,0.0003045980120077729,0.006526829105985712,1.0,0,0,0,,,0.37988023754534794
20260123_224946,2026-01-23T23:19:19.036103,15cedc7a9730972b927f01fdf3bc98946ca1b50a,bellman,64x64,16699,-0.00021534283587243408,0.008033024334276889,1.0,0,0,0,,,0.35768640165797977
20260123_224946,2026-01-23T23:19:21.145776,15cedc7a9730972b927f01fdf3bc98946ca1b50a,bellman,64x64,16799,0.0016858577728271484,0.0062337234493318764,1.0,0,0,0,,,0.3668644499013923
20260123_224946,2026-01-23T23:19:23.230208,15cedc7a9730972b927f01fdf3bc98946ca1b50a,bellman,64x64,16899,0.00016439781757071614,0.008911213086811927,1.0,0,0,0,,,0.36796254094580616
20260123_224946,2026-01-23T23:19:25.348835,15cedc7a9730972b927f01fdf3bc98946ca1b50a,bellman,64x64,16999,-0.0001799272431526333,0.007656077057363575,1.0,0,0,0,,,0.3575088810042641
20260123_224946,2026-01-23T23:19:27.595065,15cedc7a9730972b927f01fdf3bc98946ca1b50a,bellman,64x64,17099,0.00022629501472692937,0.0067403605735373165,1.0,0,0,0,,,0.3773439298983985
20260123_224946,2026-01-23T23:19:29.581433,15cedc7a9730972b927f01fdf3bc98946ca1b50a,bellman,64x64,17199,0.0010733986273407936,0.007297787636133535,1.0,0,0,0,,,0.3667804061742702
20260123_224946,2026-01-23T23:19:31.758081,15cedc7a9730972b927f01fdf3bc98946ca1b50a,bellman,64x64,17299,0.0002525659219827503,0.006545799668888321,1.0,0,0,0,,,0.371874637589435
20260123_224946,2026-01-23T23:19:33.746676,15cedc7a9730972b927f01fdf3bc98946ca1b50a,bellman,64x64,17399,0.0003115337167400867,0.0056822031130738535,1.0,0,0,0,,,0.3439047359690497
20260123_224946,2026-01-23T23:19:35.720601,15cedc7a9730972b927f01fdf3bc98946ca1b50a,bellman,64x64,17499,0.0009844754822552204,0.006434006863555908,1.0,0,0,0,,,0.3671568599105507
20260123_224946,2026-01-23T23:19:37.833996,15cedc7a9730972b927f01fdf3bc98946ca1b50a,bellman,64x64,17599,0.00017899603699333966,0.006132598919809595,1.0,0,0,0,,,0.3610903647024991
20260123_224946,2026-01-23T23:19:40.192038,15cedc7a9730972b927f01fdf3bc98946ca1b50a,bellman,64x64,17699,0.000852628203574568,0.007392602939652306,1.0,0,0,0,,,0.3264051283921543
20260123_224946,2026-01-23T23:19:42.985843,15cedc7a9730972b927f01fdf3bc98946ca1b50a,bellman,64x64,17799,-3.698432556120679e-05,0.008953580856190229,1.0,0,0,0,,,0.3847397218144374
20260123_224946,2026-01-23T23:19:45.345213,15cedc7a9730972b927f01fdf3bc98946ca1b50a,bellman,64x64,17899,0.001051100785844028,0.00770088154291102,1.0,0,0,0,,,0.3785463183373677
20260123_224946,2026-01-23T23:19:47.862741,15cedc7a9730972b927f01fdf3bc98946ca1b50a,bellman,64x64,17999,-0.00020589276391547173,0.007161876007388059,1.0,0,0,0,,,0.37437212321162605
20260123_224946,2026-01-23T23:19:50.309864,15cedc7a9730972b927f01fdf3bc98946ca1b50a,bellman,64x64,18099,0.0019945139065384865,0.007309480820467797,1.0,0,0,0,,,0.38656122804107906
20260123_224946,2026-01-23T23:19:52.301459,15cedc7a9730972b927f01fdf3bc98946ca1b50a,bellman,64x64,18199,0.0004167858278378844,0.008068586682543923,1.0,0,0,0,,,0.38890226712322734
20260123_224946,2026-01-23T23:19:54.255727,15cedc7a9730972b927f01fdf3bc98946ca1b50a,bellman,64x64,18299,7.336623821174726e-05,0.006881836441176006,1.0,0,0,0,,,0.3832767787785379
20260123_224946,2026-01-23T23:19:56.413455,15cedc7a9730972b927f01fdf3bc98946ca1b50a,bellman,64x64,18399,0.0013918941840529442,0.00035982094112551265,1.0,0,0,0,,,0.04577810676627557
20260123_224946,2026-01-23T23:19:58.850213,15cedc7a9730972b927f01fdf3bc98946ca1b50a,bellman,64x64,18499,0.0011232445249333978,0.0004116484030204681,1.0,0,0,0,,,0.0509959740675805
20260123_224946,2026-01-23T23:20:01.201650,15cedc7a9730972b927f01fdf3bc98946ca1b50a,bellman,64x64,18599,0.0023249073419719934,0.00044275363166560664,1.0,0,0,0,,,0.053374243891809545
20260123_224946,2026-01-23T23:20:03.351026,15cedc7a9730972b927f01fdf3bc98946ca1b50a,bellman,64x64,18699,-0.0004780631570611149,0.0005350442092628072,1.0,0,0,0,,,0.058052347365653276
20260123_224946,2026-01-23T23:20:05.835751,15cedc7a9730972b927f01fdf3bc98946ca1b50a,bellman,64x64,18799,0.0002340717619517818,0.0005178160405356991,1.0,0,0,0,,,0.05856767906784839
20260123_224946,2026-01-23T23:20:07.830206,15cedc7a9730972b927f01fdf3bc98946ca1b50a,bellman,64x64,18899,0.0005542440921999514,0.0006179370374532667,1.0,0,0,0,,,0.06119525260592837
20260123_224946,2026-01-23T23:20:09.962195,15cedc7a9730972b927f01fdf3bc98946ca1b50a,bellman,64x64,18999,0.0029210099019110203,0.0007553946689228397,1.0,0,0,0,,,0.0659046882381332
20260123_224946,2026-01-23T23:20:12.159896,15cedc7a9730972b927f01fdf3bc98946ca1b50a,bellman,64x64,19099,0.001293433248065412,0.0009563488082428507,1.0,0,0,0,,,0.07294771842588282
20260123_224946,2026-01-23T23:20:14.750609,15cedc7a9730972b927f01fdf3bc98946ca1b50a,bellman,64x64,19199,-0.001260291668586433,0.0009819023831691709,1.0,0,0,0,,,0.0744982265040767
20260123_224946,2026-01-23T23:20:17.003258,15cedc7a9730972b927f01fdf3bc98946ca1b50a,bellman,64x64,19299,0.0006489938823506236,0.0009895986778906262,1.0,0,0,0,,,0.07677680293547048
20260123_224946,2026-01-23T23:20:19.192781,15cedc7a9730972b927f01fdf3bc98946ca1b50a,bellman,64x64,19399,0.002431809902191162,0.0009097952621127803,1.0,0,0,0,,,0.08083264205580337
20260123_224946,2026-01-23T23:20:21.543402,15cedc7a9730972b927f01fdf3bc98946ca1b50a,bellman,64x64,19499,-0.00010614273196551949,0.001346767223767884,1.0,0,0,0,,,0.08449952155587287
20260123_224946,2026-01-23T23:20:25.309805,15cedc7a9730972b927f01fdf3bc98946ca1b50a,bellman,64x64,19599,0.0009531675023026764,0.001546707051620473,1.0,0,0,0,,,0.08258693671312409
20260123_224946,2026-01-23T23:20:27.312132,15cedc7a9730972b927f01fdf3bc98946ca1b50a,bellman,64x64,19699,-0.0002508975740056485,0.0015693814094984758,1.0,0,0,0,,,0.08602927085967609
20260123_224946,2026-01-23T23:20:29.419792,15cedc7a9730972b927f01fdf3bc98946ca1b50a,bellman,64x64,19799,-0.00045878454693593085,0.0018881186762510537,1.0,0,0,0,,,0.08870243762779494
20260123_224946,2026-01-23T23:20:31.510306,15cedc7a9730972b927f01fdf3bc98946ca1b50a,bellman,64x64,19899,-0.00027150061214342713,0.0016395748565362566,1.0,0,0,0,,,0.09254191579386002
20260123_224946,2026-01-23T23:20:33.486814,15cedc7a9730972b927f01fdf3bc98946ca1b50a,bellman,64x64,19999,0.00036038950202055275,0.0019779714274233127,1.0,0,0,0,,,0.09062563810599128
20260123_224946,2026-01-23T23:20:35.391315,15cedc7a9730972b927f01fdf3bc98946ca1b50a,bellman,64x64,20099,-0.0003625182725954801,0.002161956106077838,1.0,0,0,0,,,0.09916526847196792
20260123_224946,2026-01-23T23:20:37.397078,15cedc7a9730972b927f01fdf3bc98946ca1b50a,bellman,64x64,20199,0.00046196437324397266,0.002809922427104965,1.0,0,0,0,,,0.1024057859499945
20260123_224946,2026-01-23T23:20:39.576712,15cedc7a9730972b927f01fdf3bc98946ca1b50a,bellman,64x64,20299,0.00022872873523738235,0.003463847587684796,1.0,0,0,0,,,0.1157829940660382
20260123_224946,2026-01-23T23:20:41.686447,15cedc7a9730972b927f01fdf3bc98946ca1b50a,bellman,64x64,20399,0.0006204416276887059,0.004073423254394868,1.0,0,0,0,,,0.13275923169936446
20260123_224946,2026-01-23T23:20:43.760763,15cedc7a9730972b927f01fdf3bc98946ca1b50a,bellman,64x64,20499,0.0009624359663575888,0.0038057279636635145,1.0,0,0,0,,,0.12981917885316732
20260123_224946,2026-01-23T23:20:45.519003,15cedc7a9730972b927f01fdf3bc98946ca1b50a,bellman,64x64,20599,0.0007423699134960771,0.004439241255270474,1.0,0,0,0,,,0.14509719576767272
20260123_224946,2026-01-23T23:20:47.448735,15cedc7a9730972b927f01fdf3bc98946ca1b50a,bellman,64x64,20699,0.002366251777857542,0.007256864714420033,1.0,0,0,0,,,0.16325383326264034
20260123_224946,2026-01-23T23:20:49.364884,15cedc7a9730972b927f01fdf3bc98946ca1b50a,bellman,64x64,20799,-0.0008301415364257991,0.0055571601843737994,1.0,0,0,0,,,0.16697906483853403
20260123_224946,2026-01-23T23:20:51.414000,15cedc7a9730972b927f01fdf3bc98946ca1b50a,bellman,64x64,20899,-0.0006337346858344972,0.0048192351138408186,1.0,0,0,0,,,0.16590518903363335
20260123_224946,2026-01-23T23:20:53.644611,15cedc7a9730972b927f01fdf3bc98946ca1b50a,bellman,64x64,20999,0.00044010052806697786,0.005133175431893165,1.0,0,0,0,,,0.17761593273374998
20260123_224946,2026-01-23T23:20:55.694351,15cedc7a9730972b927f01fdf3bc98946ca1b50a,bellman,64x64,21099,0.0017207075143232942,0.005194878086663834,1.0,0,0,0,,,0.18006142112343815
20260123_224946,2026-01-23T23:20:57.835926,15cedc7a9730972b927f01fdf3bc98946ca1b50a,bellman,64x64,21199,-0.0004911236464977264,0.005294833678466944,1.0,0,0,0,,,0.19193360850025498
20260123_224946,2026-01-23T23:20:59.927617,15cedc7a9730972b927f01fdf3bc98946ca1b50a,bellman,64x64,21299,-5.682074333890341e-05,0.005906942728403522,1.0,0,0,0,,,0.21875388037355725
20260123_224946,2026-01-23T23:21:01.837689,15cedc7a9730972b927f01fdf3bc98946ca1b50a,bellman,64x64,21399,0.0013232757337391376,0.008834030775366557,1.0,0,0,0,,,0.24615143923404753
20260123_224946,2026-01-23T23:21:04.260801,15cedc7a9730972b927f01fdf3bc98946ca1b50a,bellman,64x64,21499,0.00012805590813513845,0.00752316963666857,1.0,0,0,0,,,0.2589672302457216
20260123_224946,2026-01-23T23:21:06.320982,15cedc7a9730972b927f01fdf3bc98946ca1b50a,bellman,64x64,21599,0.001345906057395041,0.0063035314530256415,1.0,0,0,0,,,0.2874469351775937
20260123_224946,2026-01-23T23:21:08.521161,15cedc7a9730972b927f01fdf3bc98946ca1b50a,bellman,64x64,21699,0.0007611069595441222,0.007664216480815184,1.0,0,0,0,,,0.2879091167625272
20260123_224946,2026-01-23T23:21:10.514496,15cedc7a9730972b927f01fdf3bc98946ca1b50a,bellman,64x64,21799,0.000529055017977953,0.008383010369782085,1.0,0,0,0,,,0.2910283000457029
20260123_224946,2026-01-23T23:21:12.955653,15cedc7a9730972b927f01fdf3bc98946ca1b50a,bellman,64x64,21899,-1.1163153430970851e-05,0.009141076885127006,1.0,0,0,0,,,0.31903452045338
20260123_224946,2026-01-23T23:21:15.537889,15cedc7a9730972b927f01fdf3bc98946ca1b50a,bellman,64x64,21999,-0.0005750613636337221,0.009082644318004042,1.0,0,0,0,,,0.3499293553315972
20260123_224946,2026-01-23T23:21:17.557749,15cedc7a9730972b927f01fdf3bc98946ca1b50a,bellman,64x64,22099,-0.0003036712296307087,0.009198860289748154,1.0,0,0,0,,,0.3675004365398735
20260123_224946,2026-01-23T23:21:19.806351,15cedc7a9730972b927f01fdf3bc98946ca1b50a,bellman,64x64,22199,0.0009914565598592162,0.007242240500346782,1.0,0,0,0,,,0.3658108314064127
20260123_224946,2026-01-23T23:21:22.034446,15cedc7a9730972b927f01fdf3bc98946ca1b50a,bellman,64x64,22299,0.0010901211062446237,0.008677839810356431,1.0,0,0,0,,,0.380514412996709
20260123_224946,2026-01-23T23:21:24.250113,15cedc7a9730972b927f01fdf3bc98946ca1b50a,bellman,64x64,22399,0.00026351347332820296,0.00837131812889794,1.0,0,0,0,,,0.38694055471592526
20260123_224946,2026-01-23T23:21:26.264634,15cedc7a9730972b927f01fdf3bc98946ca1b50a,bellman,64x64,22499,-0.00027054751990363,0.00792477060164316,1.0,0,0,0,,,0.38388674072199813
20260123_224946,2026-01-23T23:21:28.474838,15cedc7a9730972b927f01fdf3bc98946ca1b50a,bellman,64x64,22599,0.0002051915362244472,0.00800018134068864,1.0,0,0,0,,,0.3857934569681846
20260123_224946,2026-01-23T23:21:30.211332,15cedc7a9730972b927f01fdf3bc98946ca1b50a,bellman,64x64,22699,-7.193853525677696e-05,0.006334364460339827,1.0,0,0,0,,,0.3736844652310741
20260123_224946,2026-01-23T23:21:32.416374,15cedc7a9730972b927f01fdf3bc98946ca1b50a,bellman,64x64,22799,-0.0005786443944089115,0.006513549282126405,1.0,0,0,0,,,0.37559998250998883
20260123_224946,2026-01-23T23:21:34.263030,15cedc7a9730972b927f01fdf3bc98946ca1b50a,bellman,64x64,22899,-0.0001614736538613215,0.005802737630646533,1.0,0,0,0,,,0.37893060993458166
20260123_224946,2026-01-23T23:21:36.432310,15cedc7a9730972b927f01fdf3bc98946ca1b50a,bellman,64x64,22999,0.0005174800171516836,0.005402203939769521,1.0,0,0,0,,,0.3140852897529622
20260123_224946,2026-01-23T23:21:38.222446,15cedc7a9730972b927f01fdf3bc98946ca1b50a,bellman,64x64,23099,0.0007018916076049209,0.005955278262871673,1.0,0,0,0,,,0.38181284542744764
20260123_224946,2026-01-23T23:21:40.200004,15cedc7a9730972b927f01fdf3bc98946ca1b50a,bellman,64x64,23199,-0.0006740231183357537,0.005600368458619585,1.0,0,0,0,,,0.3886628511933669
20260123_224946,2026-01-23T23:21:42.119085,15cedc7a9730972b927f01fdf3bc98946ca1b50a,bellman,64x64,23299,-0.0002992416557390243,0.006323310088945107,1.0,0,0,0,,,0.37028174997179825
20260123_224946,2026-01-23T23:21:44.191020,15cedc7a9730972b927f01fdf3bc98946ca1b50a,bellman,64x64,23399,0.0016298487316817045,0.004971407603814271,1.0,0,0,0,,,0.3890648247142389
20260123_224946,2026-01-23T23:21:46.306311,15cedc7a9730972b927f01fdf3bc98946ca1b50a,bellman,64x64,23499,-0.0005596832488663495,0.005518182057696777,1.0,0,0,0,,,0.38505173310254814
20260123_224946,2026-01-23T23:21:48.294976,15cedc7a9730972b927f01fdf3bc98946ca1b50a,bellman,64x64,23599,4.663247455027886e-05,0.005707845293096625,1.0,0,0,0,,,0.37811371881291855
20260123_224946,2026-01-23T23:21:50.307380,15cedc7a9730972b927f01fdf3bc98946ca1b50a,bellman,64x64,23699,0.0027161301113665104,0.005439229135582764,1.0,0,0,0,,,0.3793864816108452
20260123_224946,2026-01-23T23:21:52.251492,15cedc7a9730972b927f01fdf3bc98946ca1b50a,bellman,64x64,23799,-0.0002062762068817392,0.00657802056426462,1.0,0,0,0,,,0.3710120474324541
20260123_224946,2026-01-23T23:21:54.250263,15cedc7a9730972b927f01fdf3bc98946ca1b50a,bellman,64x64,23899,0.00101792614441365,0.004056488995655059,1.0,0,0,0,,,0.35852931749115213
20260123_224946,2026-01-23T23:21:56.297697,15cedc7a9730972b927f01fdf3bc98946ca1b50a,bellman,64x64,23999,-0.00043713016202673316,0.00458011379593799,1.0,0,0,0,,,0.3838297489135808
20260123_224946,2026-01-23T23:21:58.473027,15cedc7a9730972b927f01fdf3bc98946ca1b50a,bellman,64x64,24099,-0.00020448878058232367,0.005256444992536018,1.0,0,0,0,,,0.3736979748607994
20260123_224946,2026-01-23T23:22:00.612104,15cedc7a9730972b927f01fdf3bc98946ca1b50a,bellman,64x64,24199,0.001025166129693389,0.0042867235587748095,1.0,0,0,0,,,0.3593845880322213
20260123_224946,2026-01-23T23:22:02.327625,15cedc7a9730972b927f01fdf3bc98946ca1b50a,bellman,64x64,24299,0.0005764042143709958,0.004762395080297779,1.0,0,0,0,,,0.37722442784592497
20260123_224946,2026-01-23T23:22:04.462351,15cedc7a9730972b927f01fdf3bc98946ca1b50a,bellman,64x64,24399,0.0010941083310171962,0.005102029209213299,1.0,0,0,0,,,0.3741856689923519
20260123_224946,2026-01-23T23:22:06.159510,15cedc7a9730972b927f01fdf3bc98946ca1b50a,bellman,64x64,24499,-0.0003387126780580729,0.005008901442033675,1.0,0,0,0,,,0.38157929368994126
20260123_224946,2026-01-23T23:22:08.176255,15cedc7a9730972b927f01fdf3bc98946ca1b50a,bellman,64x64,24599,-0.000865332258399576,0.004233642494577481,1.0,0,0,0,,,0.3681968405993312
20260123_224946,2026-01-23T23:22:10.433632,15cedc7a9730972b927f01fdf3bc98946ca1b50a,bellman,64x64,24699,-0.00044803734635934234,0.0038257130531749793,1.0,0,0,0,,,0.3792015491135925
20260123_224946,2026-01-23T23:22:12.584138,15cedc7a9730972b927f01fdf3bc98946ca1b50a,bellman,64x64,24799,-7.839359022909775e-05,0.004777667170560988,1.0,0,0,0,,,0.36097099813564926
20260123_224946,2026-01-23T23:22:14.333761,15cedc7a9730972b927f01fdf3bc98946ca1b50a,bellman,64x64,24899,0.0009057856514118612,0.0050891108242578295,1.0,0,0,0,,,0.3874355919511626
20260123_224946,2026-01-23T23:22:16.396288,15cedc7a9730972b927f01fdf3bc98946ca1b50a,bellman,64x64,24999,0.0007789747905917466,0.004736946495675482,1.0,0,0,0,,,0.3830487943829702
20260123_224946,2026-01-23T23:22:18.490077,15cedc7a9730972b927f01fdf3bc98946ca1b50a,bellman,64x64,25099,-0.0003300377575214952,0.005526656381474169,1.0,0,0,0,,,0.3820964208433942
20260123_224946,2026-01-23T23:22:20.764081,15cedc7a9730972b927f01fdf3bc98946ca1b50a,bellman,64x64,25199,0.0002447484584990889,0.006587871486317738,1.0,0,0,0,,,0.38219998500825664
20260123_224946,2026-01-23T23:22:23.094136,15cedc7a9730972b927f01fdf3bc98946ca1b50a,bellman,64x64,25299,-0.00019987211271654814,0.005136444278343788,1.0,0,0,0,,,0.3869931080260722
20260123_224946,2026-01-23T23:22:25.184070,15cedc7a9730972b927f01fdf3bc98946ca1b50a,bellman,64x64,25399,-0.0008119065896607935,0.005537317891008655,1.0,0,0,0,,,0.3480846805827004
20260123_224946,2026-01-23T23:22:27.226449,15cedc7a9730972b927f01fdf3bc98946ca1b50a,bellman,64x64,25499,-0.0005135535611771047,0.005945234826841101,1.0,0,0,0,,,0.38273185305971114
20260123_224946,2026-01-23T23:22:29.244972,15cedc7a9730972b927f01fdf3bc98946ca1b50a,bellman,64x64,25599,-7.029508560663089e-05,0.005532862729421879,1.0,0,0,0,,,0.37825426269128365
20260123_224946,2026-01-23T23:22:31.438213,15cedc7a9730972b927f01fdf3bc98946ca1b50a,bellman,64x64,25699,-0.00015582125342916697,0.003957489128199399,1.0,0,0,0,,,0.37782972655614655
20260123_224946,2026-01-23T23:22:33.977494,15cedc7a9730972b927f01fdf3bc98946ca1b50a,bellman,64x64,25799,0.0006278719520196319,0.004815996679676289,1.0,0,0,0,,,0.3632539710618735
20260123_224946,2026-01-23T23:22:36.465777,15cedc7a9730972b927f01fdf3bc98946ca1b50a,bellman,64x64,25899,-6.101811595726758e-05,0.005624858647503003,1.0,0,0,0,,,0.38598910673314923
20260123_224946,2026-01-23T23:22:38.678507,15cedc7a9730972b927f01fdf3bc98946ca1b50a,bellman,64x64,25999,-0.0004913258599117398,0.004037756126145098,1.0,0,0,0,,,0.3725408860058953
20260123_224946,2026-01-23T23:22:40.834741,15cedc7a9730972b927f01fdf3bc98946ca1b50a,bellman,64x64,26099,0.0007082995143719018,0.005656351091041927,1.0,0,0,0,,,0.38370959195907806
20260123_224946,2026-01-23T23:22:42.788463,15cedc7a9730972b927f01fdf3bc98946ca1b50a,bellman,64x64,26199,-0.00041728231008164585,0.003977559419082439,1.0,0,0,0,,,0.3617873183178954
20260123_224946,2026-01-23T23:22:45.014354,15cedc7a9730972b927f01fdf3bc98946ca1b50a,bellman,64x64,26299,0.00018377337255515158,0.004776669946953121,1.0,0,0,0,,,0.3889501255778518
20260123_224946,2026-01-23T23:22:47.241559,15cedc7a9730972b927f01fdf3bc98946ca1b50a,bellman,64x64,26399,0.0009610598790459335,0.0034702099600832526,1.0,0,0,0,,,0.36118514334161156
20260123_224946,2026-01-23T23:22:49.360319,15cedc7a9730972b927f01fdf3bc98946ca1b50a,bellman,64x64,26499,0.00010480784112587571,0.00642703913365807,1.0,0,0,0,,,0.3840484876086689
20260123_224946,2026-01-23T23:22:52.441516,15cedc7a9730972b927f01fdf3bc98946ca1b50a,bellman,64x64,26599,0.0007207165472209454,0.005388874845755538,1.0,0,0,0,,,0.37329800392233703
20260123_224946,2026-01-23T23:22:54.755744,15cedc7a9730972b927f01fdf3bc98946ca1b50a,bellman,64x64,26699,0.0006002591690048575,0.0056699355223686606,1.0,0,0,0,,,0.3708237268282637
20260123_224946,2026-01-23T23:22:57.284185,15cedc7a9730972b927f01fdf3bc98946ca1b50a,bellman,64x64,26799,0.0007856861921027303,0.003043939165840115,1.0,0,0,0,,,0.35530338007967655
20260123_224946,2026-01-23T23:22:59.561804,15cedc7a9730972b927f01fdf3bc98946ca1b50a,bellman,64x64,26899,-0.0007877721218392253,0.004176479208307242,1.0,0,0,0,,,0.37091698064769474
20260123_224946,2026-01-23T23:23:02.239261,15cedc7a9730972b927f01fdf3bc98946ca1b50a,bellman,64x64,26999,0.00041496873018331826,0.00396549356055715,1.0,0,0,0,,,0.372659735007982
20260123_224946,2026-01-23T23:23:04.630216,15cedc7a9730972b927f01fdf3bc98946ca1b50a,bellman,64x64,27099,0.0010685869492590427,0.004124851327058536,1.0,0,0,0,,,0.3666234119528712
20260123_224946,2026-01-23T23:23:06.588918,15cedc7a9730972b927f01fdf3bc98946ca1b50a,bellman,64x64,27199,0.00045270309783518314,0.004594253143146147,1.0,0,0,0,,,0.38456950867584405
20260123_224946,2026-01-23T23:23:08.935640,15cedc7a9730972b927f01fdf3bc98946ca1b50a,bellman,64x64,27299,-0.0006516955909319222,0.00423979536183893,1.0,0,0,0,,,0.3745637144647559
20260123_224946,2026-01-23T23:23:11.061897,15cedc7a9730972b927f01fdf3bc98946ca1b50a,bellman,64x64,27399,-0.0004835874424315989,0.004661149937289366,1.0,0,0,0,,,0.3771748801300717
20260123_224946,2026-01-23T23:23:13.143928,15cedc7a9730972b927f01fdf3bc98946ca1b50a,bellman,64x64,27499,0.0006740075768902898,0.0055485515598088855,1.0,0,0,0,,,0.3666700031557929
20260123_224946,2026-01-23T23:23:15.360572,15cedc7a9730972b927f01fdf3bc98946ca1b50a,bellman,64x64,27599,-0.00020958881941623986,0.005081898712944053,1.0,0,0,0,,,0.38656903131257914
20260123_224946,2026-01-23T23:23:17.212413,15cedc7a9730972b927f01fdf3bc98946ca1b50a,bellman,64x64,27699,0.0002938735415227711,0.003817407740456389,1.0,0,0,0,,,0.3829785864856391
20260123_224946,2026-01-23T23:23:19.315205,15cedc7a9730972b927f01fdf3bc98946ca1b50a,bellman,64x64,27799,0.0009961007162928581,0.0056801694711509755,1.0,0,0,0,,,0.3889644274573135
20260123_224946,2026-01-23T23:23:21.239893,15cedc7a9730972b927f01fdf3bc98946ca1b50a,bellman,64x64,27899,-0.0005545589374378324,0.004728973578668701,1.0,0,0,0,,,0.3784236664128826
20260123_224946,2026-01-23T23:23:23.858684,15cedc7a9730972b927f01fdf3bc98946ca1b50a,bellman,64x64,27999,0.00040995824383571744,0.0031573507790737666,1.0,0,0,0,,,0.3850732823877959
20260123_224946,2026-01-23T23:23:25.855850,15cedc7a9730972b927f01fdf3bc98946ca1b50a,bellman,64x64,28099,0.0008915206417441368,0.00531842648240044,1.0,0,0,0,,,0.3783315802185099
20260123_224946,2026-01-23T23:23:27.736310,15cedc7a9730972b927f01fdf3bc98946ca1b50a,bellman,64x64,28199,-0.0003624299424700439,0.004252111910231093,1.0,0,0,0,,,0.38985424560176857
20260123_224946,2026-01-23T23:23:30.520794,15cedc7a9730972b927f01fdf3bc98946ca1b50a,bellman,64x64,28299,0.0008509135222993791,0.005252248277993914,1.0,0,0,0,,,0.37352248424068
20260123_224946,2026-01-23T23:23:33.329242,15cedc7a9730972b927f01fdf3bc98946ca1b50a,bellman,64x64,28399,-0.000511392077896744,0.005510805007023976,1.0,0,0,0,,,0.369319912373251
20260123_224946,2026-01-23T23:23:35.950332,15cedc7a9730972b927f01fdf3bc98946ca1b50a,bellman,64x64,28499,5.6342858442803845e-05,0.005029798059405692,1.0,0,0,0,,,0.3593791314499502
20260123_224946,2026-01-23T23:23:38.332634,15cedc7a9730972b927f01fdf3bc98946ca1b50a,bellman,64x64,28599,-0.00029665554757229984,0.005955147686918565,1.0,0,0,0,,,0.370708560181475
20260123_224946,2026-01-23T23:23:40.274935,15cedc7a9730972b927f01fdf3bc98946ca1b50a,bellman,64x64,28699,-6.843409209977835e-05,0.004700991027118419,1.0,0,0,0,,,0.3513718495763642
20260123_224946,2026-01-23T23:23:42.383393,15cedc7a9730972b927f01fdf3bc98946ca1b50a,bellman,64x64,28799,-0.00021325038687791675,0.0046463730412885694,1.0,0,0,0,,,0.37777830769905807
20260123_224946,2026-01-23T23:23:44.560040,15cedc7a9730972b927f01fdf3bc98946ca1b50a,bellman,64x64,28899,-0.0001415551087120548,0.006077591167724421,1.0,0,0,0,,,0.3891249010270782
20260123_224946,2026-01-23T23:23:46.998132,15cedc7a9730972b927f01fdf3bc98946ca1b50a,bellman,64x64,28999,0.0005291172419674695,0.006774986462398686,1.0,0,0,0,,,0.38874848219322033
20260123_224946,2026-01-23T23:23:48.977973,15cedc7a9730972b927f01fdf3bc98946ca1b50a,bellman,64x64,29099,0.0020428157877177,0.006174670894453556,1.0,0,0,0,,,0.38918086186491657
20260123_224946,2026-01-23T23:23:50.692879,15cedc7a9730972b927f01fdf3bc98946ca1b50a,bellman,64x64,29199,0.0006883261376060545,0.005494243445755842,1.0,0,0,0,,,0.39179136294852623
20260123_224946,2026-01-23T23:23:52.721038,15cedc7a9730972b927f01fdf3bc98946ca1b50a,bellman,64x64,29299,-0.0012535805581137538,0.005040158861129669,1.0,0,0,0,,,0.3796842796022387
20260123_224946,2026-01-23T23:23:54.877507,15cedc7a9730972b927f01fdf3bc98946ca1b50a,bellman,64x64,29399,-0.0001297206908930093,0.004284873753485954,1.0,0,0,0,,,0.37019813556606496
20260123_224946,2026-01-23T23:23:56.962497,15cedc7a9730972b927f01fdf3bc98946ca1b50a,bellman,64x64,29499,0.0011583286104723811,0.004098983176369444,1.0,0,0,0,,,0.3608221289962182
20260123_224946,2026-01-23T23:23:59.133809,15cedc7a9730972b927f01fdf3bc98946ca1b50a,bellman,64x64,29599,7.972680759849027e-05,0.004543409656204176,1.0,0,0,0,,,0.38157069428869317
20260123_224946,2026-01-23T23:24:01.290109,15cedc7a9730972b927f01fdf3bc98946ca1b50a,bellman,64x64,29699,-0.0005017414223402739,0.005226869728813171,1.0,0,0,0,,,0.3871384619472777
20260123_224946,2026-01-23T23:24:03.308252,15cedc7a9730972b927f01fdf3bc98946ca1b50a,bellman,64x64,29799,0.000943315273616463,0.004582285039322755,1.0,0,0,0,,,0.3716039511401648
20260123_224946,2026-01-23T23:24:05.317437,15cedc7a9730972b927f01fdf3bc98946ca1b50a,bellman,64x64,29899,0.00045903673162683845,0.0052059018624322564,1.0,0,0,0,,,0.3792693699432399
20260123_224946,2026-01-23T23:24:07.532251,15cedc7a9730972b927f01fdf3bc98946ca1b50a,bellman,64x64,29999,4.343757973401807e-05,0.005427846735566533,1.0,0,0,0,,,0.38931715269585204
20260123_224946,2026-01-23T23:24:09.589092,15cedc7a9730972b927f01fdf3bc98946ca1b50a,bellman,64x64,30099,0.0016323782037943602,0.005302651276050056,1.0,0,0,0,,,0.37591543938509264
20260123_224946,2026-01-23T23:24:11.374541,15cedc7a9730972b927f01fdf3bc98946ca1b50a,bellman,64x64,30199,0.0007140882662497461,0.0030188053475909272,1.0,0,0,0,,,0.3376045563037591
20260123_224946,2026-01-23T23:24:13.549103,15cedc7a9730972b927f01fdf3bc98946ca1b50a,bellman,64x64,30299,0.0001348338701063767,0.003875080211134474,1.0,0,0,0,,,0.3829997803802519
20260123_224946,2026-01-23T23:24:15.595972,15cedc7a9730972b927f01fdf3bc98946ca1b50a,bellman,64x64,30399,0.000897320918738842,0.00412180283416447,1.0,0,0,0,,,0.37859043842056006
20260123_224946,2026-01-23T23:24:17.619695,15cedc7a9730972b927f01fdf3bc98946ca1b50a,bellman,64x64,30499,0.0008064400171861053,0.003390148696251316,1.0,0,0,0,,,0.3835079479071791
20260123_224946,2026-01-23T23:24:19.668816,15cedc7a9730972b927f01fdf3bc98946ca1b50a,bellman,64x64,30599,-0.0002979637938551605,0.0042714623955113495,1.0,0,0,0,,,0.3786722038118824
20260123_224946,2026-01-23T23:24:21.436156,15cedc7a9730972b927f01fdf3bc98946ca1b50a,bellman,64x64,30699,0.0003778818645514548,0.0046164921698104424,1.0,0,0,0,,,0.38597175752848645
20260123_224946,2026-01-23T23:24:23.375205,15cedc7a9730972b927f01fdf3bc98946ca1b50a,bellman,64x64,30799,6.807898898841813e-05,0.0040515526283731165,1.0,0,0,0,,,0.3706689757149984
20260123_224946,2026-01-23T23:24:25.527730,15cedc7a9730972b927f01fdf3bc98946ca1b50a,bellman,64x64,30899,0.0005240830359980464,0.003295269052015968,1.0,0,0,0,,,0.36789116036893366
20260123_224946,2026-01-23T23:24:28.710802,15cedc7a9730972b927f01fdf3bc98946ca1b50a,bellman,64x64,30999,3.7150373827898875e-05,0.004087684504934828,1.0,0,0,0,,,0.383273100064208
20260123_224946,2026-01-23T23:24:31.878956,15cedc7a9730972b927f01fdf3bc98946ca1b50a,bellman,64x64,31099,0.0009376593516208231,0.003140162931803232,1.0,0,0,0,,,0.3618751596071022
20260123_224946,2026-01-23T23:24:33.663023,15cedc7a9730972b927f01fdf3bc98946ca1b50a,bellman,64x64,31199,-0.0005712730344384909,0.003165868282589983,1.0,0,0,0,,,0.3815544672772577
20260123_224946,2026-01-23T23:24:35.436054,15cedc7a9730972b927f01fdf3bc98946ca1b50a,bellman,64x64,31299,-0.0007304773898795247,0.00402169367391501,1.0,0,0,0,,,0.38536789478688716
20260123_224946,2026-01-23T23:24:37.482820,15cedc7a9730972b927f01fdf3bc98946ca1b50a,bellman,64x64,31399,0.001602189615368843,0.005443402350858619,1.0,0,0,0,,,0.3806221842757048
20260123_224946,2026-01-23T23:24:39.682639,15cedc7a9730972b927f01fdf3bc98946ca1b50a,bellman,64x64,31499,0.0002601833548396826,0.005791795062565086,1.0,0,0,0,,,0.38260158821344936
20260123_224946,2026-01-23T23:24:41.783308,15cedc7a9730972b927f01fdf3bc98946ca1b50a,bellman,64x64,31599,-0.00044585595605894923,0.004374344534812309,1.0,0,0,0,,,0.3782663351225248
20260123_224946,2026-01-23T23:24:43.815418,15cedc7a9730972b927f01fdf3bc98946ca1b50a,bellman,64x64,31699,-0.0010661950800567865,0.006265936644278725,1.0,0,0,0,,,0.37816938665069233
20260123_224946,2026-01-23T23:24:45.982968,15cedc7a9730972b927f01fdf3bc98946ca1b50a,bellman,64x64,31799,-1.7537089661345817e-05,0.005168719863077911,1.0,0,0,0,,,0.379354413365305
20260123_224946,2026-01-23T23:24:48.102990,15cedc7a9730972b927f01fdf3bc98946ca1b50a,bellman,64x64,31899,-0.0002047483721980825,0.0057450853307771865,1.0,0,0,0,,,0.38622092252258056
20260123_224946,2026-01-23T23:24:50.394406,15cedc7a9730972b927f01fdf3bc98946ca1b50a,bellman,64x64,31999,-2.8707869205391034e-05,0.005501839764264815,1.0,0,0,0,,,0.37564503925785303
20260123_224946,2026-01-23T23:24:52.792300,15cedc7a9730972b927f01fdf3bc98946ca1b50a,bellman,64x64,32099,-0.00019545490795280784,0.005727353006069507,1.0,0,0,0,,,0.3828971959672033
20260123_224946,2026-01-23T23:24:54.754818,15cedc7a9730972b927f01fdf3bc98946ca1b50a,bellman,64x64,32199,0.000132272150949575,0.006094161526160775,1.0,0,0,0,,,0.3865432318366726
20260123_224946,2026-01-23T23:24:56.879997,15cedc7a9730972b927f01fdf3bc98946ca1b50a,bellman,64x64,32299,0.0011762279318645597,0.005930837237559672,1.0,0,0,0,,,0.3802439951222546
20260123_224946,2026-01-23T23:24:59.115856,15cedc7a9730972b927f01fdf3bc98946ca1b50a,bellman,64x64,32399,0.0002955899981316179,0.004586996115507276,1.0,0,0,0,,,0.38848211108961905
20260123_224946,2026-01-23T23:25:02.348042,15cedc7a9730972b927f01fdf3bc98946ca1b50a,bellman,64x64,32499,0.00023308946401812136,0.004572399366984285,1.0,0,0,0,,,0.3881308446555306
20260123_224946,2026-01-23T23:25:04.665289,15cedc7a9730972b927f01fdf3bc98946ca1b50a,bellman,64x64,32599,0.0008067532326094806,0.004015268680218895,1.0,0,0,0,,,0.3754631160213035
20260123_224946,2026-01-23T23:25:06.695305,15cedc7a9730972b927f01fdf3bc98946ca1b50a,bellman,64x64,32699,0.0004371805989649147,0.005232063950620045,1.0,0,0,0,,,0.3676918173768594
20260123_224946,2026-01-23T23:25:08.871699,15cedc7a9730972b927f01fdf3bc98946ca1b50a,bellman,64x64,32799,0.0012045601615682244,0.006842666570471465,1.0,0,0,0,,,0.38998547819586316
20260123_224946,2026-01-23T23:25:11.317340,15cedc7a9730972b927f01fdf3bc98946ca1b50a,bellman,64x64,32899,-0.0002914491924457252,0.006382470673969038,1.0,0,0,0,,,0.39106200406391056
20260123_224946,2026-01-23T23:25:13.772050,15cedc7a9730972b927f01fdf3bc98946ca1b50a,bellman,64x64,32999,0.0017779578920453787,0.004011263559376061,1.0,0,0,0,,,0.38879200413490844
20260123_224946,2026-01-23T23:25:16.106640,15cedc7a9730972b927f01fdf3bc98946ca1b50a,bellman,64x64,33099,0.0006881511653773487,0.004208925716931446,1.0,0,0,0,,,0.38359776670743984
20260123_224946,2026-01-23T23:25:18.395789,15cedc7a9730972b927f01fdf3bc98946ca1b50a,bellman,64x64,33199,0.0001672330981818959,0.004826578935497281,1.0,0,0,0,,,0.3688894429732089
20260123_224946,2026-01-23T23:25:20.492280,15cedc7a9730972b927f01fdf3bc98946ca1b50a,bellman,64x64,33299,0.0006775048095732927,0.005518031927011435,1.0,0,0,0,,,0.3891081207747461
20260123_224946,2026-01-23T23:25:23.049424,15cedc7a9730972b927f01fdf3bc98946ca1b50a,bellman,64x64,33399,-4.479821291170083e-05,0.004913211971297784,1.0,0,0,0,,,0.38816228812585696
20260123_224946,2026-01-23T23:25:25.309691,15cedc7a9730972b927f01fdf3bc98946ca1b50a,bellman,64x64,33499,0.00074191385647282,0.004813749809288765,1.0,0,0,0,,,0.3673563207168927
20260123_224946,2026-01-23T23:25:27.795572,15cedc7a9730972b927f01fdf3bc98946ca1b50a,bellman,64x64,33599,0.0012438265839591622,0.005311242729719652,1.0,0,0,0,,,0.3752516691582844
20260123_224946,2026-01-23T23:25:30.340928,15cedc7a9730972b927f01fdf3bc98946ca1b50a,bellman,64x64,33699,0.0008475611102767289,0.005311833279408802,1.0,0,0,0,,,0.376260839127584
20260123_224946,2026-01-23T23:25:33.370574,15cedc7a9730972b927f01fdf3bc98946ca1b50a,bellman,64x64,33799,-0.0005166057380847633,0.0041881740348530625,1.0,0,0,0,,,0.39037329030212065
20260123_224946,2026-01-23T23:25:35.453617,15cedc7a9730972b927f01fdf3bc98946ca1b50a,bellman,64x64,33899,0.0009269347647204995,0.0027275285250955507,1.0,0,0,0,,,0.36715277778616384
20260123_224946,2026-01-23T23:25:38.205227,15cedc7a9730972b927f01fdf3bc98946ca1b50a,bellman,64x64,33999,-0.0004002173664048314,0.0034976922045855474,1.0,0,0,0,,,0.3891230477062375
20260123_224946,2026-01-23T23:25:40.362427,15cedc7a9730972b927f01fdf3bc98946ca1b50a,bellman,64x64,34099,0.0008287685341201723,0.0034235398008932803,1.0,0,0,0,,,0.38924942303975774
20260123_224946,2026-01-23T23:25:42.511174,15cedc7a9730972b927f01fdf3bc98946ca1b50a,bellman,64x64,34199,0.0004064791719429195,0.003553805845811979,1.0,0,0,0,,,0.3898999603765849
20260123_224946,2026-01-23T23:25:44.697219,15cedc7a9730972b927f01fdf3bc98946ca1b50a,bellman,64x64,34299,-0.0004497042391449213,0.004164841267908486,1.0,0,0,0,,,0.36950435164457013
20260123_224946,2026-01-23T23:25:46.857481,15cedc7a9730972b927f01fdf3bc98946ca1b50a,bellman,64x64,34399,-0.00029041394009254873,0.004005971012813205,1.0,0,0,0,,,0.37302186047736774
20260123_224946,2026-01-23T23:25:48.886554,15cedc7a9730972b927f01fdf3bc98946ca1b50a,bellman,64x64,34499,-0.0007093756576068699,0.005148095250206097,1.0,0,0,0,,,0.384674133155703
20260123_224946,2026-01-23T23:25:50.481438,15cedc7a9730972b927f01fdf3bc98946ca1b50a,bellman,64x64,34599,0.0005658253212459385,0.004553159454929912,1.0,0,0,0,,,0.36304756024448426
20260123_224946,2026-01-23T23:25:53.283883,15cedc7a9730972b927f01fdf3bc98946ca1b50a,bellman,64x64,34699,-0.0003491343813948333,0.0046277698224579215,1.0,0,0,0,,,0.3880788773094593
20260123_224946,2026-01-23T23:25:55.136632,15cedc7a9730972b927f01fdf3bc98946ca1b50a,bellman,64x64,34799,0.0019498392939567566,0.003642750202004663,1.0,0,0,0,,,0.3844977762832992
20260123_224946,2026-01-23T23:25:57.201227,15cedc7a9730972b927f01fdf3bc98946ca1b50a,bellman,64x64,34899,-0.00043758092215284705,0.004467172465555364,1.0,0,0,0,,,0.3841930378170721
20260123_224946,2026-01-23T23:25:59.689113,15cedc7a9730972b927f01fdf3bc98946ca1b50a,bellman,64x64,34999,0.0003364006115589291,0.004687712090800033,1.0,0,0,0,,,0.3802952152397119
20260123_224946,2026-01-23T23:26:02.509934,15cedc7a9730972b927f01fdf3bc98946ca1b50a,bellman,64x64,35099,0.0004462265351321548,0.0034603776278284214,1.0,0,0,0,,,0.39274710949972835
20260123_224946,2026-01-23T23:26:04.705410,15cedc7a9730972b927f01fdf3bc98946ca1b50a,bellman,64x64,35199,0.0004432227578945458,0.0036251086547449064,1.0,0,0,0,,,0.3892204756874376
20260123_224946,2026-01-23T23:26:06.625993,15cedc7a9730972b927f01fdf3bc98946ca1b50a,bellman,64x64,35299,5.1343806262593716e-05,0.00343969498432287,1.0,0,0,0,,,0.38590534980431856
20260123_224946,2026-01-23T23:26:08.589041,15cedc7a9730972b927f01fdf3bc98946ca1b50a,bellman,64x64,35399,0.00031503706122748554,0.0047552785987817,1.0,0,0,0,,,0.39000217391014236
20260123_224946,2026-01-23T23:26:10.420827,15cedc7a9730972b927f01fdf3bc98946ca1b50a,bellman,64x64,35499,0.0004969439469277859,0.005716802822162776,1.0,0,0,0,,,0.38368665314865924
20260123_224946,2026-01-23T23:26:12.620098,15cedc7a9730972b927f01fdf3bc98946ca1b50a,bellman,64x64,35599,0.001352705410681665,0.004299872658788786,1.0,0,0,0,,,0.38917248438612057
20260123_224946,2026-01-23T23:26:14.542922,15cedc7a9730972b927f01fdf3bc98946ca1b50a,bellman,64x64,35699,-0.0003083797637373209,0.005021560388786952,1.0,0,0,0,,,0.38516571493583895
20260123_224946,2026-01-23T23:26:16.502530,15cedc7a9730972b927f01fdf3bc98946ca1b50a,bellman,64x64,35799,0.00016472491552121937,0.00420683680815003,1.0,0,0,0,,,0.38486569555021144
20260123_224946,2026-01-23T23:26:18.673327,15cedc7a9730972b927f01fdf3bc98946ca1b50a,bellman,64x64,35899,0.0005340609350241721,0.00418987035077798,1.0,0,0,0,,,0.3904384971733844
20260123_224946,2026-01-23T23:26:20.724267,15cedc7a9730972b927f01fdf3bc98946ca1b50a,bellman,64x64,35999,-8.703535422682762e-05,0.0027341308452330537,1.0,0,0,0,,,0.3712763321394292
20260123_224946,2026-01-23T23:26:22.527946,15cedc7a9730972b927f01fdf3bc98946ca1b50a,bellman,64x64,36099,-0.0011733024148270488,0.005255966095525224,1.0,0,0,0,,,0.3862212256239991
20260123_224946,2026-01-23T23:26:24.524938,15cedc7a9730972b927f01fdf3bc98946ca1b50a,bellman,64x64,36199,0.00012704524851869792,0.00429995957969652,1.0,0,0,0,,,0.3879723934049331
20260123_224946,2026-01-23T23:26:26.704291,15cedc7a9730972b927f01fdf3bc98946ca1b50a,bellman,64x64,36299,-0.00017532527272123843,0.004800968779091903,1.0,0,0,0,,,0.37357425126426735
20260123_224946,2026-01-23T23:26:29.080122,15cedc7a9730972b927f01fdf3bc98946ca1b50a,bellman,64x64,36399,-2.0451641830732115e-05,0.004995625751425337,1.0,0,0,0,,,0.3919162617747537
20260123_224946,2026-01-23T23:26:31.822673,15cedc7a9730972b927f01fdf3bc98946ca1b50a,bellman,64x64,36499,0.00014369985728990287,0.00385259736515259,1.0,0,0,0,,,0.37322358250629517
20260123_224946,2026-01-23T23:26:34.266300,15cedc7a9730972b927f01fdf3bc98946ca1b50a,bellman,64x64,36599,0.0011804306413978338,0.005068486131736875,1.0,0,0,0,,,0.36960017809435664
20260123_224946,2026-01-23T23:26:37.237765,15cedc7a9730972b927f01fdf3bc98946ca1b50a,bellman,64x64,36699,-6.987052620388567e-05,0.004017833602899117,1.0,0,0,0,,,0.3857594763561555
20260123_224946,2026-01-23T23:26:39.638748,15cedc7a9730972b927f01fdf3bc98946ca1b50a,bellman,64x64,36799,-0.0009124643984250724,0.00517782540167218,1.0,0,0,0,,,0.38545247980185743
20260123_224946,2026-01-23T23:26:41.423792,15cedc7a9730972b927f01fdf3bc98946ca1b50a,bellman,64x64,36899,0.0009254617616534233,0.004149055505402828,1.0,0,0,0,,,0.3879828426902081
20260123_224946,2026-01-23T23:26:43.965857,15cedc7a9730972b927f01fdf3bc98946ca1b50a,bellman,64x64,36999,0.0005941122653894126,0.003841497657848194,1.0,0,0,0,,,0.3603227696073732
20260123_224946,2026-01-23T23:26:46.023336,15cedc7a9730972b927f01fdf3bc98946ca1b50a,bellman,64x64,37099,0.0006321509135887027,0.0033435905499393927,1.0,0,0,0,,,0.3773105458913303
20260123_224946,2026-01-23T23:26:48.190695,15cedc7a9730972b927f01fdf3bc98946ca1b50a,bellman,64x64,37199,-0.00021818540699314326,0.004613667613592085,1.0,0,0,0,,,0.3840186066430617
20260123_224946,2026-01-23T23:26:50.620543,15cedc7a9730972b927f01fdf3bc98946ca1b50a,bellman,64x64,37299,-0.000386915635317564,0.004438279980430195,1.0,0,0,0,,,0.38671702527762475
20260123_224946,2026-01-23T23:26:52.796741,15cedc7a9730972b927f01fdf3bc98946ca1b50a,bellman,64x64,37399,0.0003939999151043594,0.0045258384974193435,1.0,0,0,0,,,0.3790225584848923
20260123_224946,2026-01-23T23:26:55.404583,15cedc7a9730972b927f01fdf3bc98946ca1b50a,bellman,64x64,37499,-0.0006121285841800272,0.0032139847877409268,1.0,0,0,0,,,0.3843123577059149
20260123_224946,2026-01-23T23:26:57.537774,15cedc7a9730972b927f01fdf3bc98946ca1b50a,bellman,64x64,37599,0.0004830029793083668,0.004478992273192688,1.0,0,0,0,,,0.3960072590985508
20260123_224946,2026-01-23T23:26:59.651167,15cedc7a9730972b927f01fdf3bc98946ca1b50a,bellman,64x64,37699,0.00198686053045094,0.003437344888424079,1.0,0,0,0,,,0.38576451117618726
20260123_224946,2026-01-23T23:27:02.532880,15cedc7a9730972b927f01fdf3bc98946ca1b50a,bellman,64x64,37799,0.0009190542041324079,0.0029682697113538126,1.0,0,0,0,,,0.3794860238428504
20260123_224946,2026-01-23T23:27:04.158067,15cedc7a9730972b927f01fdf3bc98946ca1b50a,bellman,64x64,37899,5.740808046539314e-05,0.0034941772311208297,1.0,0,0,0,,,0.38479589432770167
20260123_224946,2026-01-23T23:27:05.755096,15cedc7a9730972b927f01fdf3bc98946ca1b50a,bellman,64x64,37999,0.00022591995366383344,0.004391360619262059,1.0,0,0,0,,,0.3854835890069721
20260123_224946,2026-01-23T23:27:07.487382,15cedc7a9730972b927f01fdf3bc98946ca1b50a,bellman,64x64,38099,-0.0007870710105635226,0.00430645087150566,1.0,0,0,0,,,0.38796724046725517
20260123_224946,2026-01-23T23:27:09.162517,15cedc7a9730972b927f01fdf3bc98946ca1b50a,bellman,64x64,38199,0.0013517471961677074,0.004699269682840139,1.0,0,0,0,,,0.3864502392995298
20260123_224946,2026-01-23T23:27:10.977422,15cedc7a9730972b927f01fdf3bc98946ca1b50a,bellman,64x64,38299,0.00021386134903877974,0.004515123335275178,1.0,0,0,0,,,0.37834543215028127
20260123_224946,2026-01-23T23:27:12.837510,15cedc7a9730972b927f01fdf3bc98946ca1b50a,bellman,64x64,38399,-0.0007258432451635599,0.003931668496994831,1.0,0,0,0,,,0.3908438957631145
20260123_224946,2026-01-23T23:27:14.524148,15cedc7a9730972b927f01fdf3bc98946ca1b50a,bellman,64x64,38499,0.0010046629467979074,0.0038789842071409453,1.0,0,0,0,,,0.3770520699658625
20260123_224946,2026-01-23T23:27:16.620790,15cedc7a9730972b927f01fdf3bc98946ca1b50a,bellman,64x64,38599,0.0011608614586293697,0.004447569376795073,1.0,0,0,0,,,0.38057854445703587
20260123_224946,2026-01-23T23:27:18.505313,15cedc7a9730972b927f01fdf3bc98946ca1b50a,bellman,64x64,38699,0.0002705657097976655,0.004918007100423694,1.0,0,0,0,,,0.3830111856032761
20260123_224946,2026-01-23T23:27:20.359150,15cedc7a9730972b927f01fdf3bc98946ca1b50a,bellman,64x64,38799,0.001955851912498474,0.0039014720728527408,1.0,0,0,0,,,0.3735883756947276
20260123_224946,2026-01-23T23:27:22.103738,15cedc7a9730972b927f01fdf3bc98946ca1b50a,bellman,64x64,38899,0.0006396705284714699,0.0037005753925254937,1.0,0,0,0,,,0.3807056445405008
20260123_224946,2026-01-23T23:27:23.880553,15cedc7a9730972b927f01fdf3bc98946ca1b50a,bellman,64x64,38999,7.418274617521092e-05,0.004062033149384235,1.0,0,0,0,,,0.3777878933494674
20260123_224946,2026-01-23T23:27:25.671375,15cedc7a9730972b927f01fdf3bc98946ca1b50a,bellman,64x64,39099,9.223030792782083e-05,0.004320136935243539,1.0,0,0,0,,,0.3737527827835476
20260123_224946,2026-01-23T23:27:27.497106,15cedc7a9730972b927f01fdf3bc98946ca1b50a,bellman,64x64,39199,0.0007792437681928277,0.002755709283160712,1.0,0,0,0,,,0.3796424981882613
20260123_224946,2026-01-23T23:27:29.401151,15cedc7a9730972b927f01fdf3bc98946ca1b50a,bellman,64x64,39299,-0.0011549399932846427,0.0033633997554112227,1.0,0,0,0,,,0.384500861094204
20260123_224946,2026-01-23T23:27:31.245231,15cedc7a9730972b927f01fdf3bc98946ca1b50a,bellman,64x64,39399,1.8153734345105477e-05,0.0032194061275483674,1.0,0,0,0,,,0.3847094390030788
20260123_224946,2026-01-23T23:27:32.995677,15cedc7a9730972b927f01fdf3bc98946ca1b50a,bellman,64x64,39499,-0.0010079515632241964,0.004069610732886204,1.0,0,0,0,,,0.37298881650960547
20260123_224946,2026-01-23T23:27:34.759807,15cedc7a9730972b927f01fdf3bc98946ca1b50a,bellman,64x64,39599,-0.0007127089775167406,0.0028628598317437335,1.0,0,0,0,,,0.37631210007602717
20260123_224946,2026-01-23T23:27:36.589483,15cedc7a9730972b927f01fdf3bc98946ca1b50a,bellman,64x64,39699,-0.00033602508483454585,0.003352695153894771,1.0,0,0,0,,,0.3730412011635813
20260123_224946,2026-01-23T23:27:38.620021,15cedc7a9730972b927f01fdf3bc98946ca1b50a,bellman,64x64,39799,0.0007952873129397631,0.0028072922589682746,1.0,0,0,0,,,0.386113449537671
20260123_224946,2026-01-23T23:27:40.511613,15cedc7a9730972b927f01fdf3bc98946ca1b50a,bellman,64x64,39899,-2.942559694929514e-05,0.0037786794199342923,1.0,0,0,0,,,0.3880081195414389
20260123_224946,2026-01-23T23:27:42.525705,15cedc7a9730972b927f01fdf3bc98946ca1b50a,bellman,64x64,39999,0.0012946047354489565,0.004662045535747978,1.0,0,0,0,,,0.3917909482501113
20260123_224946,2026-01-23T23:27:44.435485,15cedc7a9730972b927f01fdf3bc98946ca1b50a,bellman,64x64,40099,-0.00021167939121369272,0.004220567584661978,1.0,0,0,0,,,0.3885106636936798
20260123_224946,2026-01-23T23:27:46.592391,15cedc7a9730972b927f01fdf3bc98946ca1b50a,bellman,64x64,40199,0.0010446745436638594,0.0037936515167301364,1.0,0,0,0,,,0.3894321053066817
20260123_224946,2026-01-23T23:27:48.486726,15cedc7a9730972b927f01fdf3bc98946ca1b50a,bellman,64x64,40299,0.0007012312998995185,0.004376455790329033,1.0,0,0,0,,,0.3873789506106615
20260123_224946,2026-01-23T23:27:50.458290,15cedc7a9730972b927f01fdf3bc98946ca1b50a,bellman,64x64,40399,0.0012173308059573174,0.0037030437951220564,1.0,0,0,0,,,0.3946230791173611
20260123_224946,2026-01-23T23:27:52.579056,15cedc7a9730972b927f01fdf3bc98946ca1b50a,bellman,64x64,40499,0.00024474033853039145,0.005604001712885207,1.0,0,0,0,,,0.38866179619138935
20260123_224946,2026-01-23T23:27:54.367469,15cedc7a9730972b927f01fdf3bc98946ca1b50a,bellman,64x64,40599,0.0006180588388815522,0.003493676297392909,1.0,0,0,0,,,0.380168623082153
20260123_224946,2026-01-23T23:27:56.287223,15cedc7a9730972b927f01fdf3bc98946ca1b50a,bellman,64x64,40699,0.0004811299731954932,0.003501560397296615,1.0,0,0,0,,,0.3678744161501963
20260123_224946,2026-01-23T23:27:58.366626,15cedc7a9730972b927f01fdf3bc98946ca1b50a,bellman,64x64,40799,-1.0333315003663301e-05,0.00355068442431687,1.0,0,0,0,,,0.38105455064710536
20260123_224946,2026-01-23T23:28:00.480075,15cedc7a9730972b927f01fdf3bc98946ca1b50a,bellman,64x64,40899,0.0005720304907299578,0.004685435759438122,1.0,0,0,0,,,0.3925894283106468
20260123_224946,2026-01-23T23:28:02.954498,15cedc7a9730972b927f01fdf3bc98946ca1b50a,bellman,64x64,40999,3.0478358894470148e-06,0.005688761926584078,1.0,0,0,0,,,0.3912777256810528
20260123_224946,2026-01-23T23:28:04.769767,15cedc7a9730972b927f01fdf3bc98946ca1b50a,bellman,64x64,41099,0.0005637052818201482,0.004269046730455699,1.0,0,0,0,,,0.3693523982165816
20260123_224946,2026-01-23T23:28:06.582094,15cedc7a9730972b927f01fdf3bc98946ca1b50a,bellman,64x64,41199,-0.00042989131179638207,0.0042800573649601145,1.0,0,0,0,,,0.35697047353759004
20260123_224946,2026-01-23T23:28:08.237134,15cedc7a9730972b927f01fdf3bc98946ca1b50a,bellman,64x64,41299,0.0009029459324665368,0.004204346625437267,1.0,0,0,0,,,0.3812622723136667
20260123_224946,2026-01-23T23:28:09.981712,15cedc7a9730972b927f01fdf3bc98946ca1b50a,bellman,64x64,41399,3.903756078216247e-05,0.004330113012984071,1.0,0,0,0,,,0.3892209951813097
20260123_224946,2026-01-23T23:28:11.744032,15cedc7a9730972b927f01fdf3bc98946ca1b50a,bellman,64x64,41499,-0.0002791706065181643,0.004699568817381277,1.0,0,0,0,,,0.3916599425299904
20260123_224946,2026-01-23T23:28:13.420703,15cedc7a9730972b927f01fdf3bc98946ca1b50a,bellman,64x64,41599,0.0011263459455221891,0.00498449611187084,1.0,0,0,0,,,0.39466809521647916
20260123_224946,2026-01-23T23:28:15.176560,15cedc7a9730972b927f01fdf3bc98946ca1b50a,bellman,64x64,41699,0.00025195599300786853,0.004294913583634497,1.0,0,0,0,,,0.3856580437412133
20260123_224946,2026-01-23T23:28:16.971466,15cedc7a9730972b927f01fdf3bc98946ca1b50a,bellman,64x64,41799,-0.0006047446513548493,0.004931836307271311,1.0,0,0,0,,,0.38827574277781907
20260123_224946,2026-01-23T23:28:18.772267,15cedc7a9730972b927f01fdf3bc98946ca1b50a,bellman,64x64,41899,-0.00047046400140970945,0.004206470565562341,1.0,0,0,0,,,0.3968228547364013
20260123_224946,2026-01-23T23:28:20.578786,15cedc7a9730972b927f01fdf3bc98946ca1b50a,bellman,64x64,41999,4.2429524910403416e-05,0.004212903202206491,1.0,0,0,0,,,0.38861855378418664
20260123_224946,2026-01-23T23:28:22.389995,15cedc7a9730972b927f01fdf3bc98946ca1b50a,bellman,64x64,42099,-8.719285688130185e-05,0.00473241039985723,1.0,0,0,0,,,0.38786795415590597
20260123_224946,2026-01-23T23:28:24.184188,15cedc7a9730972b927f01fdf3bc98946ca1b50a,bellman,64x64,42199,-0.000471705396194011,0.003961922510918896,1.0,0,0,0,,,0.37976864104241664
20260123_224946,2026-01-23T23:28:25.944016,15cedc7a9730972b927f01fdf3bc98946ca1b50a,bellman,64x64,42299,-0.00026491802418604493,0.00426012967792019,1.0,0,0,0,,,0.37132141575439237
20260123_224946,2026-01-23T23:28:27.892460,15cedc7a9730972b927f01fdf3bc98946ca1b50a,bellman,64x64,42399,0.00028642319375649095,0.004326884614393265,1.0,0,0,0,,,0.3857499412852263
20260123_224946,2026-01-23T23:28:29.693101,15cedc7a9730972b927f01fdf3bc98946ca1b50a,bellman,64x64,42499,0.0005550418864004314,0.0035014461690160204,1.0,0,0,0,,,0.3826152243209312
20260123_224946,2026-01-23T23:28:31.452376,15cedc7a9730972b927f01fdf3bc98946ca1b50a,bellman,64x64,42599,-0.0011197507847100496,0.0036840875624622525,1.0,0,0,0,,,0.3742337516084633
20260123_224946,2026-01-23T23:28:33.201899,15cedc7a9730972b927f01fdf3bc98946ca1b50a,bellman,64x64,42699,0.00041125103598460555,0.0028562838959314972,1.0,0,0,0,,,0.38271841443199167
20260123_224946,2026-01-23T23:28:35.145964,15cedc7a9730972b927f01fdf3bc98946ca1b50a,bellman,64x64,42799,-0.000377669493900612,0.003632018458852215,1.0,0,0,0,,,0.3678935918962959
20260123_224946,2026-01-23T23:28:37.063465,15cedc7a9730972b927f01fdf3bc98946ca1b50a,bellman,64x64,42899,0.0005214766715653241,0.005652444234811611,1.0,0,0,0,,,0.3797654517322584
20260123_224946,2026-01-23T23:28:38.979490,15cedc7a9730972b927f01fdf3bc98946ca1b50a,bellman,64x64,42999,-0.0007014285656623542,0.0044535851835213695,1.0,0,0,0,,,0.392708148873243
20260123_224946,2026-01-23T23:28:40.907966,15cedc7a9730972b927f01fdf3bc98946ca1b50a,bellman,64x64,43099,-0.00036615345743484795,0.0036430698646854865,1.0,0,0,0,,,0.37910093690265023
20260123_224946,2026-01-23T23:28:42.853012,15cedc7a9730972b927f01fdf3bc98946ca1b50a,bellman,64x64,43199,-0.0005338559276424348,0.004195584475504149,1.0,0,0,0,,,0.3910967852150182
20260123_224946,2026-01-23T23:28:44.736498,15cedc7a9730972b927f01fdf3bc98946ca1b50a,bellman,64x64,43299,0.000202957569854334,0.00374786430767017,1.0,0,0,0,,,0.39168318030800575
20260123_224946,2026-01-23T23:28:46.762293,15cedc7a9730972b927f01fdf3bc98946ca1b50a,bellman,64x64,43399,-0.0007459200569428504,0.0037210632567472148,1.0,0,0,0,,,0.38712699453863064
20260123_224946,2026-01-23T23:28:48.402155,15cedc7a9730972b927f01fdf3bc98946ca1b50a,bellman,64x64,43499,9.47848820942454e-05,0.004834686114850797,1.0,0,0,0,,,0.38680043767883127
20260123_224946,2026-01-23T23:28:49.987056,15cedc7a9730972b927f01fdf3bc98946ca1b50a,bellman,64x64,43599,0.00032228196505457163,0.004104712719256511,1.0,0,0,0,,,0.3529352103826351
20260123_224946,2026-01-23T23:28:51.990883,15cedc7a9730972b927f01fdf3bc98946ca1b50a,bellman,64x64,43699,-8.199959847843274e-05,0.00398393334155557,1.0,0,0,0,,,0.3826323788128066
20260123_224946,2026-01-23T23:28:53.958238,15cedc7a9730972b927f01fdf3bc98946ca1b50a,bellman,64x64,43799,0.0005467614973895252,0.002487083748640444,1.0,0,0,0,,,0.3918776200553566
20260123_224946,2026-01-23T23:28:55.830484,15cedc7a9730972b927f01fdf3bc98946ca1b50a,bellman,64x64,43899,-0.00018727549468167126,0.003453689132988842,1.0,0,0,0,,,0.3830054345186915
20260123_224946,2026-01-23T23:28:57.839747,15cedc7a9730972b927f01fdf3bc98946ca1b50a,bellman,64x64,43999,0.001081750262528658,0.0040090568035572,1.0,0,0,0,,,0.3931288129843393
20260123_224946,2026-01-23T23:28:59.699449,15cedc7a9730972b927f01fdf3bc98946ca1b50a,bellman,64x64,44099,0.00011274608550593257,0.003528323723166551,1.0,0,0,0,,,0.37758562997744227
20260123_224946,2026-01-23T23:29:02.403112,15cedc7a9730972b927f01fdf3bc98946ca1b50a,bellman,64x64,44199,0.00024005687737371773,0.005393887294668929,1.0,0,0,0,,,0.3937067144347104
20260123_224946,2026-01-23T23:29:04.192582,15cedc7a9730972b927f01fdf3bc98946ca1b50a,bellman,64x64,44299,0.0005802426603622735,0.005351617889586038,1.0,0,0,0,,,0.3899938211306956
20260123_224946,2026-01-23T23:29:05.913139,15cedc7a9730972b927f01fdf3bc98946ca1b50a,bellman,64x64,44399,-0.000582145294174552,0.0039180627214052775,1.0,0,0,0,,,0.38518986910863806
20260123_224946,2026-01-23T23:29:08.006972,15cedc7a9730972b927f01fdf3bc98946ca1b50a,bellman,64x64,44499,0.0007194408099167049,0.003489257136860715,1.0,0,0,0,,,0.3645698267900588
20260123_224946,2026-01-23T23:29:09.762614,15cedc7a9730972b927f01fdf3bc98946ca1b50a,bellman,64x64,44599,0.0004429760156199336,0.0035332357970273166,1.0,0,0,0,,,0.37965163052609524
20260123_224946,2026-01-23T23:29:11.642733,15cedc7a9730972b927f01fdf3bc98946ca1b50a,bellman,64x64,44699,-0.0006292644538916647,0.004470555114071288,1.0,0,0,0,,,0.38628789630447585
20260123_224946,2026-01-23T23:29:13.427561,15cedc7a9730972b927f01fdf3bc98946ca1b50a,bellman,64x64,44799,0.00048468675231561065,0.004537810641411539,1.0,0,0,0,,,0.38294558445237964
20260123_224946,2026-01-23T23:29:15.421738,15cedc7a9730972b927f01fdf3bc98946ca1b50a,bellman,64x64,44899,0.0011531198397278786,0.0042595132090973205,1.0,0,0,0,,,0.38831009498155733
20260123_224946,2026-01-23T23:29:17.200742,15cedc7a9730972b927f01fdf3bc98946ca1b50a,bellman,64x64,44999,-0.0008589831995777786,0.003703823251076983,1.0,0,0,0,,,0.37772954469659836
20260123_224946,2026-01-23T23:29:18.982271,15cedc7a9730972b927f01fdf3bc98946ca1b50a,bellman,64x64,45099,0.0007846665102988482,0.004295741416717788,1.0,0,0,0,,,0.37949575614669695
20260123_224946,2026-01-23T23:29:20.896764,15cedc7a9730972b927f01fdf3bc98946ca1b50a,bellman,64x64,45199,-0.00024149924865923822,0.005252424207442914,1.0,0,0,0,,,0.3891670680348963
20260123_224946,2026-01-23T23:29:22.883046,15cedc7a9730972b927f01fdf3bc98946ca1b50a,bellman,64x64,45299,3.361493145348504e-05,0.004703643824191488,1.0,0,0,0,,,0.3813151459667642
20260123_224946,2026-01-23T23:29:24.814986,15cedc7a9730972b927f01fdf3bc98946ca1b50a,bellman,64x64,45399,0.0005947908503003418,0.0041682970334991866,1.0,0,0,0,,,0.3893674770903829
20260123_224946,2026-01-23T23:29:26.567409,15cedc7a9730972b927f01fdf3bc98946ca1b50a,bellman,64x64,45499,0.000541592191439122,0.004256249847385334,1.0,0,0,0,,,0.3868965885656327
20260123_224946,2026-01-23T23:29:28.324837,15cedc7a9730972b927f01fdf3bc98946ca1b50a,bellman,64x64,45599,0.0003890837251674384,0.0035129110455448397,1.0,0,0,0,,,0.3892282913530111
20260123_224946,2026-01-23T23:29:30.301109,15cedc7a9730972b927f01fdf3bc98946ca1b50a,bellman,64x64,45699,0.0003271104651503265,0.00371131492496275,1.0,0,0,0,,,0.3825497431564931
20260123_224946,2026-01-23T23:29:32.434154,15cedc7a9730972b927f01fdf3bc98946ca1b50a,bellman,64x64,45799,7.529390131821856e-05,0.005965383285703893,1.0,0,0,0,,,0.392018248481107
20260123_224946,2026-01-23T23:29:34.467540,15cedc7a9730972b927f01fdf3bc98946ca1b50a,bellman,64x64,45899,-0.00036060120328329504,0.005264236803634077,1.0,0,0,0,,,0.3997270253247867
20260123_224946,2026-01-23T23:29:36.490280,15cedc7a9730972b927f01fdf3bc98946ca1b50a,bellman,64x64,45999,0.0011148893972858787,0.003370543029116959,1.0,0,0,0,,,0.39238863798997775
20260123_224946,2026-01-23T23:29:38.412154,15cedc7a9730972b927f01fdf3bc98946ca1b50a,bellman,64x64,46099,0.0006630498683080077,0.0031633394548890694,1.0,0,0,0,,,0.39261266548267676
20260123_224946,2026-01-23T23:29:40.448722,15cedc7a9730972b927f01fdf3bc98946ca1b50a,bellman,64x64,46199,0.0005967565812170506,0.002650689906410264,1.0,0,0,0,,,0.3929425605943421
20260123_224946,2026-01-23T23:29:42.483219,15cedc7a9730972b927f01fdf3bc98946ca1b50a,bellman,64x64,46299,-0.0006294087506830692,0.0037699059104274115,1.0,0,0,0,,,0.3783910739082056
20260123_224946,2026-01-23T23:29:44.763566,15cedc7a9730972b927f01fdf3bc98946ca1b50a,bellman,64x64,46399,0.0003262214013375342,0.003246638510385651,1.0,0,0,0,,,0.3902304808131193
20260123_224946,2026-01-23T23:29:47.140327,15cedc7a9730972b927f01fdf3bc98946ca1b50a,bellman,64x64,46499,0.0006079920567572117,0.0043272125033576,1.0,0,0,0,,,0.39359088836404177
20260123_224946,2026-01-23T23:29:49.256592,15cedc7a9730972b927f01fdf3bc98946ca1b50a,bellman,64x64,46599,-0.0008868435397744179,0.0038908105573684537,1.0,0,0,0,,,0.37047515605771586
20260123_224946,2026-01-23T23:29:51.413459,15cedc7a9730972b927f01fdf3bc98946ca1b50a,bellman,64x64,46699,5.541549762710929e-05,0.005522498035214909,1.0,0,0,0,,,0.3988045616403889
20260123_224946,2026-01-23T23:29:53.220180,15cedc7a9730972b927f01fdf3bc98946ca1b50a,bellman,64x64,46799,-0.0002230099926237017,0.0035660264556693732,1.0,0,0,0,,,0.3926399406196476
20260123_224946,2026-01-23T23:29:55.051105,15cedc7a9730972b927f01fdf3bc98946ca1b50a,bellman,64x64,46899,0.0001631352788535878,0.0040191483197840935,1.0,0,0,0,,,0.36840081767277855
20260123_224946,2026-01-23T23:29:57.093222,15cedc7a9730972b927f01fdf3bc98946ca1b50a,bellman,64x64,46999,-7.905144593678415e-05,0.0035531895900886923,1.0,0,0,0,,,0.3847938667531144
20260123_224946,2026-01-23T23:29:59.029742,15cedc7a9730972b927f01fdf3bc98946ca1b50a,bellman,64x64,47099,0.00016939148190431297,0.0044206719736369846,1.0,0,0,0,,,0.3937576058596561
20260123_224946,2026-01-23T23:30:01.405367,15cedc7a9730972b927f01fdf3bc98946ca1b50a,bellman,64x64,47199,0.0006702188984490931,0.004458816664145359,1.0,0,0,0,,,0.3901254176953833
20260123_224946,2026-01-23T23:30:03.585136,15cedc7a9730972b927f01fdf3bc98946ca1b50a,bellman,64x64,47299,0.0007800127496011555,0.004392517223076595,1.0,0,0,0,,,0.39383448486070044
20260123_224946,2026-01-23T23:30:05.236425,15cedc7a9730972b927f01fdf3bc98946ca1b50a,bellman,64x64,47399,0.000814838451333344,0.003969456048372706,1.0,0,0,0,,,0.3920027558768382
20260123_224946,2026-01-23T23:30:07.146385,15cedc7a9730972b927f01fdf3bc98946ca1b50a,bellman,64x64,47499,0.00045237623271532357,0.0042809623138997215,1.0,0,0,0,,,0.39343016802272185
20260123_224946,2026-01-23T23:30:09.027463,15cedc7a9730972b927f01fdf3bc98946ca1b50a,bellman,64x64,47599,-1.2032754057145212e-05,0.003112012628955867,1.0,0,0,0,,,0.3858213884488336
20260123_224946,2026-01-23T23:30:10.883642,15cedc7a9730972b927f01fdf3bc98946ca1b50a,bellman,64x64,47699,0.00039776560151949525,0.0046546855487004275,1.0,0,0,0,,,0.38835714024711554
20260123_224946,2026-01-23T23:30:12.592388,15cedc7a9730972b927f01fdf3bc98946ca1b50a,bellman,64x64,47799,-0.0001677175023360178,0.002822665839410803,1.0,0,0,0,,,0.37683800783427523
20260123_224946,2026-01-23T23:30:14.080707,15cedc7a9730972b927f01fdf3bc98946ca1b50a,bellman,64x64,47899,0.0005323709920048714,0.003409421229202252,1.0,0,0,0,,,0.38945691742369065
20260123_224946,2026-01-23T23:30:15.725145,15cedc7a9730972b927f01fdf3bc98946ca1b50a,bellman,64x64,47999,-0.00020255376875866205,0.0036178576746902992,1.0,0,0,0,,,0.3921735129844082
20260123_224946,2026-01-23T23:30:17.440149,15cedc7a9730972b927f01fdf3bc98946ca1b50a,bellman,64x64,48099,0.0001908793783513829,0.005648922707041919,1.0,0,0,0,,,0.3999157012265506
20260123_224946,2026-01-23T23:30:19.251401,15cedc7a9730972b927f01fdf3bc98946ca1b50a,bellman,64x64,48199,-9.25472195376642e-05,0.003035303424491076,1.0,0,0,0,,,0.38179520336363637
20260123_224946,2026-01-23T23:30:21.066241,15cedc7a9730972b927f01fdf3bc98946ca1b50a,bellman,64x64,48299,0.0006586373783648014,0.004102367037838803,1.0,0,0,0,,,0.39114542570061794
20260123_224946,2026-01-23T23:30:22.909673,15cedc7a9730972b927f01fdf3bc98946ca1b50a,bellman,64x64,48399,0.00032380412449128926,0.004369368598666341,1.0,0,0,0,,,0.39043794029422285
20260123_224946,2026-01-23T23:30:24.872836,15cedc7a9730972b927f01fdf3bc98946ca1b50a,bellman,64x64,48499,0.0006121612386777997,0.004226869996597173,1.0,0,0,0,,,0.3867417393283032
20260123_224946,2026-01-23T23:30:26.793169,15cedc7a9730972b927f01fdf3bc98946ca1b50a,bellman,64x64,48599,0.0006208964623510838,0.0035421106271813583,1.0,0,0,0,,,0.39241097691369
20260123_224946,2026-01-23T23:30:28.875764,15cedc7a9730972b927f01fdf3bc98946ca1b50a,bellman,64x64,48699,-0.00037730945041403174,0.0041109243295318265,1.0,0,0,0,,,0.37765510334038355
20260123_224946,2026-01-23T23:30:30.906980,15cedc7a9730972b927f01fdf3bc98946ca1b50a,bellman,64x64,48799,-0.00030997605063021183,0.004350511173883405,1.0,0,0,0,,,0.3889260956600549
20260123_224946,2026-01-23T23:30:32.544573,15cedc7a9730972b927f01fdf3bc98946ca1b50a,bellman,64x64,48899,-0.0006495436537079513,0.003657814296818742,1.0,0,0,0,,,0.3947006032441997
20260123_224946,2026-01-23T23:30:34.511621,15cedc7a9730972b927f01fdf3bc98946ca1b50a,bellman,64x64,48999,0.00048388648428954184,0.003491354390990438,1.0,0,0,0,,,0.3888816760639842
20260123_224946,2026-01-23T23:30:36.102254,15cedc7a9730972b927f01fdf3bc98946ca1b50a,bellman,64x64,49099,0.0013741416623815894,0.00473653388765328,1.0,0,0,0,,,0.39434784986381266
20260123_224946,2026-01-23T23:30:38.036187,15cedc7a9730972b927f01fdf3bc98946ca1b50a,bellman,64x64,49199,-0.00010020025365520269,0.004129821506227245,1.0,0,0,0,,,0.3973923850109956
20260123_224946,2026-01-23T23:30:40.004853,15cedc7a9730972b927f01fdf3bc98946ca1b50a,bellman,64x64,49299,-0.00018017452384810895,0.0034171137114138617,1.0,0,0,0,,,0.3865351871111531
20260123_224946,2026-01-23T23:30:41.963817,15cedc7a9730972b927f01fdf3bc98946ca1b50a,bellman,64x64,49399,0.0008137263939715922,0.003592413536741148,1.0,0,0,0,,,0.38744732281793093
20260123_224946,2026-01-23T23:30:43.839540,15cedc7a9730972b927f01fdf3bc98946ca1b50a,bellman,64x64,49499,0.0008771383436396718,0.003850096556932385,1.0,0,0,0,,,0.385717307030737
20260123_224946,2026-01-23T23:30:45.675079,15cedc7a9730972b927f01fdf3bc98946ca1b50a,bellman,64x64,49599,-0.00046824300079606473,0.0025845674486176763,1.0,0,0,0,,,0.3887685889447082
20260123_224946,2026-01-23T23:30:47.488295,15cedc7a9730972b927f01fdf3bc98946ca1b50a,bellman,64x64,49699,0.0013151390012353659,0.005636228206781908,1.0,0,0,0,,,0.39429565971113517
20260123_224946,2026-01-23T23:30:49.239203,15cedc7a9730972b927f01fdf3bc98946ca1b50a,bellman,64x64,49799,-0.00011104276200057939,0.003950314699790738,1.0,0,0,0,,,0.3862440197596555
20260123_224946,2026-01-23T23:30:51.241997,15cedc7a9730972b927f01fdf3bc98946ca1b50a,bellman,64x64,49899,0.0001645576412556693,0.003472836450392194,1.0,0,0,0,,,0.38774089920200994
20260123_224946,2026-01-23T23:30:53.178524,15cedc7a9730972b927f01fdf3bc98946ca1b50a,bellman,64x64,49999,0.0007890049600973725,0.0035488240674899883,1.0,0,0,0,,,0.3962586195710418
