run_id,timestamp,git_hash,objective,network_size,epoch,loss,euler_fb_mean,euler_fb_finite_ratio,violation_count,warning_count,exception_flag,exception_type,exception_message,lifetime_reward_mean
20260124_084550,2026-01-24T08:45:51.261579,15cedc7a9730972b927f01fdf3bc98946ca1b50a,lifetime_reward,8x8,0,2.438551902770996,0.44053138866758673,1.0,0,0,0,,,-2.0810255581203196
20260124_084550,2026-01-24T08:45:59.865726,15cedc7a9730972b927f01fdf3bc98946ca1b50a,lifetime_reward,8x8,99,0.5912835597991943,0.3008068338334124,1.0,0,0,0,,,-0.25735646651486843
20260124_084550,2026-01-24T08:46:01.807692,15cedc7a9730972b927f01fdf3bc98946ca1b50a,lifetime_reward,8x8,199,-0.3825068473815918,0.20028482348956458,1.0,0,0,0,,,0.07737254788229245
20260124_084550,2026-01-24T08:46:03.789714,15cedc7a9730972b927f01fdf3bc98946ca1b50a,lifetime_reward,8x8,299,0.14750736951828003,0.14111764361721726,1.0,0,0,0,,,0.19756212746788282
20260124_084550,2026-01-24T08:46:05.768283,15cedc7a9730972b927f01fdf3bc98946ca1b50a,lifetime_reward,8x8,399,-0.1672479808330536,0.1358826461481658,1.0,0,0,0,,,0.288523057540408
20260124_084550,2026-01-24T08:46:07.919211,15cedc7a9730972b927f01fdf3bc98946ca1b50a,lifetime_reward,8x8,499,-0.24211353063583374,0.11857337053632364,1.0,0,0,0,,,0.3492275812347054
20260124_084550,2026-01-24T08:46:10.104279,15cedc7a9730972b927f01fdf3bc98946ca1b50a,lifetime_reward,8x8,599,-0.10161250829696655,0.09687481822060363,1.0,0,0,0,,,0.3722708203244972
20260124_084550,2026-01-24T08:46:12.061078,15cedc7a9730972b927f01fdf3bc98946ca1b50a,lifetime_reward,8x8,699,-0.5520578622817993,0.0854795526999078,1.0,0,0,0,,,0.3823922248538745
20260124_084550,2026-01-24T08:46:14.114271,15cedc7a9730972b927f01fdf3bc98946ca1b50a,lifetime_reward,8x8,799,-0.2187037467956543,0.07912618619284331,1.0,0,0,0,,,0.38947580999003834
20260124_084550,2026-01-24T08:46:16.105041,15cedc7a9730972b927f01fdf3bc98946ca1b50a,lifetime_reward,8x8,899,-0.5116075277328491,0.07320872938373213,1.0,0,0,0,,,0.39467820264035736
20260124_084550,2026-01-24T08:46:18.111724,15cedc7a9730972b927f01fdf3bc98946ca1b50a,lifetime_reward,8x8,999,-0.4449460506439209,0.07000263190609984,1.0,0,0,0,,,0.39847910662814434
20260124_084550,2026-01-24T08:46:20.130257,15cedc7a9730972b927f01fdf3bc98946ca1b50a,lifetime_reward,8x8,1099,-0.3725779056549072,0.06606260052252765,1.0,0,0,0,,,0.4013215237386745
20260124_084550,2026-01-24T08:46:22.092713,15cedc7a9730972b927f01fdf3bc98946ca1b50a,lifetime_reward,8x8,1199,-0.44108688831329346,0.0639643600161071,1.0,0,0,0,,,0.40358482061548057
20260124_084550,2026-01-24T08:46:24.034035,15cedc7a9730972b927f01fdf3bc98946ca1b50a,lifetime_reward,8x8,1299,-0.23047462105751038,0.06219244829462696,1.0,0,0,0,,,0.40543452855723494
20260124_084550,2026-01-24T08:46:26.199105,15cedc7a9730972b927f01fdf3bc98946ca1b50a,lifetime_reward,8x8,1399,-0.4379078149795532,0.059378080681817665,1.0,0,0,0,,,0.4070192145791818
20260124_084550,2026-01-24T08:46:28.232482,15cedc7a9730972b927f01fdf3bc98946ca1b50a,lifetime_reward,8x8,1499,-0.44815927743911743,0.0559385191047113,1.0,0,0,0,,,0.4082917676219351
20260124_084550,2026-01-24T08:46:30.194748,15cedc7a9730972b927f01fdf3bc98946ca1b50a,lifetime_reward,8x8,1599,-0.2812929153442383,0.055771679895551644,1.0,0,0,0,,,0.4094186255580365
20260124_084550,2026-01-24T08:46:32.205492,15cedc7a9730972b927f01fdf3bc98946ca1b50a,lifetime_reward,8x8,1699,-0.2497919797897339,0.05440527076305443,1.0,0,0,0,,,0.41026102763283434
20260124_084550,2026-01-24T08:46:34.244985,15cedc7a9730972b927f01fdf3bc98946ca1b50a,lifetime_reward,8x8,1799,-0.5096114277839661,0.053674291042989354,1.0,0,0,0,,,0.4110218668794503
20260124_084550,2026-01-24T08:46:36.271070,15cedc7a9730972b927f01fdf3bc98946ca1b50a,lifetime_reward,8x8,1899,-0.39689919352531433,0.05202961915010747,1.0,0,0,0,,,0.41171189630252053
20260124_084550,2026-01-24T08:46:38.220911,15cedc7a9730972b927f01fdf3bc98946ca1b50a,lifetime_reward,8x8,1999,-0.18693938851356506,0.051585104708574366,1.0,0,0,0,,,0.41235561302557333
20260124_084550,2026-01-24T08:46:40.225140,15cedc7a9730972b927f01fdf3bc98946ca1b50a,lifetime_reward,8x8,2099,-0.6445297598838806,0.05084283626687466,1.0,0,0,0,,,0.4129432351398234
20260124_084550,2026-01-24T08:46:42.244849,15cedc7a9730972b927f01fdf3bc98946ca1b50a,lifetime_reward,8x8,2199,-0.6251095533370972,0.050561762791312505,1.0,0,0,0,,,0.4134844231444828
20260124_084550,2026-01-24T08:46:44.257230,15cedc7a9730972b927f01fdf3bc98946ca1b50a,lifetime_reward,8x8,2299,-0.2823294401168823,0.04976446894728724,1.0,0,0,0,,,0.41398201157990555
20260124_084550,2026-01-24T08:46:46.270728,15cedc7a9730972b927f01fdf3bc98946ca1b50a,lifetime_reward,8x8,2399,-0.32946962118148804,0.049251527947362775,1.0,0,0,0,,,0.41444114286007466
20260124_084550,2026-01-24T08:46:48.211096,15cedc7a9730972b927f01fdf3bc98946ca1b50a,lifetime_reward,8x8,2499,-0.33406877517700195,0.048286154907527815,1.0,0,0,0,,,0.4148565039029953
20260124_084550,2026-01-24T08:46:50.228079,15cedc7a9730972b927f01fdf3bc98946ca1b50a,lifetime_reward,8x8,2599,-0.512146532535553,0.04783626623648161,1.0,0,0,0,,,0.41523673097790614
20260124_084550,2026-01-24T08:46:52.252693,15cedc7a9730972b927f01fdf3bc98946ca1b50a,lifetime_reward,8x8,2699,-0.30901700258255005,0.04747074110067842,1.0,0,0,0,,,0.415586092183449
20260124_084550,2026-01-24T08:46:54.254942,15cedc7a9730972b927f01fdf3bc98946ca1b50a,lifetime_reward,8x8,2799,-0.21091288328170776,0.0467664565119776,1.0,0,0,0,,,0.41590519462918496
20260124_084550,2026-01-24T08:46:56.276468,15cedc7a9730972b927f01fdf3bc98946ca1b50a,lifetime_reward,8x8,2899,-0.2766544818878174,0.04557198921318559,1.0,0,0,0,,,0.41616579620865934
20260124_084550,2026-01-24T08:46:58.259042,15cedc7a9730972b927f01fdf3bc98946ca1b50a,lifetime_reward,8x8,2999,-0.1685226410627365,0.045805519274235845,1.0,0,0,0,,,0.4164690549691824
20260124_084550,2026-01-24T08:47:00.250472,15cedc7a9730972b927f01fdf3bc98946ca1b50a,lifetime_reward,8x8,3099,-0.06780777871608734,0.04534819657890694,1.0,0,0,0,,,0.4167184901362239
20260124_084550,2026-01-24T08:47:02.260612,15cedc7a9730972b927f01fdf3bc98946ca1b50a,lifetime_reward,8x8,3199,-0.3847728967666626,0.044828993285709655,1.0,0,0,0,,,0.4169550002532433
20260124_084550,2026-01-24T08:47:04.292878,15cedc7a9730972b927f01fdf3bc98946ca1b50a,lifetime_reward,8x8,3299,-0.3319743275642395,0.04462352611348251,1.0,0,0,0,,,0.4171773494546346
20260124_084550,2026-01-24T08:47:06.329230,15cedc7a9730972b927f01fdf3bc98946ca1b50a,lifetime_reward,8x8,3399,-0.30383598804473877,0.044347888570928265,1.0,0,0,0,,,0.41738016561985986
20260124_084550,2026-01-24T08:47:08.303752,15cedc7a9730972b927f01fdf3bc98946ca1b50a,lifetime_reward,8x8,3499,-0.5418925881385803,0.0456282818019281,1.0,0,0,0,,,0.4175408395464027
20260124_084550,2026-01-24T08:47:10.331762,15cedc7a9730972b927f01fdf3bc98946ca1b50a,lifetime_reward,8x8,3599,-0.5848091840744019,0.04425905512099235,1.0,0,0,0,,,0.41776549439940003
20260124_084550,2026-01-24T08:47:12.276633,15cedc7a9730972b927f01fdf3bc98946ca1b50a,lifetime_reward,8x8,3699,-0.09971661865711212,0.04392571273647263,1.0,0,0,0,,,0.4179417624940186
20260124_084550,2026-01-24T08:47:14.280188,15cedc7a9730972b927f01fdf3bc98946ca1b50a,lifetime_reward,8x8,3799,-0.46998438239097595,0.04328148077467631,1.0,0,0,0,,,0.4180969785525639
20260124_084550,2026-01-24T08:47:16.305852,15cedc7a9730972b927f01fdf3bc98946ca1b50a,lifetime_reward,8x8,3899,0.0657888650894165,0.04361385333462749,1.0,0,0,0,,,0.4182509248589372
20260124_084550,2026-01-24T08:47:18.358572,15cedc7a9730972b927f01fdf3bc98946ca1b50a,lifetime_reward,8x8,3999,-0.3482104539871216,0.04285923792684116,1.0,0,0,0,,,0.41838684782141466
20260124_084550,2026-01-24T08:47:20.429848,15cedc7a9730972b927f01fdf3bc98946ca1b50a,lifetime_reward,8x8,4099,-0.28280454874038696,0.04227811415645192,1.0,0,0,0,,,0.41848637542309103
20260124_084550,2026-01-24T08:47:22.467936,15cedc7a9730972b927f01fdf3bc98946ca1b50a,lifetime_reward,8x8,4199,-0.31604182720184326,0.043964670593959455,1.0,0,0,0,,,0.41861911966623117
20260124_084550,2026-01-24T08:47:24.457742,15cedc7a9730972b927f01fdf3bc98946ca1b50a,lifetime_reward,8x8,4299,-0.3101541996002197,0.043340379642495465,1.0,0,0,0,,,0.4187444564946904
20260124_084550,2026-01-24T08:47:26.519555,15cedc7a9730972b927f01fdf3bc98946ca1b50a,lifetime_reward,8x8,4399,-0.4781138300895691,0.042422797163844735,1.0,0,0,0,,,0.4188473914553943
20260124_084550,2026-01-24T08:47:28.585438,15cedc7a9730972b927f01fdf3bc98946ca1b50a,lifetime_reward,8x8,4499,-0.3781398832798004,0.042337743722282536,1.0,0,0,0,,,0.41895166113775517
20260124_084550,2026-01-24T08:47:30.581243,15cedc7a9730972b927f01fdf3bc98946ca1b50a,lifetime_reward,8x8,4599,-0.3126589059829712,0.04227248150021296,1.0,0,0,0,,,0.41904643106713246
20260124_084550,2026-01-24T08:47:32.589932,15cedc7a9730972b927f01fdf3bc98946ca1b50a,lifetime_reward,8x8,4699,0.1436954140663147,0.04343626316885093,1.0,0,0,0,,,0.419078357759477
20260124_084550,2026-01-24T08:47:34.628296,15cedc7a9730972b927f01fdf3bc98946ca1b50a,lifetime_reward,8x8,4799,-0.2850811183452606,0.04250391227256842,1.0,0,0,0,,,0.41920544583550967
20260124_084550,2026-01-24T08:47:36.587434,15cedc7a9730972b927f01fdf3bc98946ca1b50a,lifetime_reward,8x8,4899,-0.5429913997650146,0.043353168496596484,1.0,0,0,0,,,0.4192426181400337
20260124_084550,2026-01-24T08:47:38.634399,15cedc7a9730972b927f01fdf3bc98946ca1b50a,lifetime_reward,8x8,4999,-0.5947971940040588,0.042433605974147214,1.0,0,0,0,,,0.4193329733372779
20260124_084550,2026-01-24T08:47:40.593190,15cedc7a9730972b927f01fdf3bc98946ca1b50a,lifetime_reward,8x8,5099,-0.7210311889648438,0.042128222226510845,1.0,0,0,0,,,0.41939988436194
20260124_084550,2026-01-24T08:47:42.647091,15cedc7a9730972b927f01fdf3bc98946ca1b50a,lifetime_reward,8x8,5199,-0.672335147857666,0.04061699014850092,1.0,0,0,0,,,0.4194408099270864
20260124_084550,2026-01-24T08:47:44.643117,15cedc7a9730972b927f01fdf3bc98946ca1b50a,lifetime_reward,8x8,5299,-0.1126965805888176,0.04301772883853119,1.0,0,0,0,,,0.41949611844316825
20260124_084550,2026-01-24T08:47:46.707950,15cedc7a9730972b927f01fdf3bc98946ca1b50a,lifetime_reward,8x8,5399,-0.31454771757125854,0.041900465443782196,1.0,0,0,0,,,0.41958245503850355
20260124_084550,2026-01-24T08:47:48.695553,15cedc7a9730972b927f01fdf3bc98946ca1b50a,lifetime_reward,8x8,5499,-0.6353802680969238,0.04260025483024947,1.0,0,0,0,,,0.41960125519863223
20260124_084550,2026-01-24T08:47:50.698552,15cedc7a9730972b927f01fdf3bc98946ca1b50a,lifetime_reward,8x8,5599,-0.4125760793685913,0.041579808047731606,1.0,0,0,0,,,0.4196933585101486
20260124_084550,2026-01-24T08:47:52.700822,15cedc7a9730972b927f01fdf3bc98946ca1b50a,lifetime_reward,8x8,5699,-0.16578276455402374,0.040785398444077144,1.0,0,0,0,,,0.41972910176129996
20260124_084550,2026-01-24T08:47:54.720926,15cedc7a9730972b927f01fdf3bc98946ca1b50a,lifetime_reward,8x8,5799,-0.46930891275405884,0.04106184116880741,1.0,0,0,0,,,0.4197857733461025
20260124_084550,2026-01-24T08:47:56.727062,15cedc7a9730972b927f01fdf3bc98946ca1b50a,lifetime_reward,8x8,5899,-0.6504908800125122,0.040814090833709994,1.0,0,0,0,,,0.41982062738423687
20260124_084550,2026-01-24T08:47:58.789760,15cedc7a9730972b927f01fdf3bc98946ca1b50a,lifetime_reward,8x8,5999,-0.5322163105010986,0.04018475903000308,1.0,0,0,0,,,0.41982798972441476
20260124_084550,2026-01-24T08:48:00.866943,15cedc7a9730972b927f01fdf3bc98946ca1b50a,lifetime_reward,8x8,6099,-0.3569778800010681,0.04027274106974801,1.0,0,0,0,,,0.4198560622880188
20260124_084550,2026-01-24T08:48:02.889672,15cedc7a9730972b927f01fdf3bc98946ca1b50a,lifetime_reward,8x8,6199,-0.25547081232070923,0.04017368707303376,1.0,0,0,0,,,0.41991095116703714
20260124_084550,2026-01-24T08:48:04.918666,15cedc7a9730972b927f01fdf3bc98946ca1b50a,lifetime_reward,8x8,6299,-0.5512937307357788,0.042124723418769466,1.0,0,0,0,,,0.41994838182459193
20260124_084550,2026-01-24T08:48:06.933234,15cedc7a9730972b927f01fdf3bc98946ca1b50a,lifetime_reward,8x8,6399,-0.41289567947387695,0.039717180483687574,1.0,0,0,0,,,0.41991909805203265
20260124_084550,2026-01-24T08:48:08.964113,15cedc7a9730972b927f01fdf3bc98946ca1b50a,lifetime_reward,8x8,6499,-0.5035003423690796,0.040039383279056436,1.0,0,0,0,,,0.4199989601181975
20260124_084550,2026-01-24T08:48:10.960259,15cedc7a9730972b927f01fdf3bc98946ca1b50a,lifetime_reward,8x8,6599,-0.6686559319496155,0.04098504120043344,1.0,0,0,0,,,0.4200692172568215
20260124_084550,2026-01-24T08:48:13.002516,15cedc7a9730972b927f01fdf3bc98946ca1b50a,lifetime_reward,8x8,6699,-0.11713548004627228,0.039262287657354594,1.0,0,0,0,,,0.41999684474748794
20260124_084550,2026-01-24T08:48:15.033521,15cedc7a9730972b927f01fdf3bc98946ca1b50a,lifetime_reward,8x8,6799,-0.6414390206336975,0.041437273511721745,1.0,0,0,0,,,0.42010558355891736
20260124_084550,2026-01-24T08:48:17.078891,15cedc7a9730972b927f01fdf3bc98946ca1b50a,lifetime_reward,8x8,6899,-0.22398540377616882,0.040123303285918156,1.0,0,0,0,,,0.42014143996161724
20260124_084550,2026-01-24T08:48:19.037094,15cedc7a9730972b927f01fdf3bc98946ca1b50a,lifetime_reward,8x8,6999,-0.394692063331604,0.03960343019019092,1.0,0,0,0,,,0.4201134463725609
20260124_084550,2026-01-24T08:48:21.012952,15cedc7a9730972b927f01fdf3bc98946ca1b50a,lifetime_reward,8x8,7099,-0.4320125877857208,0.0410560460955071,1.0,0,0,0,,,0.42018790134072104
20260124_084550,2026-01-24T08:48:23.014137,15cedc7a9730972b927f01fdf3bc98946ca1b50a,lifetime_reward,8x8,7199,-0.36763638257980347,0.04028421571705507,1.0,0,0,0,,,0.420210236588759
20260124_084550,2026-01-24T08:48:25.026623,15cedc7a9730972b927f01fdf3bc98946ca1b50a,lifetime_reward,8x8,7299,-0.5698103308677673,0.041894081702836275,1.0,0,0,0,,,0.42020318025890324
20260124_084550,2026-01-24T08:48:27.059989,15cedc7a9730972b927f01fdf3bc98946ca1b50a,lifetime_reward,8x8,7399,-0.15862709283828735,0.04059086595096687,1.0,0,0,0,,,0.42025231444253175
20260124_084550,2026-01-24T08:48:29.112855,15cedc7a9730972b927f01fdf3bc98946ca1b50a,lifetime_reward,8x8,7499,-0.4905218780040741,0.04102885961975403,1.0,0,0,0,,,0.420143875653026
20260124_084550,2026-01-24T08:48:31.129098,15cedc7a9730972b927f01fdf3bc98946ca1b50a,lifetime_reward,8x8,7599,-0.1467774212360382,0.041379911432112525,1.0,0,0,0,,,0.4202294611447678
20260124_084550,2026-01-24T08:48:33.125673,15cedc7a9730972b927f01fdf3bc98946ca1b50a,lifetime_reward,8x8,7699,-0.22982561588287354,0.03930286195562303,1.0,0,0,0,,,0.4202624523813606
20260124_084550,2026-01-24T08:48:35.077088,15cedc7a9730972b927f01fdf3bc98946ca1b50a,lifetime_reward,8x8,7799,-0.7563302516937256,0.04102159460663643,1.0,0,0,0,,,0.4202928313844996
20260124_084550,2026-01-24T08:48:37.097265,15cedc7a9730972b927f01fdf3bc98946ca1b50a,lifetime_reward,8x8,7899,-0.14139989018440247,0.04078627000966435,1.0,0,0,0,,,0.42031724225681194
20260124_084550,2026-01-24T08:48:39.082059,15cedc7a9730972b927f01fdf3bc98946ca1b50a,lifetime_reward,8x8,7999,-0.45022958517074585,0.04042595076953603,1.0,0,0,0,,,0.42034371145976523
20260124_084550,2026-01-24T08:48:41.133931,15cedc7a9730972b927f01fdf3bc98946ca1b50a,lifetime_reward,8x8,8099,-0.5992045998573303,0.04080690616282027,1.0,0,0,0,,,0.420343057614168
20260124_084550,2026-01-24T08:48:43.149918,15cedc7a9730972b927f01fdf3bc98946ca1b50a,lifetime_reward,8x8,8199,-0.44253915548324585,0.04119863385410099,1.0,0,0,0,,,0.42034500763623495
20260124_084550,2026-01-24T08:48:45.100041,15cedc7a9730972b927f01fdf3bc98946ca1b50a,lifetime_reward,8x8,8299,-0.5024992227554321,0.03934400552275975,1.0,0,0,0,,,0.4203565403141668
20260124_084550,2026-01-24T08:48:47.104483,15cedc7a9730972b927f01fdf3bc98946ca1b50a,lifetime_reward,8x8,8399,-0.14421331882476807,0.04006614720434072,1.0,0,0,0,,,0.4203901815787167
20260124_084550,2026-01-24T08:48:49.152188,15cedc7a9730972b927f01fdf3bc98946ca1b50a,lifetime_reward,8x8,8499,-0.2994805872440338,0.0396242481940044,1.0,0,0,0,,,0.42039376094788405
20260124_084550,2026-01-24T08:48:51.148147,15cedc7a9730972b927f01fdf3bc98946ca1b50a,lifetime_reward,8x8,8599,-0.3887312412261963,0.03811049774123035,1.0,0,0,0,,,0.42032596696033564
20260124_084550,2026-01-24T08:48:53.214563,15cedc7a9730972b927f01fdf3bc98946ca1b50a,lifetime_reward,8x8,8699,-0.3713875710964203,0.041002438551994376,1.0,0,0,0,,,0.4203551217716186
20260124_084550,2026-01-24T08:48:55.175039,15cedc7a9730972b927f01fdf3bc98946ca1b50a,lifetime_reward,8x8,8799,-0.04327841103076935,0.04142663678093754,1.0,0,0,0,,,0.4203982540354057
20260124_084550,2026-01-24T08:48:57.188437,15cedc7a9730972b927f01fdf3bc98946ca1b50a,lifetime_reward,8x8,8899,-0.6320282816886902,0.039101252845778166,1.0,0,0,0,,,0.4204271340168786
20260124_084550,2026-01-24T08:48:59.180167,15cedc7a9730972b927f01fdf3bc98946ca1b50a,lifetime_reward,8x8,8999,-0.4268944263458252,0.0412603808388883,1.0,0,0,0,,,0.42035344786085693
20260124_084550,2026-01-24T08:49:01.194601,15cedc7a9730972b927f01fdf3bc98946ca1b50a,lifetime_reward,8x8,9099,-0.2983464300632477,0.03972624309889284,1.0,0,0,0,,,0.4204588691285531
20260124_084550,2026-01-24T08:49:03.205156,15cedc7a9730972b927f01fdf3bc98946ca1b50a,lifetime_reward,8x8,9199,-0.3350485563278198,0.03971689288168591,1.0,0,0,0,,,0.4204552368654626
20260124_084550,2026-01-24T08:49:05.170716,15cedc7a9730972b927f01fdf3bc98946ca1b50a,lifetime_reward,8x8,9299,-0.44154810905456543,0.0394061450273739,1.0,0,0,0,,,0.4204694012724103
20260124_084550,2026-01-24T08:49:07.135949,15cedc7a9730972b927f01fdf3bc98946ca1b50a,lifetime_reward,8x8,9399,-0.79840487241745,0.041200031491213165,1.0,0,0,0,,,0.42038744851673104
20260124_084550,2026-01-24T08:49:09.185927,15cedc7a9730972b927f01fdf3bc98946ca1b50a,lifetime_reward,8x8,9499,-0.6183961033821106,0.03765908198197053,1.0,0,0,0,,,0.4203570785284152
20260124_084550,2026-01-24T08:49:11.187730,15cedc7a9730972b927f01fdf3bc98946ca1b50a,lifetime_reward,8x8,9599,-0.32641738653182983,0.04098417498417234,1.0,0,0,0,,,0.4204475076004405
20260124_084550,2026-01-24T08:49:13.248491,15cedc7a9730972b927f01fdf3bc98946ca1b50a,lifetime_reward,8x8,9699,-0.3048967719078064,0.039107721669267334,1.0,0,0,0,,,0.4204986888871438
20260124_084550,2026-01-24T08:49:15.249699,15cedc7a9730972b927f01fdf3bc98946ca1b50a,lifetime_reward,8x8,9799,-0.5882745981216431,0.039837159604923046,1.0,0,0,0,,,0.4204870645563583
20260124_084550,2026-01-24T08:49:17.205652,15cedc7a9730972b927f01fdf3bc98946ca1b50a,lifetime_reward,8x8,9899,-0.39933186769485474,0.04010979495174155,1.0,0,0,0,,,0.42048045528136313
20260124_084550,2026-01-24T08:49:19.167305,15cedc7a9730972b927f01fdf3bc98946ca1b50a,lifetime_reward,8x8,9999,-0.3363167643547058,0.03933768796604312,1.0,0,0,0,,,0.4205238475833988
20260124_084550,2026-01-24T08:49:21.163622,15cedc7a9730972b927f01fdf3bc98946ca1b50a,lifetime_reward,8x8,10099,-0.6792035102844238,0.03894933356721566,1.0,0,0,0,,,0.4204872922020255
20260124_084550,2026-01-24T08:49:23.191232,15cedc7a9730972b927f01fdf3bc98946ca1b50a,lifetime_reward,8x8,10199,-0.39633482694625854,0.03860233103751028,1.0,0,0,0,,,0.42049808051658344
20260124_084550,2026-01-24T08:49:25.210812,15cedc7a9730972b927f01fdf3bc98946ca1b50a,lifetime_reward,8x8,10299,-0.12130381166934967,0.04038433039236708,1.0,0,0,0,,,0.4205072475818856
20260124_084550,2026-01-24T08:49:27.278916,15cedc7a9730972b927f01fdf3bc98946ca1b50a,lifetime_reward,8x8,10399,-0.3202180862426758,0.04003174058462065,1.0,0,0,0,,,0.42050125646754266
20260124_084550,2026-01-24T08:49:29.302352,15cedc7a9730972b927f01fdf3bc98946ca1b50a,lifetime_reward,8x8,10499,-0.4795231819152832,0.03813526787043685,1.0,0,0,0,,,0.42050775555025544
20260124_084550,2026-01-24T08:49:31.326928,15cedc7a9730972b927f01fdf3bc98946ca1b50a,lifetime_reward,8x8,10599,-0.6406127214431763,0.037871779725659846,1.0,0,0,0,,,0.42051591227402496
20260124_084550,2026-01-24T08:49:33.356543,15cedc7a9730972b927f01fdf3bc98946ca1b50a,lifetime_reward,8x8,10699,-0.7518685460090637,0.04008058952708268,1.0,0,0,0,,,0.42052897530630384
20260124_084550,2026-01-24T08:49:35.382573,15cedc7a9730972b927f01fdf3bc98946ca1b50a,lifetime_reward,8x8,10799,-0.6033931374549866,0.040280733513347114,1.0,0,0,0,,,0.42053375396857134
20260124_084550,2026-01-24T08:49:37.333309,15cedc7a9730972b927f01fdf3bc98946ca1b50a,lifetime_reward,8x8,10899,-0.6191556453704834,0.03895283476005886,1.0,0,0,0,,,0.42056570048753356
20260124_084550,2026-01-24T08:49:39.324425,15cedc7a9730972b927f01fdf3bc98946ca1b50a,lifetime_reward,8x8,10999,-0.606812596321106,0.04014147276401943,1.0,0,0,0,,,0.4205516997900202
20260124_084550,2026-01-24T08:49:41.365421,15cedc7a9730972b927f01fdf3bc98946ca1b50a,lifetime_reward,8x8,11099,-0.45170196890830994,0.03766975196490698,1.0,0,0,0,,,0.4205117292076176
20260124_084550,2026-01-24T08:49:43.431500,15cedc7a9730972b927f01fdf3bc98946ca1b50a,lifetime_reward,8x8,11199,-0.3418320417404175,0.038092583653689616,1.0,0,0,0,,,0.42053184017235756
20260124_084550,2026-01-24T08:49:45.440701,15cedc7a9730972b927f01fdf3bc98946ca1b50a,lifetime_reward,8x8,11299,-0.10742265731096268,0.04015283773619473,1.0,0,0,0,,,0.4205498250218087
20260124_084550,2026-01-24T08:49:47.469871,15cedc7a9730972b927f01fdf3bc98946ca1b50a,lifetime_reward,8x8,11399,-0.4039555490016937,0.03882186030799538,1.0,0,0,0,,,0.42059142996020277
20260124_084550,2026-01-24T08:49:49.559474,15cedc7a9730972b927f01fdf3bc98946ca1b50a,lifetime_reward,8x8,11499,-0.271500825881958,0.03914352377685439,1.0,0,0,0,,,0.4205903892698532
20260124_084550,2026-01-24T08:49:51.611113,15cedc7a9730972b927f01fdf3bc98946ca1b50a,lifetime_reward,8x8,11599,-0.4138726592063904,0.03882601452926238,1.0,0,0,0,,,0.4205934705942377
20260124_084550,2026-01-24T08:49:53.561436,15cedc7a9730972b927f01fdf3bc98946ca1b50a,lifetime_reward,8x8,11699,-0.3193242847919464,0.03793841357812085,1.0,0,0,0,,,0.42056891605019764
20260124_084550,2026-01-24T08:49:55.565722,15cedc7a9730972b927f01fdf3bc98946ca1b50a,lifetime_reward,8x8,11799,-0.04932428523898125,0.0391613895144598,1.0,0,0,0,,,0.42058524713729317
20260124_084550,2026-01-24T08:49:57.573283,15cedc7a9730972b927f01fdf3bc98946ca1b50a,lifetime_reward,8x8,11899,-0.63624507188797,0.03704179369740196,1.0,0,0,0,,,0.4205051619641722
20260124_084550,2026-01-24T08:49:59.621842,15cedc7a9730972b927f01fdf3bc98946ca1b50a,lifetime_reward,8x8,11999,-0.30567896366119385,0.037700873449700405,1.0,0,0,0,,,0.4205657626880223
20260124_084550,2026-01-24T08:50:01.627509,15cedc7a9730972b927f01fdf3bc98946ca1b50a,lifetime_reward,8x8,12099,-0.3523987829685211,0.03917500318777531,1.0,0,0,0,,,0.4206171583420526
20260124_084550,2026-01-24T08:50:03.672462,15cedc7a9730972b927f01fdf3bc98946ca1b50a,lifetime_reward,8x8,12199,-0.5039045214653015,0.039625779600121654,1.0,0,0,0,,,0.4206111623577511
20260124_084550,2026-01-24T08:50:05.678950,15cedc7a9730972b927f01fdf3bc98946ca1b50a,lifetime_reward,8x8,12299,-0.422855406999588,0.03825836324353922,1.0,0,0,0,,,0.42061863346910516
20260124_084550,2026-01-24T08:50:07.679618,15cedc7a9730972b927f01fdf3bc98946ca1b50a,lifetime_reward,8x8,12399,-0.4763573110103607,0.038159223202022155,1.0,0,0,0,,,0.4206174262109753
20260124_084550,2026-01-24T08:50:09.699111,15cedc7a9730972b927f01fdf3bc98946ca1b50a,lifetime_reward,8x8,12499,-0.09100989997386932,0.03660419625781779,1.0,0,0,0,,,0.42037078854588084
20260124_084550,2026-01-24T08:50:11.674103,15cedc7a9730972b927f01fdf3bc98946ca1b50a,lifetime_reward,8x8,12599,-0.24348299205303192,0.03904608093041098,1.0,0,0,0,,,0.42060844394672636
20260124_084550,2026-01-24T08:50:13.707280,15cedc7a9730972b927f01fdf3bc98946ca1b50a,lifetime_reward,8x8,12699,-0.5663632154464722,0.03907948399527122,1.0,0,0,0,,,0.4206312161948762
20260124_084550,2026-01-24T08:50:15.701658,15cedc7a9730972b927f01fdf3bc98946ca1b50a,lifetime_reward,8x8,12799,-0.5780919790267944,0.03655313099541658,1.0,0,0,0,,,0.42053636184292453
20260124_084550,2026-01-24T08:50:17.644526,15cedc7a9730972b927f01fdf3bc98946ca1b50a,lifetime_reward,8x8,12899,-0.18835397064685822,0.03904109742562655,1.0,0,0,0,,,0.42063846304814717
20260124_084550,2026-01-24T08:50:19.644725,15cedc7a9730972b927f01fdf3bc98946ca1b50a,lifetime_reward,8x8,12999,-0.12619352340698242,0.037416882792292425,1.0,0,0,0,,,0.4205552978107748
20260124_084550,2026-01-24T08:50:21.631711,15cedc7a9730972b927f01fdf3bc98946ca1b50a,lifetime_reward,8x8,13099,-0.4754963517189026,0.03765077387078499,1.0,0,0,0,,,0.4206357081536655
20260124_084550,2026-01-24T08:50:23.667286,15cedc7a9730972b927f01fdf3bc98946ca1b50a,lifetime_reward,8x8,13199,-0.5072538256645203,0.038156538369636867,1.0,0,0,0,,,0.4206506804808714
20260124_084550,2026-01-24T08:50:25.633846,15cedc7a9730972b927f01fdf3bc98946ca1b50a,lifetime_reward,8x8,13299,-0.4149564206600189,0.03778866108450231,1.0,0,0,0,,,0.42063640159321625
20260124_084550,2026-01-24T08:50:27.647025,15cedc7a9730972b927f01fdf3bc98946ca1b50a,lifetime_reward,8x8,13399,-0.6494318842887878,0.038579519234082135,1.0,0,0,0,,,0.42064626396681126
20260124_084550,2026-01-24T08:50:29.736974,15cedc7a9730972b927f01fdf3bc98946ca1b50a,lifetime_reward,8x8,13499,-0.1431247591972351,0.03927881339441768,1.0,0,0,0,,,0.4206401199792257
20260124_084550,2026-01-24T08:50:31.749640,15cedc7a9730972b927f01fdf3bc98946ca1b50a,lifetime_reward,8x8,13599,-0.35835692286491394,0.03896873689353752,1.0,0,0,0,,,0.42065411298369493
20260124_084550,2026-01-24T08:50:33.775364,15cedc7a9730972b927f01fdf3bc98946ca1b50a,lifetime_reward,8x8,13699,-0.4574801027774811,0.03875259190418314,1.0,0,0,0,,,0.4206596768102685
20260124_084550,2026-01-24T08:50:35.786794,15cedc7a9730972b927f01fdf3bc98946ca1b50a,lifetime_reward,8x8,13799,-0.0013036653399467468,0.03905595547057505,1.0,0,0,0,,,0.4206483166487543
20260124_084550,2026-01-24T08:50:37.831489,15cedc7a9730972b927f01fdf3bc98946ca1b50a,lifetime_reward,8x8,13899,-0.6378762722015381,0.03685080249392559,1.0,0,0,0,,,0.4205826534098557
20260124_084550,2026-01-24T08:50:39.869928,15cedc7a9730972b927f01fdf3bc98946ca1b50a,lifetime_reward,8x8,13999,-0.34902429580688477,0.03798893908443528,1.0,0,0,0,,,0.4206664965362752
20260124_084550,2026-01-24T08:50:41.900375,15cedc7a9730972b927f01fdf3bc98946ca1b50a,lifetime_reward,8x8,14099,-0.3036748170852661,0.03644919782059258,1.0,0,0,0,,,0.4204891842267243
20260124_084550,2026-01-24T08:50:43.940911,15cedc7a9730972b927f01fdf3bc98946ca1b50a,lifetime_reward,8x8,14199,-0.45815321803092957,0.03856525589493554,1.0,0,0,0,,,0.42067182748085474
20260124_084550,2026-01-24T08:50:45.957419,15cedc7a9730972b927f01fdf3bc98946ca1b50a,lifetime_reward,8x8,14299,-0.5906111001968384,0.039166244720239336,1.0,0,0,0,,,0.42065961625781473
20260124_084550,2026-01-24T08:50:48.018595,15cedc7a9730972b927f01fdf3bc98946ca1b50a,lifetime_reward,8x8,14399,-0.43593722581863403,0.03740719476322685,1.0,0,0,0,,,0.4206428061638259
20260124_084550,2026-01-24T08:50:50.002849,15cedc7a9730972b927f01fdf3bc98946ca1b50a,lifetime_reward,8x8,14499,-0.5377443432807922,0.03937129561151737,1.0,0,0,0,,,0.4206044334419431
20260124_084550,2026-01-24T08:50:51.999764,15cedc7a9730972b927f01fdf3bc98946ca1b50a,lifetime_reward,8x8,14599,-0.5257822871208191,0.03837683855965276,1.0,0,0,0,,,0.4206752707552026
20260124_084550,2026-01-24T08:50:54.062132,15cedc7a9730972b927f01fdf3bc98946ca1b50a,lifetime_reward,8x8,14699,-0.4013540744781494,0.037455752840898776,1.0,0,0,0,,,0.4206655904696955
20260124_084550,2026-01-24T08:50:56.092665,15cedc7a9730972b927f01fdf3bc98946ca1b50a,lifetime_reward,8x8,14799,-0.36870884895324707,0.03887047263897205,1.0,0,0,0,,,0.42065330423996317
20260124_084550,2026-01-24T08:50:58.071329,15cedc7a9730972b927f01fdf3bc98946ca1b50a,lifetime_reward,8x8,14899,-0.5569607615470886,0.03885818232198133,1.0,0,0,0,,,0.4206639822729836
20260124_084550,2026-01-24T08:51:00.042203,15cedc7a9730972b927f01fdf3bc98946ca1b50a,lifetime_reward,8x8,14999,-0.5534375905990601,0.03836689844565269,1.0,0,0,0,,,0.42067356961804203
20260124_084550,2026-01-24T08:51:02.010433,15cedc7a9730972b927f01fdf3bc98946ca1b50a,lifetime_reward,8x8,15099,-0.37369370460510254,0.037239288367340466,1.0,0,0,0,,,0.42064775711908686
20260124_084550,2026-01-24T08:51:04.044610,15cedc7a9730972b927f01fdf3bc98946ca1b50a,lifetime_reward,8x8,15199,-0.30758747458457947,0.03662430512232561,1.0,0,0,0,,,0.4205835425528649
20260124_084550,2026-01-24T08:51:06.046089,15cedc7a9730972b927f01fdf3bc98946ca1b50a,lifetime_reward,8x8,15299,-0.32951927185058594,0.03875710583742123,1.0,0,0,0,,,0.42062195522545875
20260124_084550,2026-01-24T08:51:08.095826,15cedc7a9730972b927f01fdf3bc98946ca1b50a,lifetime_reward,8x8,15399,-0.4933185875415802,0.03777489911478277,1.0,0,0,0,,,0.4206841480364823
20260124_084550,2026-01-24T08:51:10.130212,15cedc7a9730972b927f01fdf3bc98946ca1b50a,lifetime_reward,8x8,15499,-0.4281959533691406,0.03887417903620725,1.0,0,0,0,,,0.4206779540201968
20260124_084550,2026-01-24T08:51:12.104877,15cedc7a9730972b927f01fdf3bc98946ca1b50a,lifetime_reward,8x8,15599,-0.6044157147407532,0.03795082843459372,1.0,0,0,0,,,0.4206858244184276
20260124_084550,2026-01-24T08:51:14.137844,15cedc7a9730972b927f01fdf3bc98946ca1b50a,lifetime_reward,8x8,15699,-0.23605063557624817,0.038464434525739805,1.0,0,0,0,,,0.42067918730327614
20260124_084550,2026-01-24T08:51:16.185060,15cedc7a9730972b927f01fdf3bc98946ca1b50a,lifetime_reward,8x8,15799,-0.4011228680610657,0.03821147547748096,1.0,0,0,0,,,0.42068941933939036
20260124_084550,2026-01-24T08:51:18.235284,15cedc7a9730972b927f01fdf3bc98946ca1b50a,lifetime_reward,8x8,15899,-0.5493476390838623,0.03524884120294474,1.0,0,0,0,,,0.4203402496951426
20260124_084550,2026-01-24T08:51:20.272533,15cedc7a9730972b927f01fdf3bc98946ca1b50a,lifetime_reward,8x8,15999,-0.582565188407898,0.03892658110232424,1.0,0,0,0,,,0.42065463552276317
20260124_084550,2026-01-24T08:51:22.275676,15cedc7a9730972b927f01fdf3bc98946ca1b50a,lifetime_reward,8x8,16099,-0.04553968459367752,0.036921302290888865,1.0,0,0,0,,,0.42057152155646216
20260124_084550,2026-01-24T08:51:24.307396,15cedc7a9730972b927f01fdf3bc98946ca1b50a,lifetime_reward,8x8,16199,-0.7714073657989502,0.037236977778508956,1.0,0,0,0,,,0.4206781450366416
20260124_084550,2026-01-24T08:51:26.326810,15cedc7a9730972b927f01fdf3bc98946ca1b50a,lifetime_reward,8x8,16299,-0.39549520611763,0.03745589423882858,1.0,0,0,0,,,0.42066543986865573
20260124_084550,2026-01-24T08:51:28.346776,15cedc7a9730972b927f01fdf3bc98946ca1b50a,lifetime_reward,8x8,16399,-0.13739605247974396,0.03931695661664494,1.0,0,0,0,,,0.4206211143989283
20260124_084550,2026-01-24T08:51:30.308504,15cedc7a9730972b927f01fdf3bc98946ca1b50a,lifetime_reward,8x8,16499,-0.10918374359607697,0.03672003318518382,1.0,0,0,0,,,0.420642575979339
20260124_084550,2026-01-24T08:51:32.319850,15cedc7a9730972b927f01fdf3bc98946ca1b50a,lifetime_reward,8x8,16599,-0.08469483256340027,0.038152915689955755,1.0,0,0,0,,,0.42070399379462065
20260124_084550,2026-01-24T08:51:34.353276,15cedc7a9730972b927f01fdf3bc98946ca1b50a,lifetime_reward,8x8,16699,-0.3843577802181244,0.03792949523878507,1.0,0,0,0,,,0.42070438624530254
20260124_084550,2026-01-24T08:51:36.363076,15cedc7a9730972b927f01fdf3bc98946ca1b50a,lifetime_reward,8x8,16799,-0.5151573419570923,0.03869500815090185,1.0,0,0,0,,,0.4206916413556195
20260124_084550,2026-01-24T08:51:38.423258,15cedc7a9730972b927f01fdf3bc98946ca1b50a,lifetime_reward,8x8,16899,-0.6195184588432312,0.03774892927429645,1.0,0,0,0,,,0.4207059460385981
20260124_084550,2026-01-24T08:51:40.482794,15cedc7a9730972b927f01fdf3bc98946ca1b50a,lifetime_reward,8x8,16999,-0.4473995566368103,0.03735119211325259,1.0,0,0,0,,,0.4206990396000674
20260124_084550,2026-01-24T08:51:42.525001,15cedc7a9730972b927f01fdf3bc98946ca1b50a,lifetime_reward,8x8,17099,-0.10979446768760681,0.03664482908374138,1.0,0,0,0,,,0.42061236119749745
20260124_084550,2026-01-24T08:51:44.521911,15cedc7a9730972b927f01fdf3bc98946ca1b50a,lifetime_reward,8x8,17199,-0.7554436922073364,0.03965927837918476,1.0,0,0,0,,,0.4206392914752321
20260124_084550,2026-01-24T08:51:46.503114,15cedc7a9730972b927f01fdf3bc98946ca1b50a,lifetime_reward,8x8,17299,-0.7054368853569031,0.03785605369858902,1.0,0,0,0,,,0.42069334735315167
20260124_084550,2026-01-24T08:51:48.546635,15cedc7a9730972b927f01fdf3bc98946ca1b50a,lifetime_reward,8x8,17399,-0.441435843706131,0.03682685112004763,1.0,0,0,0,,,0.4206555519155046
20260124_084550,2026-01-24T08:51:50.546044,15cedc7a9730972b927f01fdf3bc98946ca1b50a,lifetime_reward,8x8,17499,-0.18770959973335266,0.037371794421037094,1.0,0,0,0,,,0.4206912820997549
20260124_084550,2026-01-24T08:51:52.556972,15cedc7a9730972b927f01fdf3bc98946ca1b50a,lifetime_reward,8x8,17599,-0.31731367111206055,0.03736578613070562,1.0,0,0,0,,,0.42068495947565815
20260124_084550,2026-01-24T08:51:54.559483,15cedc7a9730972b927f01fdf3bc98946ca1b50a,lifetime_reward,8x8,17699,-0.7851276993751526,0.03648626765926059,1.0,0,0,0,,,0.42067634178920776
20260124_084550,2026-01-24T08:51:56.585598,15cedc7a9730972b927f01fdf3bc98946ca1b50a,lifetime_reward,8x8,17799,-0.7090147733688354,0.03930028593998437,1.0,0,0,0,,,0.4206237694385696
20260124_084550,2026-01-24T08:51:58.635985,15cedc7a9730972b927f01fdf3bc98946ca1b50a,lifetime_reward,8x8,17899,-0.4131571352481842,0.0395584385660331,1.0,0,0,0,,,0.4206347683044995
20260124_084550,2026-01-24T08:52:00.726461,15cedc7a9730972b927f01fdf3bc98946ca1b50a,lifetime_reward,8x8,17999,-0.3835412859916687,0.0391721439752559,1.0,0,0,0,,,0.4206795825189834
20260124_084550,2026-01-24T08:52:02.770992,15cedc7a9730972b927f01fdf3bc98946ca1b50a,lifetime_reward,8x8,18099,-0.6569768190383911,0.03725279085315324,1.0,0,0,0,,,0.42070247844255715
20260124_084550,2026-01-24T08:52:04.821895,15cedc7a9730972b927f01fdf3bc98946ca1b50a,lifetime_reward,8x8,18199,-0.6330354809761047,0.03733772624576513,1.0,0,0,0,,,0.42070689319935733
20260124_084550,2026-01-24T08:52:06.795568,15cedc7a9730972b927f01fdf3bc98946ca1b50a,lifetime_reward,8x8,18299,-0.49407753348350525,0.03774017864475351,1.0,0,0,0,,,0.4207072332109046
20260124_084550,2026-01-24T08:52:08.844590,15cedc7a9730972b927f01fdf3bc98946ca1b50a,lifetime_reward,8x8,18399,-0.6642910838127136,0.03739556507160935,1.0,0,0,0,,,0.4207011905598568
20260124_084550,2026-01-24T08:52:10.931946,15cedc7a9730972b927f01fdf3bc98946ca1b50a,lifetime_reward,8x8,18499,-0.31681281328201294,0.03748571943276114,1.0,0,0,0,,,0.420714248379473
20260124_084550,2026-01-24T08:52:12.942560,15cedc7a9730972b927f01fdf3bc98946ca1b50a,lifetime_reward,8x8,18599,-0.3749614953994751,0.03754042744780933,1.0,0,0,0,,,0.4206796018980444
20260124_084550,2026-01-24T08:52:14.949560,15cedc7a9730972b927f01fdf3bc98946ca1b50a,lifetime_reward,8x8,18699,-0.3988221287727356,0.037776204692328855,1.0,0,0,0,,,0.4206868784295438
20260124_084550,2026-01-24T08:52:16.937770,15cedc7a9730972b927f01fdf3bc98946ca1b50a,lifetime_reward,8x8,18799,-0.36512985825538635,0.03778375449254979,1.0,0,0,0,,,0.42072432200341375
20260124_084550,2026-01-24T08:52:18.995072,15cedc7a9730972b927f01fdf3bc98946ca1b50a,lifetime_reward,8x8,18899,-0.2677181363105774,0.03700915259804014,1.0,0,0,0,,,0.42070608977334034
20260124_084550,2026-01-24T08:52:21.034572,15cedc7a9730972b927f01fdf3bc98946ca1b50a,lifetime_reward,8x8,18999,-0.49836593866348267,0.037406884916531886,1.0,0,0,0,,,0.42070576198684556
20260124_084550,2026-01-24T08:52:23.078524,15cedc7a9730972b927f01fdf3bc98946ca1b50a,lifetime_reward,8x8,19099,-0.4620203971862793,0.03618207677295265,1.0,0,0,0,,,0.4206209842628707
20260124_084550,2026-01-24T08:52:25.062617,15cedc7a9730972b927f01fdf3bc98946ca1b50a,lifetime_reward,8x8,19199,-0.11235643178224564,0.03736774893624277,1.0,0,0,0,,,0.420713928042713
20260124_084550,2026-01-24T08:52:27.081801,15cedc7a9730972b927f01fdf3bc98946ca1b50a,lifetime_reward,8x8,19299,-0.3574069142341614,0.03846929903526022,1.0,0,0,0,,,0.42070948602800384
20260124_084550,2026-01-24T08:52:29.101056,15cedc7a9730972b927f01fdf3bc98946ca1b50a,lifetime_reward,8x8,19399,0.07606633007526398,0.03632918672467469,1.0,0,0,0,,,0.4206592823303641
20260124_084550,2026-01-24T08:52:31.148248,15cedc7a9730972b927f01fdf3bc98946ca1b50a,lifetime_reward,8x8,19499,-0.6316026449203491,0.0389470649817767,1.0,0,0,0,,,0.4206868965164736
20260124_084550,2026-01-24T08:52:33.194227,15cedc7a9730972b927f01fdf3bc98946ca1b50a,lifetime_reward,8x8,19599,-0.24776512384414673,0.03842633494298106,1.0,0,0,0,,,0.42069332995872566
20260124_084550,2026-01-24T08:52:35.204302,15cedc7a9730972b927f01fdf3bc98946ca1b50a,lifetime_reward,8x8,19699,-0.3655136227607727,0.03560357350160956,1.0,0,0,0,,,0.4205865005505695
20260124_084550,2026-01-24T08:52:37.204123,15cedc7a9730972b927f01fdf3bc98946ca1b50a,lifetime_reward,8x8,19799,-0.5090364813804626,0.03680189552867599,1.0,0,0,0,,,0.42066816977141586
20260124_084550,2026-01-24T08:52:39.235993,15cedc7a9730972b927f01fdf3bc98946ca1b50a,lifetime_reward,8x8,19899,-0.35720038414001465,0.03636244291992665,1.0,0,0,0,,,0.4206840817793116
20260124_084550,2026-01-24T08:52:41.269950,15cedc7a9730972b927f01fdf3bc98946ca1b50a,lifetime_reward,8x8,19999,-0.5379389524459839,0.03698280000747977,1.0,0,0,0,,,0.4207255236426319
20260124_084550,2026-01-24T08:52:43.255453,15cedc7a9730972b927f01fdf3bc98946ca1b50a,lifetime_reward,8x8,20099,-0.17898860573768616,0.0379584073063615,1.0,0,0,0,,,0.42065929216156583
20260124_084550,2026-01-24T08:52:45.242672,15cedc7a9730972b927f01fdf3bc98946ca1b50a,lifetime_reward,8x8,20199,-0.40552031993865967,0.0375938386728141,1.0,0,0,0,,,0.4207298663444512
20260124_084550,2026-01-24T08:52:47.260371,15cedc7a9730972b927f01fdf3bc98946ca1b50a,lifetime_reward,8x8,20299,-0.4658140242099762,0.037256161504316744,1.0,0,0,0,,,0.42072852737538574
20260124_084550,2026-01-24T08:52:49.233055,15cedc7a9730972b927f01fdf3bc98946ca1b50a,lifetime_reward,8x8,20399,-0.7258375287055969,0.0377439990771304,1.0,0,0,0,,,0.42070283464080205
20260124_084550,2026-01-24T08:52:51.270195,15cedc7a9730972b927f01fdf3bc98946ca1b50a,lifetime_reward,8x8,20499,-0.0979660227894783,0.03708919338380858,1.0,0,0,0,,,0.4207166915086884
20260124_084550,2026-01-24T08:52:53.335281,15cedc7a9730972b927f01fdf3bc98946ca1b50a,lifetime_reward,8x8,20599,-0.4226618707180023,0.03802854882447127,1.0,0,0,0,,,0.4206963948819724
20260124_084550,2026-01-24T08:52:55.339520,15cedc7a9730972b927f01fdf3bc98946ca1b50a,lifetime_reward,8x8,20699,-0.29003599286079407,0.03701718281890343,1.0,0,0,0,,,0.4207292040797155
20260124_084550,2026-01-24T08:52:57.393344,15cedc7a9730972b927f01fdf3bc98946ca1b50a,lifetime_reward,8x8,20799,-0.1428948938846588,0.03822995212994834,1.0,0,0,0,,,0.42072941051196944
20260124_084550,2026-01-24T08:52:59.463220,15cedc7a9730972b927f01fdf3bc98946ca1b50a,lifetime_reward,8x8,20899,-0.5305405259132385,0.037561000799963266,1.0,0,0,0,,,0.4207382879464253
20260124_084550,2026-01-24T08:53:01.470399,15cedc7a9730972b927f01fdf3bc98946ca1b50a,lifetime_reward,8x8,20999,-0.4905732274055481,0.03748972510354772,1.0,0,0,0,,,0.4207361090694294
20260124_084550,2026-01-24T08:53:03.479094,15cedc7a9730972b927f01fdf3bc98946ca1b50a,lifetime_reward,8x8,21099,-0.2663685083389282,0.036698096141893205,1.0,0,0,0,,,0.42070609026955524
20260124_084550,2026-01-24T08:53:05.554200,15cedc7a9730972b927f01fdf3bc98946ca1b50a,lifetime_reward,8x8,21199,-0.2312171906232834,0.0399956476853248,1.0,0,0,0,,,0.4205777010047967
20260124_084550,2026-01-24T08:53:07.562676,15cedc7a9730972b927f01fdf3bc98946ca1b50a,lifetime_reward,8x8,21299,-0.42414653301239014,0.0365071063707867,1.0,0,0,0,,,0.42069661810483805
20260124_084550,2026-01-24T08:53:09.578459,15cedc7a9730972b927f01fdf3bc98946ca1b50a,lifetime_reward,8x8,21399,-0.5749456286430359,0.037869235235587904,1.0,0,0,0,,,0.4207342592014965
20260124_084550,2026-01-24T08:53:11.581845,15cedc7a9730972b927f01fdf3bc98946ca1b50a,lifetime_reward,8x8,21499,-0.5845017433166504,0.03889556439114674,1.0,0,0,0,,,0.420683053799467
20260124_084550,2026-01-24T08:53:13.603513,15cedc7a9730972b927f01fdf3bc98946ca1b50a,lifetime_reward,8x8,21599,-0.43924617767333984,0.03989805487666765,1.0,0,0,0,,,0.4205806574002692
20260124_084550,2026-01-24T08:53:15.615210,15cedc7a9730972b927f01fdf3bc98946ca1b50a,lifetime_reward,8x8,21699,-0.35652559995651245,0.0370919031353812,1.0,0,0,0,,,0.4207162778524409
20260124_084550,2026-01-24T08:53:17.660795,15cedc7a9730972b927f01fdf3bc98946ca1b50a,lifetime_reward,8x8,21799,-0.4722191393375397,0.03771965972004577,1.0,0,0,0,,,0.4207339098765856
20260124_084550,2026-01-24T08:53:19.739198,15cedc7a9730972b927f01fdf3bc98946ca1b50a,lifetime_reward,8x8,21899,-0.3305847644805908,0.03608791171659945,1.0,0,0,0,,,0.42066689540211577
20260124_084550,2026-01-24T08:53:21.734566,15cedc7a9730972b927f01fdf3bc98946ca1b50a,lifetime_reward,8x8,21999,-0.5370521545410156,0.03810536060093174,1.0,0,0,0,,,0.42072437615865355
20260124_084550,2026-01-24T08:53:23.739005,15cedc7a9730972b927f01fdf3bc98946ca1b50a,lifetime_reward,8x8,22099,-0.39285922050476074,0.037357312657906865,1.0,0,0,0,,,0.42073899680534116
20260124_084550,2026-01-24T08:53:25.693849,15cedc7a9730972b927f01fdf3bc98946ca1b50a,lifetime_reward,8x8,22199,-0.4834677278995514,0.0400533884438068,1.0,0,0,0,,,0.42056983620633215
20260124_084550,2026-01-24T08:53:27.726797,15cedc7a9730972b927f01fdf3bc98946ca1b50a,lifetime_reward,8x8,22299,-0.6364672780036926,0.0367985993856669,1.0,0,0,0,,,0.42073425605407266
20260124_084550,2026-01-24T08:53:29.792393,15cedc7a9730972b927f01fdf3bc98946ca1b50a,lifetime_reward,8x8,22399,-0.1598484218120575,0.038825546382978804,1.0,0,0,0,,,0.42069841673280184
20260124_084550,2026-01-24T08:53:31.840417,15cedc7a9730972b927f01fdf3bc98946ca1b50a,lifetime_reward,8x8,22499,-0.4897029995918274,0.037781436454917654,1.0,0,0,0,,,0.4207365860013512
20260124_084550,2026-01-24T08:53:33.804853,15cedc7a9730972b927f01fdf3bc98946ca1b50a,lifetime_reward,8x8,22599,-0.19819384813308716,0.037254513503865605,1.0,0,0,0,,,0.42073941753939637
20260124_084550,2026-01-24T08:53:35.823073,15cedc7a9730972b927f01fdf3bc98946ca1b50a,lifetime_reward,8x8,22699,-0.49699050188064575,0.03745176575315291,1.0,0,0,0,,,0.4207457037032785
20260124_084550,2026-01-24T08:53:37.831464,15cedc7a9730972b927f01fdf3bc98946ca1b50a,lifetime_reward,8x8,22799,-0.2640414834022522,0.034749221609787134,1.0,0,0,0,,,0.42039181217413435
20260124_084550,2026-01-24T08:53:39.876285,15cedc7a9730972b927f01fdf3bc98946ca1b50a,lifetime_reward,8x8,22899,-0.39881089329719543,0.03725361221383814,1.0,0,0,0,,,0.42074389025705994
20260124_084550,2026-01-24T08:53:41.888187,15cedc7a9730972b927f01fdf3bc98946ca1b50a,lifetime_reward,8x8,22999,-0.712080717086792,0.03592544447756946,1.0,0,0,0,,,0.4207020851765513
20260124_084550,2026-01-24T08:53:43.845535,15cedc7a9730972b927f01fdf3bc98946ca1b50a,lifetime_reward,8x8,23099,-0.27346205711364746,0.03907226609666827,1.0,0,0,0,,,0.4206098097984382
20260124_084550,2026-01-24T08:53:45.861242,15cedc7a9730972b927f01fdf3bc98946ca1b50a,lifetime_reward,8x8,23199,-0.4319790005683899,0.03736952353897098,1.0,0,0,0,,,0.420726449191623
20260124_084550,2026-01-24T08:53:47.906447,15cedc7a9730972b927f01fdf3bc98946ca1b50a,lifetime_reward,8x8,23299,-0.30478817224502563,0.03720459013684732,1.0,0,0,0,,,0.4207429735096123
20260124_084550,2026-01-24T08:53:49.891775,15cedc7a9730972b927f01fdf3bc98946ca1b50a,lifetime_reward,8x8,23399,-0.3398096561431885,0.03798204494771149,1.0,0,0,0,,,0.42072119322068036
20260124_084550,2026-01-24T08:53:51.910893,15cedc7a9730972b927f01fdf3bc98946ca1b50a,lifetime_reward,8x8,23499,-0.1444423645734787,0.03643455886918513,1.0,0,0,0,,,0.42073253744961564
20260124_084550,2026-01-24T08:53:53.951554,15cedc7a9730972b927f01fdf3bc98946ca1b50a,lifetime_reward,8x8,23599,-0.4206697642803192,0.03901870784514442,1.0,0,0,0,,,0.42062982082650235
20260124_084550,2026-01-24T08:53:55.974695,15cedc7a9730972b927f01fdf3bc98946ca1b50a,lifetime_reward,8x8,23699,-0.6008267998695374,0.03557528818543948,1.0,0,0,0,,,0.4205875949822918
20260124_084550,2026-01-24T08:53:57.988168,15cedc7a9730972b927f01fdf3bc98946ca1b50a,lifetime_reward,8x8,23799,-0.3759036660194397,0.040505067333852424,1.0,0,0,0,,,0.4203012518798963
20260124_084550,2026-01-24T08:53:59.935696,15cedc7a9730972b927f01fdf3bc98946ca1b50a,lifetime_reward,8x8,23899,-0.33539626002311707,0.03820340039415544,1.0,0,0,0,,,0.4207221174066339
20260124_084550,2026-01-24T08:54:02.003324,15cedc7a9730972b927f01fdf3bc98946ca1b50a,lifetime_reward,8x8,23999,-0.41481977701187134,0.03676390973044059,1.0,0,0,0,,,0.42073697298171775
20260124_084550,2026-01-24T08:54:04.051427,15cedc7a9730972b927f01fdf3bc98946ca1b50a,lifetime_reward,8x8,24099,-0.304037868976593,0.03852189923200099,1.0,0,0,0,,,0.4207064367141996
20260124_084550,2026-01-24T08:54:06.079719,15cedc7a9730972b927f01fdf3bc98946ca1b50a,lifetime_reward,8x8,24199,0.05001093074679375,0.0369118003949442,1.0,0,0,0,,,0.42074260237102334
20260124_084550,2026-01-24T08:54:08.154847,15cedc7a9730972b927f01fdf3bc98946ca1b50a,lifetime_reward,8x8,24299,-0.45609742403030396,0.0390879816520497,1.0,0,0,0,,,0.42061927317910025
20260124_084550,2026-01-24T08:54:10.127711,15cedc7a9730972b927f01fdf3bc98946ca1b50a,lifetime_reward,8x8,24399,-0.1914997696876526,0.037487394416380146,1.0,0,0,0,,,0.42073983531984105
20260124_084550,2026-01-24T08:54:12.177799,15cedc7a9730972b927f01fdf3bc98946ca1b50a,lifetime_reward,8x8,24499,-0.42079976201057434,0.03625513917462187,1.0,0,0,0,,,0.4207336338947615
20260124_084550,2026-01-24T08:54:14.175908,15cedc7a9730972b927f01fdf3bc98946ca1b50a,lifetime_reward,8x8,24599,-0.5060485601425171,0.03634552719857645,1.0,0,0,0,,,0.4206583232463501
20260124_084550,2026-01-24T08:54:16.123454,15cedc7a9730972b927f01fdf3bc98946ca1b50a,lifetime_reward,8x8,24699,-0.2894779145717621,0.03555317729509693,1.0,0,0,0,,,0.4206327900605419
20260124_084550,2026-01-24T08:54:18.152033,15cedc7a9730972b927f01fdf3bc98946ca1b50a,lifetime_reward,8x8,24799,-0.5516197085380554,0.036321611300228575,1.0,0,0,0,,,0.4207077994860899
20260124_084550,2026-01-24T08:54:20.190465,15cedc7a9730972b927f01fdf3bc98946ca1b50a,lifetime_reward,8x8,24899,-0.596653938293457,0.03751149967253462,1.0,0,0,0,,,0.42074978139599944
20260124_084550,2026-01-24T08:54:22.221921,15cedc7a9730972b927f01fdf3bc98946ca1b50a,lifetime_reward,8x8,24999,-0.29127514362335205,0.03815808418806851,1.0,0,0,0,,,0.420730455695725
20260124_084550,2026-01-24T08:54:24.280062,15cedc7a9730972b927f01fdf3bc98946ca1b50a,lifetime_reward,8x8,25099,-0.23975494503974915,0.036202315138459805,1.0,0,0,0,,,0.4207289751295628
20260124_084550,2026-01-24T08:54:26.309136,15cedc7a9730972b927f01fdf3bc98946ca1b50a,lifetime_reward,8x8,25199,-0.07678520679473877,0.03816630926238715,1.0,0,0,0,,,0.42072846795815044
20260124_084550,2026-01-24T08:54:28.325551,15cedc7a9730972b927f01fdf3bc98946ca1b50a,lifetime_reward,8x8,25299,-0.12074994295835495,0.037805978510484825,1.0,0,0,0,,,0.4207397725870757
20260124_084550,2026-01-24T08:54:30.332989,15cedc7a9730972b927f01fdf3bc98946ca1b50a,lifetime_reward,8x8,25399,-0.4970144033432007,0.03793527917248395,1.0,0,0,0,,,0.4207458057656171
20260124_084550,2026-01-24T08:54:32.372981,15cedc7a9730972b927f01fdf3bc98946ca1b50a,lifetime_reward,8x8,25499,0.04510418325662613,0.03666105724454948,1.0,0,0,0,,,0.4207443135200728
20260124_084550,2026-01-24T08:54:34.538726,15cedc7a9730972b927f01fdf3bc98946ca1b50a,lifetime_reward,8x8,25599,-0.6327834129333496,0.036176612804405345,1.0,0,0,0,,,0.4207146918358118
20260124_084550,2026-01-24T08:54:36.584477,15cedc7a9730972b927f01fdf3bc98946ca1b50a,lifetime_reward,8x8,25699,-0.5935606360435486,0.03557306610899222,1.0,0,0,0,,,0.4206707454634245
20260124_084550,2026-01-24T08:54:38.550104,15cedc7a9730972b927f01fdf3bc98946ca1b50a,lifetime_reward,8x8,25799,-0.27392780780792236,0.038246536384586215,1.0,0,0,0,,,0.42071599483217514
20260124_084550,2026-01-24T08:54:40.539783,15cedc7a9730972b927f01fdf3bc98946ca1b50a,lifetime_reward,8x8,25899,-0.5760011672973633,0.03576305454265503,1.0,0,0,0,,,0.4206827820315495
20260124_084550,2026-01-24T08:54:42.579183,15cedc7a9730972b927f01fdf3bc98946ca1b50a,lifetime_reward,8x8,25999,-0.45299357175827026,0.0373932660476589,1.0,0,0,0,,,0.42073000997224064
20260124_084550,2026-01-24T08:54:44.596086,15cedc7a9730972b927f01fdf3bc98946ca1b50a,lifetime_reward,8x8,26099,-0.6917831897735596,0.036627258397977876,1.0,0,0,0,,,0.4207366501018732
20260124_084550,2026-01-24T08:54:46.625795,15cedc7a9730972b927f01fdf3bc98946ca1b50a,lifetime_reward,8x8,26199,-0.22935132682323456,0.03579108166272239,1.0,0,0,0,,,0.4207113177714622
20260124_084550,2026-01-24T08:54:48.628209,15cedc7a9730972b927f01fdf3bc98946ca1b50a,lifetime_reward,8x8,26299,-0.37529802322387695,0.036199875403275454,1.0,0,0,0,,,0.4207185004526107
20260124_084550,2026-01-24T08:54:50.597122,15cedc7a9730972b927f01fdf3bc98946ca1b50a,lifetime_reward,8x8,26399,-0.26712581515312195,0.03653407744470054,1.0,0,0,0,,,0.42074605368043116
20260124_084550,2026-01-24T08:54:52.663780,15cedc7a9730972b927f01fdf3bc98946ca1b50a,lifetime_reward,8x8,26499,-0.2642841339111328,0.03765116666944845,1.0,0,0,0,,,0.42074794595436216
20260124_084550,2026-01-24T08:54:54.729731,15cedc7a9730972b927f01fdf3bc98946ca1b50a,lifetime_reward,8x8,26599,-0.5437877774238586,0.03577215387793562,1.0,0,0,0,,,0.42067369956695727
20260124_084550,2026-01-24T08:54:56.771733,15cedc7a9730972b927f01fdf3bc98946ca1b50a,lifetime_reward,8x8,26699,-0.403831422328949,0.03730272904900598,1.0,0,0,0,,,0.4207228784193931
20260124_084550,2026-01-24T08:54:58.811362,15cedc7a9730972b927f01fdf3bc98946ca1b50a,lifetime_reward,8x8,26799,-0.7727754712104797,0.036516295978845675,1.0,0,0,0,,,0.42074989916769867
20260124_084550,2026-01-24T08:55:00.885766,15cedc7a9730972b927f01fdf3bc98946ca1b50a,lifetime_reward,8x8,26899,-0.2778520882129669,0.03851257412681698,1.0,0,0,0,,,0.4206910587008905
20260124_084550,2026-01-24T08:55:02.926272,15cedc7a9730972b927f01fdf3bc98946ca1b50a,lifetime_reward,8x8,26999,-0.5432097911834717,0.03531059027628952,1.0,0,0,0,,,0.42067517345922434
20260124_084550,2026-01-24T08:55:04.924580,15cedc7a9730972b927f01fdf3bc98946ca1b50a,lifetime_reward,8x8,27099,-0.2644181549549103,0.03641096671095697,1.0,0,0,0,,,0.4207340390327682
20260124_084550,2026-01-24T08:55:07.004958,15cedc7a9730972b927f01fdf3bc98946ca1b50a,lifetime_reward,8x8,27199,-0.38180071115493774,0.037406714781272526,1.0,0,0,0,,,0.4207224597494768
20260124_084550,2026-01-24T08:55:09.090384,15cedc7a9730972b927f01fdf3bc98946ca1b50a,lifetime_reward,8x8,27299,-0.7919723987579346,0.037837971236088,1.0,0,0,0,,,0.4207432770493573
20260124_084550,2026-01-24T08:55:11.133378,15cedc7a9730972b927f01fdf3bc98946ca1b50a,lifetime_reward,8x8,27399,-0.564136266708374,0.03691006117703599,1.0,0,0,0,,,0.4207548339848745
20260124_084550,2026-01-24T08:55:13.142778,15cedc7a9730972b927f01fdf3bc98946ca1b50a,lifetime_reward,8x8,27499,-0.17791609466075897,0.03735181162586975,1.0,0,0,0,,,0.42074970872672757
20260124_084550,2026-01-24T08:55:15.109534,15cedc7a9730972b927f01fdf3bc98946ca1b50a,lifetime_reward,8x8,27599,-0.23322205245494843,0.03774194425587351,1.0,0,0,0,,,0.4207475616735127
20260124_084550,2026-01-24T08:55:17.154601,15cedc7a9730972b927f01fdf3bc98946ca1b50a,lifetime_reward,8x8,27699,-0.3727250099182129,0.03817195105249656,1.0,0,0,0,,,0.42071836528967976
20260124_084550,2026-01-24T08:55:19.168031,15cedc7a9730972b927f01fdf3bc98946ca1b50a,lifetime_reward,8x8,27799,-0.32235556840896606,0.03868307842668074,1.0,0,0,0,,,0.420671966009438
20260124_084550,2026-01-24T08:55:21.144220,15cedc7a9730972b927f01fdf3bc98946ca1b50a,lifetime_reward,8x8,27899,-0.372094064950943,0.03700363850663765,1.0,0,0,0,,,0.42075682140231085
20260124_084550,2026-01-24T08:55:23.138992,15cedc7a9730972b927f01fdf3bc98946ca1b50a,lifetime_reward,8x8,27999,-0.3546987771987915,0.03700876524388242,1.0,0,0,0,,,0.4207423298163578
20260124_084550,2026-01-24T08:55:25.152731,15cedc7a9730972b927f01fdf3bc98946ca1b50a,lifetime_reward,8x8,28099,-0.6281084418296814,0.037260743485134695,1.0,0,0,0,,,0.42075553982051356
20260124_084550,2026-01-24T08:55:27.197709,15cedc7a9730972b927f01fdf3bc98946ca1b50a,lifetime_reward,8x8,28199,-0.3087112605571747,0.036363855227146795,1.0,0,0,0,,,0.42074631142143326
20260124_084550,2026-01-24T08:55:29.230080,15cedc7a9730972b927f01fdf3bc98946ca1b50a,lifetime_reward,8x8,28299,-0.1932596117258072,0.03875226470529232,1.0,0,0,0,,,0.4206988247195821
20260124_084550,2026-01-24T08:55:31.304696,15cedc7a9730972b927f01fdf3bc98946ca1b50a,lifetime_reward,8x8,28399,0.0003370344638824463,0.03836539130172968,1.0,0,0,0,,,0.4207140374601618
20260124_084550,2026-01-24T08:55:33.942868,15cedc7a9730972b927f01fdf3bc98946ca1b50a,lifetime_reward,8x8,28499,-0.4658733010292053,0.036585415308612895,1.0,0,0,0,,,0.4207486683544821
20260124_084550,2026-01-24T08:55:36.387227,15cedc7a9730972b927f01fdf3bc98946ca1b50a,lifetime_reward,8x8,28599,-0.4318057596683502,0.03555692213373341,1.0,0,0,0,,,0.42070734047208913
20260124_084550,2026-01-24T08:55:38.450671,15cedc7a9730972b927f01fdf3bc98946ca1b50a,lifetime_reward,8x8,28699,-0.354635626077652,0.036675770986740706,1.0,0,0,0,,,0.42075768013133286
20260124_084550,2026-01-24T08:55:40.504535,15cedc7a9730972b927f01fdf3bc98946ca1b50a,lifetime_reward,8x8,28799,-0.36586111783981323,0.0361344634422302,1.0,0,0,0,,,0.420731640509319
20260124_084550,2026-01-24T08:55:42.495714,15cedc7a9730972b927f01fdf3bc98946ca1b50a,lifetime_reward,8x8,28899,-0.5459257364273071,0.035298066301109966,1.0,0,0,0,,,0.42062425472739784
20260124_084550,2026-01-24T08:55:44.536288,15cedc7a9730972b927f01fdf3bc98946ca1b50a,lifetime_reward,8x8,28999,-0.8345248699188232,0.036527812278337304,1.0,0,0,0,,,0.4207433067056191
20260124_084550,2026-01-24T08:55:46.616749,15cedc7a9730972b927f01fdf3bc98946ca1b50a,lifetime_reward,8x8,29099,-0.4469718933105469,0.03643930049642189,1.0,0,0,0,,,0.42074561755513495
20260124_084550,2026-01-24T08:55:48.642326,15cedc7a9730972b927f01fdf3bc98946ca1b50a,lifetime_reward,8x8,29199,-0.686640202999115,0.03653887794993559,1.0,0,0,0,,,0.4207505619321112
20260124_084550,2026-01-24T08:55:50.660550,15cedc7a9730972b927f01fdf3bc98946ca1b50a,lifetime_reward,8x8,29299,-0.33989498019218445,0.03691199515440431,1.0,0,0,0,,,0.4207624602632447
20260124_084550,2026-01-24T08:55:52.778007,15cedc7a9730972b927f01fdf3bc98946ca1b50a,lifetime_reward,8x8,29399,-0.20992529392242432,0.037383528775657975,1.0,0,0,0,,,0.420759129779801
20260124_084550,2026-01-24T08:55:54.855069,15cedc7a9730972b927f01fdf3bc98946ca1b50a,lifetime_reward,8x8,29499,-0.5571132898330688,0.035834568239855556,1.0,0,0,0,,,0.4207006979537533
20260124_084550,2026-01-24T08:55:57.013565,15cedc7a9730972b927f01fdf3bc98946ca1b50a,lifetime_reward,8x8,29599,-0.43473076820373535,0.03587053957619106,1.0,0,0,0,,,0.4207135339671126
20260124_084550,2026-01-24T08:55:59.020632,15cedc7a9730972b927f01fdf3bc98946ca1b50a,lifetime_reward,8x8,29699,0.3159645199775696,0.03662318601533486,1.0,0,0,0,,,0.42076079363389424
20260124_084550,2026-01-24T08:56:01.182262,15cedc7a9730972b927f01fdf3bc98946ca1b50a,lifetime_reward,8x8,29799,-0.6671882271766663,0.03647916191016701,1.0,0,0,0,,,0.4207604372385846
20260124_084550,2026-01-24T08:56:03.298959,15cedc7a9730972b927f01fdf3bc98946ca1b50a,lifetime_reward,8x8,29899,-0.5466185808181763,0.03813811121119406,1.0,0,0,0,,,0.42072487697475774
20260124_084550,2026-01-24T08:56:05.384266,15cedc7a9730972b927f01fdf3bc98946ca1b50a,lifetime_reward,8x8,29999,-0.6223506331443787,0.036456657743036275,1.0,0,0,0,,,0.4207504352095903
20260124_084550,2026-01-24T08:56:07.435255,15cedc7a9730972b927f01fdf3bc98946ca1b50a,lifetime_reward,8x8,30099,-0.28391435742378235,0.03526756683633247,1.0,0,0,0,,,0.4206914248214313
20260124_084550,2026-01-24T08:56:09.595729,15cedc7a9730972b927f01fdf3bc98946ca1b50a,lifetime_reward,8x8,30199,-0.10531696677207947,0.03598853119734247,1.0,0,0,0,,,0.420750333896337
20260124_084550,2026-01-24T08:56:11.646479,15cedc7a9730972b927f01fdf3bc98946ca1b50a,lifetime_reward,8x8,30299,-0.7402446269989014,0.035703241361367155,1.0,0,0,0,,,0.4207072267157535
20260124_084550,2026-01-24T08:56:13.654240,15cedc7a9730972b927f01fdf3bc98946ca1b50a,lifetime_reward,8x8,30399,-0.6064571142196655,0.036459413739349175,1.0,0,0,0,,,0.4207575577232511
20260124_084550,2026-01-24T08:56:15.682761,15cedc7a9730972b927f01fdf3bc98946ca1b50a,lifetime_reward,8x8,30499,-0.055150218307971954,0.03668299133699055,1.0,0,0,0,,,0.42076134183903185
20260124_084550,2026-01-24T08:56:17.716035,15cedc7a9730972b927f01fdf3bc98946ca1b50a,lifetime_reward,8x8,30599,-0.49726539850234985,0.035769868247302786,1.0,0,0,0,,,0.4207095337260114
20260124_084550,2026-01-24T08:56:19.749408,15cedc7a9730972b927f01fdf3bc98946ca1b50a,lifetime_reward,8x8,30699,-0.4654034376144409,0.03755045003059841,1.0,0,0,0,,,0.42072000002105164
20260124_084550,2026-01-24T08:56:21.790601,15cedc7a9730972b927f01fdf3bc98946ca1b50a,lifetime_reward,8x8,30799,-0.5536694526672363,0.03615254370653438,1.0,0,0,0,,,0.4207368604486951
20260124_084550,2026-01-24T08:56:23.767487,15cedc7a9730972b927f01fdf3bc98946ca1b50a,lifetime_reward,8x8,30899,-0.307187557220459,0.03480522743423552,1.0,0,0,0,,,0.4206363782081185
20260124_084550,2026-01-24T08:56:25.791934,15cedc7a9730972b927f01fdf3bc98946ca1b50a,lifetime_reward,8x8,30999,-0.6543999910354614,0.034973384585459934,1.0,0,0,0,,,0.4206567754778291
20260124_084550,2026-01-24T08:56:27.800461,15cedc7a9730972b927f01fdf3bc98946ca1b50a,lifetime_reward,8x8,31099,-0.09084368497133255,0.03626186014306699,1.0,0,0,0,,,0.42073504515172366
20260124_084550,2026-01-24T08:56:29.762545,15cedc7a9730972b927f01fdf3bc98946ca1b50a,lifetime_reward,8x8,31199,-0.758441686630249,0.03725660374010213,1.0,0,0,0,,,0.4207395657064795
20260124_084550,2026-01-24T08:56:31.753449,15cedc7a9730972b927f01fdf3bc98946ca1b50a,lifetime_reward,8x8,31299,-0.5005829930305481,0.037799498650775996,1.0,0,0,0,,,0.4207433575117947
20260124_084550,2026-01-24T08:56:34.425736,15cedc7a9730972b927f01fdf3bc98946ca1b50a,lifetime_reward,8x8,31399,-0.3980911076068878,0.03665699418242916,1.0,0,0,0,,,0.4207619720611349
20260124_084550,2026-01-24T08:56:36.455441,15cedc7a9730972b927f01fdf3bc98946ca1b50a,lifetime_reward,8x8,31499,-0.5076084136962891,0.03627594027350947,1.0,0,0,0,,,0.4207500656922445
20260124_084550,2026-01-24T08:56:38.450846,15cedc7a9730972b927f01fdf3bc98946ca1b50a,lifetime_reward,8x8,31599,-0.5077888369560242,0.03693448216674758,1.0,0,0,0,,,0.42075169952731484
20260124_084550,2026-01-24T08:56:40.435117,15cedc7a9730972b927f01fdf3bc98946ca1b50a,lifetime_reward,8x8,31699,-0.33775338530540466,0.036719979568841016,1.0,0,0,0,,,0.42076146028863626
20260124_084550,2026-01-24T08:56:42.506319,15cedc7a9730972b927f01fdf3bc98946ca1b50a,lifetime_reward,8x8,31799,-0.23177170753479004,0.03672972427482044,1.0,0,0,0,,,0.4207625132094092
20260124_084550,2026-01-24T08:56:44.566574,15cedc7a9730972b927f01fdf3bc98946ca1b50a,lifetime_reward,8x8,31899,-0.49204209446907043,0.03685619049276058,1.0,0,0,0,,,0.42074815774868896
20260124_084550,2026-01-24T08:56:46.522025,15cedc7a9730972b927f01fdf3bc98946ca1b50a,lifetime_reward,8x8,31999,-0.43543756008148193,0.03579023683964865,1.0,0,0,0,,,0.4206698041151485
20260124_084550,2026-01-24T08:56:48.532400,15cedc7a9730972b927f01fdf3bc98946ca1b50a,lifetime_reward,8x8,32099,-0.208947092294693,0.03745605328332699,1.0,0,0,0,,,0.4207576791157619
20260124_084550,2026-01-24T08:56:50.537694,15cedc7a9730972b927f01fdf3bc98946ca1b50a,lifetime_reward,8x8,32199,-0.2765650749206543,0.0357292990978828,1.0,0,0,0,,,0.42073283383489735
20260124_084550,2026-01-24T08:56:52.494999,15cedc7a9730972b927f01fdf3bc98946ca1b50a,lifetime_reward,8x8,32299,-0.36782124638557434,0.03625915367544864,1.0,0,0,0,,,0.4207590437008959
20260124_084550,2026-01-24T08:56:54.464972,15cedc7a9730972b927f01fdf3bc98946ca1b50a,lifetime_reward,8x8,32399,-0.7744090557098389,0.03758815845494429,1.0,0,0,0,,,0.42071929017195325
20260124_084550,2026-01-24T08:56:56.419253,15cedc7a9730972b927f01fdf3bc98946ca1b50a,lifetime_reward,8x8,32499,-0.5882964134216309,0.03877726835531643,1.0,0,0,0,,,0.420649325878163
20260124_084550,2026-01-24T08:56:58.466843,15cedc7a9730972b927f01fdf3bc98946ca1b50a,lifetime_reward,8x8,32599,-0.4657651484012604,0.036342263786617694,1.0,0,0,0,,,0.4207284377671957
20260124_084550,2026-01-24T08:57:00.441151,15cedc7a9730972b927f01fdf3bc98946ca1b50a,lifetime_reward,8x8,32699,-0.5201266407966614,0.03825659072423955,1.0,0,0,0,,,0.4206284584045779
20260124_084550,2026-01-24T08:57:02.458807,15cedc7a9730972b927f01fdf3bc98946ca1b50a,lifetime_reward,8x8,32799,-0.4488913118839264,0.036848163577968794,1.0,0,0,0,,,0.42076007644139013
20260124_084550,2026-01-24T08:57:04.461942,15cedc7a9730972b927f01fdf3bc98946ca1b50a,lifetime_reward,8x8,32899,-0.3933010995388031,0.03705373297634374,1.0,0,0,0,,,0.4207570791916115
20260124_084550,2026-01-24T08:57:06.452067,15cedc7a9730972b927f01fdf3bc98946ca1b50a,lifetime_reward,8x8,32999,-0.5714579820632935,0.036564482170300686,1.0,0,0,0,,,0.4207629122375506
20260124_084550,2026-01-24T08:57:08.409428,15cedc7a9730972b927f01fdf3bc98946ca1b50a,lifetime_reward,8x8,33099,-0.5063585638999939,0.03692471864502789,1.0,0,0,0,,,0.42076364826793955
20260124_084550,2026-01-24T08:57:10.444446,15cedc7a9730972b927f01fdf3bc98946ca1b50a,lifetime_reward,8x8,33199,-0.07054691761732101,0.037311999920762035,1.0,0,0,0,,,0.4207439243520983
20260124_084550,2026-01-24T08:57:12.469067,15cedc7a9730972b927f01fdf3bc98946ca1b50a,lifetime_reward,8x8,33299,-0.6213474273681641,0.03616028508439787,1.0,0,0,0,,,0.420756105353181
20260124_084550,2026-01-24T08:57:14.467072,15cedc7a9730972b927f01fdf3bc98946ca1b50a,lifetime_reward,8x8,33399,-0.5645952224731445,0.03741402121367829,1.0,0,0,0,,,0.42075645969912956
20260124_084550,2026-01-24T08:57:16.492317,15cedc7a9730972b927f01fdf3bc98946ca1b50a,lifetime_reward,8x8,33499,-0.5308973789215088,0.03723949702964182,1.0,0,0,0,,,0.42073522998488433
20260124_084550,2026-01-24T08:57:18.517806,15cedc7a9730972b927f01fdf3bc98946ca1b50a,lifetime_reward,8x8,33599,-0.4499396085739136,0.03605733281559376,1.0,0,0,0,,,0.4207625709890986
20260124_084550,2026-01-24T08:57:20.538721,15cedc7a9730972b927f01fdf3bc98946ca1b50a,lifetime_reward,8x8,33699,-0.28748035430908203,0.036399573638086914,1.0,0,0,0,,,0.42074471354294907
20260124_084550,2026-01-24T08:57:22.576290,15cedc7a9730972b927f01fdf3bc98946ca1b50a,lifetime_reward,8x8,33799,-0.3359842002391815,0.0366552389786039,1.0,0,0,0,,,0.42076544720498843
20260124_084550,2026-01-24T08:57:24.566523,15cedc7a9730972b927f01fdf3bc98946ca1b50a,lifetime_reward,8x8,33899,-0.41435176134109497,0.03500983200105624,1.0,0,0,0,,,0.4206777797844763
20260124_084550,2026-01-24T08:57:26.588694,15cedc7a9730972b927f01fdf3bc98946ca1b50a,lifetime_reward,8x8,33999,-0.3495635986328125,0.037448467007197825,1.0,0,0,0,,,0.420730767469219
20260124_084550,2026-01-24T08:57:28.593791,15cedc7a9730972b927f01fdf3bc98946ca1b50a,lifetime_reward,8x8,34099,-0.422061562538147,0.03699845293888227,1.0,0,0,0,,,0.42076425314222854
20260124_084550,2026-01-24T08:57:30.614150,15cedc7a9730972b927f01fdf3bc98946ca1b50a,lifetime_reward,8x8,34199,0.024813547730445862,0.037456851392351984,1.0,0,0,0,,,0.42074771117332777
20260124_084550,2026-01-24T08:57:32.770589,15cedc7a9730972b927f01fdf3bc98946ca1b50a,lifetime_reward,8x8,34299,-0.23946918547153473,0.038611887903228156,1.0,0,0,0,,,0.4206689815411062
20260124_084550,2026-01-24T08:57:35.409861,15cedc7a9730972b927f01fdf3bc98946ca1b50a,lifetime_reward,8x8,34399,-0.3892127573490143,0.03721348390361166,1.0,0,0,0,,,0.42074251764880655
20260124_084550,2026-01-24T08:57:37.465466,15cedc7a9730972b927f01fdf3bc98946ca1b50a,lifetime_reward,8x8,34499,-0.35770905017852783,0.03748722758719803,1.0,0,0,0,,,0.42074662595613394
20260124_084550,2026-01-24T08:57:39.442463,15cedc7a9730972b927f01fdf3bc98946ca1b50a,lifetime_reward,8x8,34599,-0.4841354489326477,0.03592531913310062,1.0,0,0,0,,,0.4207468819518164
20260124_084550,2026-01-24T08:57:41.448970,15cedc7a9730972b927f01fdf3bc98946ca1b50a,lifetime_reward,8x8,34699,-0.5254703760147095,0.035691486335544836,1.0,0,0,0,,,0.4207419245973403
20260124_084550,2026-01-24T08:57:43.438235,15cedc7a9730972b927f01fdf3bc98946ca1b50a,lifetime_reward,8x8,34799,-0.19149045646190643,0.03725072079141359,1.0,0,0,0,,,0.4207590805217851
20260124_084550,2026-01-24T08:57:45.405357,15cedc7a9730972b927f01fdf3bc98946ca1b50a,lifetime_reward,8x8,34899,-0.14034023880958557,0.03688191779299634,1.0,0,0,0,,,0.42076639593447007
20260124_084550,2026-01-24T08:57:47.447030,15cedc7a9730972b927f01fdf3bc98946ca1b50a,lifetime_reward,8x8,34999,-0.6243510246276855,0.03624863762556099,1.0,0,0,0,,,0.42076376895218043
20260124_084550,2026-01-24T08:57:49.456422,15cedc7a9730972b927f01fdf3bc98946ca1b50a,lifetime_reward,8x8,35099,-0.5749795436859131,0.036463483531901014,1.0,0,0,0,,,0.4207604303210803
20260124_084550,2026-01-24T08:57:51.468331,15cedc7a9730972b927f01fdf3bc98946ca1b50a,lifetime_reward,8x8,35199,-0.5492814779281616,0.03624327890226042,1.0,0,0,0,,,0.4207533379391891
20260124_084550,2026-01-24T08:57:53.452800,15cedc7a9730972b927f01fdf3bc98946ca1b50a,lifetime_reward,8x8,35299,-0.6736568808555603,0.037272244130596,1.0,0,0,0,,,0.42074722126371367
20260124_084550,2026-01-24T08:57:55.435050,15cedc7a9730972b927f01fdf3bc98946ca1b50a,lifetime_reward,8x8,35399,-0.5404155254364014,0.03560638575390938,1.0,0,0,0,,,0.4206936667985096
20260124_084550,2026-01-24T08:57:57.386731,15cedc7a9730972b927f01fdf3bc98946ca1b50a,lifetime_reward,8x8,35499,-0.7133446335792542,0.03660092600601644,1.0,0,0,0,,,0.4207610814323754
20260124_084550,2026-01-24T08:57:59.416346,15cedc7a9730972b927f01fdf3bc98946ca1b50a,lifetime_reward,8x8,35599,-0.5269372463226318,0.03705464288954362,1.0,0,0,0,,,0.4207545044920179
20260124_084550,2026-01-24T08:58:01.440289,15cedc7a9730972b927f01fdf3bc98946ca1b50a,lifetime_reward,8x8,35699,-0.5159156322479248,0.036197917379538536,1.0,0,0,0,,,0.42074991611408796
20260124_084550,2026-01-24T08:58:03.451984,15cedc7a9730972b927f01fdf3bc98946ca1b50a,lifetime_reward,8x8,35799,-0.25117161870002747,0.03564613499822356,1.0,0,0,0,,,0.42070319019590996
20260124_084550,2026-01-24T08:58:05.411189,15cedc7a9730972b927f01fdf3bc98946ca1b50a,lifetime_reward,8x8,35899,-0.19450432062149048,0.03639502837932922,1.0,0,0,0,,,0.42076743839276864
20260124_084550,2026-01-24T08:58:07.401042,15cedc7a9730972b927f01fdf3bc98946ca1b50a,lifetime_reward,8x8,35999,-0.5347936749458313,0.03541480404589947,1.0,0,0,0,,,0.42070707684671876
20260124_084550,2026-01-24T08:58:09.445913,15cedc7a9730972b927f01fdf3bc98946ca1b50a,lifetime_reward,8x8,36099,-0.08108069002628326,0.03751950635793378,1.0,0,0,0,,,0.42075453646991823
20260124_084550,2026-01-24T08:58:11.511755,15cedc7a9730972b927f01fdf3bc98946ca1b50a,lifetime_reward,8x8,36199,-0.41747942566871643,0.03715774903415492,1.0,0,0,0,,,0.42069825574432174
20260124_084550,2026-01-24T08:58:13.540874,15cedc7a9730972b927f01fdf3bc98946ca1b50a,lifetime_reward,8x8,36299,-0.35247868299484253,0.03596238775318845,1.0,0,0,0,,,0.42075453952518316
20260124_084550,2026-01-24T08:58:15.593399,15cedc7a9730972b927f01fdf3bc98946ca1b50a,lifetime_reward,8x8,36399,-0.624348521232605,0.03575316470516544,1.0,0,0,0,,,0.4207622330984012
20260124_084550,2026-01-24T08:58:17.602684,15cedc7a9730972b927f01fdf3bc98946ca1b50a,lifetime_reward,8x8,36499,-0.5241429209709167,0.036828026949468524,1.0,0,0,0,,,0.42076173061898026
20260124_084550,2026-01-24T08:58:19.612981,15cedc7a9730972b927f01fdf3bc98946ca1b50a,lifetime_reward,8x8,36599,-0.4867851734161377,0.03647129956433468,1.0,0,0,0,,,0.4207515460033533
20260124_084550,2026-01-24T08:58:21.568529,15cedc7a9730972b927f01fdf3bc98946ca1b50a,lifetime_reward,8x8,36699,-0.3327082693576813,0.036737783493941197,1.0,0,0,0,,,0.4207684690235427
20260124_084550,2026-01-24T08:58:23.614413,15cedc7a9730972b927f01fdf3bc98946ca1b50a,lifetime_reward,8x8,36799,-0.3791626989841461,0.0361455106765386,1.0,0,0,0,,,0.4207523340570861
20260124_084550,2026-01-24T08:58:25.581204,15cedc7a9730972b927f01fdf3bc98946ca1b50a,lifetime_reward,8x8,36899,-0.5493772029876709,0.037627074872725895,1.0,0,0,0,,,0.4207190678160342
20260124_084550,2026-01-24T08:58:27.585780,15cedc7a9730972b927f01fdf3bc98946ca1b50a,lifetime_reward,8x8,36999,-0.5777925848960876,0.0352997771886415,1.0,0,0,0,,,0.4207204755578837
20260124_084550,2026-01-24T08:58:29.592873,15cedc7a9730972b927f01fdf3bc98946ca1b50a,lifetime_reward,8x8,37099,-0.6150835752487183,0.03689822837710732,1.0,0,0,0,,,0.4207618425465821
20260124_084550,2026-01-24T08:58:31.586763,15cedc7a9730972b927f01fdf3bc98946ca1b50a,lifetime_reward,8x8,37199,-0.2836447060108185,0.03567724408899654,1.0,0,0,0,,,0.4207276014888208
20260124_084550,2026-01-24T08:58:34.079187,15cedc7a9730972b927f01fdf3bc98946ca1b50a,lifetime_reward,8x8,37299,-0.26108643412590027,0.03603468061381101,1.0,0,0,0,,,0.4207367510277462
20260124_084550,2026-01-24T08:58:36.108791,15cedc7a9730972b927f01fdf3bc98946ca1b50a,lifetime_reward,8x8,37399,-0.43921709060668945,0.035459842153320445,1.0,0,0,0,,,0.42074882137776315
20260124_084550,2026-01-24T08:58:38.136269,15cedc7a9730972b927f01fdf3bc98946ca1b50a,lifetime_reward,8x8,37499,-0.6602479219436646,0.0371346720352955,1.0,0,0,0,,,0.42075989570264555
20260124_084550,2026-01-24T08:58:40.097981,15cedc7a9730972b927f01fdf3bc98946ca1b50a,lifetime_reward,8x8,37599,-0.33146628737449646,0.03593539817338022,1.0,0,0,0,,,0.4207369927715219
20260124_084550,2026-01-24T08:58:42.111118,15cedc7a9730972b927f01fdf3bc98946ca1b50a,lifetime_reward,8x8,37699,0.03082858771085739,0.037599571503752226,1.0,0,0,0,,,0.42072534916566773
20260124_084550,2026-01-24T08:58:44.117561,15cedc7a9730972b927f01fdf3bc98946ca1b50a,lifetime_reward,8x8,37799,-0.21222539246082306,0.03642772309704609,1.0,0,0,0,,,0.42074793602096083
20260124_084550,2026-01-24T08:58:46.109145,15cedc7a9730972b927f01fdf3bc98946ca1b50a,lifetime_reward,8x8,37899,-0.2119501531124115,0.03639812861091623,1.0,0,0,0,,,0.42074316555959806
20260124_084550,2026-01-24T08:58:48.084365,15cedc7a9730972b927f01fdf3bc98946ca1b50a,lifetime_reward,8x8,37999,-0.7783479690551758,0.0364596350761205,1.0,0,0,0,,,0.4207575839746448
20260124_084550,2026-01-24T08:58:50.171778,15cedc7a9730972b927f01fdf3bc98946ca1b50a,lifetime_reward,8x8,38099,-0.3407711982727051,0.03484740873618598,1.0,0,0,0,,,0.4206910321484508
20260124_084550,2026-01-24T08:58:52.121413,15cedc7a9730972b927f01fdf3bc98946ca1b50a,lifetime_reward,8x8,38199,-0.0833120122551918,0.037727643650206935,1.0,0,0,0,,,0.4207250826354397
20260124_084550,2026-01-24T08:58:54.099132,15cedc7a9730972b927f01fdf3bc98946ca1b50a,lifetime_reward,8x8,38299,-0.5897259712219238,0.03710418290767382,1.0,0,0,0,,,0.42073806797695723
20260124_084550,2026-01-24T08:58:56.101590,15cedc7a9730972b927f01fdf3bc98946ca1b50a,lifetime_reward,8x8,38399,-0.36894506216049194,0.03731008379439144,1.0,0,0,0,,,0.4207558676437325
20260124_084550,2026-01-24T08:58:58.129261,15cedc7a9730972b927f01fdf3bc98946ca1b50a,lifetime_reward,8x8,38499,-0.2842213213443756,0.035876346723388235,1.0,0,0,0,,,0.4207665772856376
20260124_084550,2026-01-24T08:59:00.176589,15cedc7a9730972b927f01fdf3bc98946ca1b50a,lifetime_reward,8x8,38599,-0.20320379734039307,0.036981163913772826,1.0,0,0,0,,,0.4207522262414163
20260124_084550,2026-01-24T08:59:02.148462,15cedc7a9730972b927f01fdf3bc98946ca1b50a,lifetime_reward,8x8,38699,-0.25324177742004395,0.036819074414879485,1.0,0,0,0,,,0.4207624448993218
20260124_084550,2026-01-24T08:59:04.103278,15cedc7a9730972b927f01fdf3bc98946ca1b50a,lifetime_reward,8x8,38799,-0.42429685592651367,0.036249164650106885,1.0,0,0,0,,,0.42076456398361994
20260124_084550,2026-01-24T08:59:06.105818,15cedc7a9730972b927f01fdf3bc98946ca1b50a,lifetime_reward,8x8,38899,-0.7659343481063843,0.03745740039535943,1.0,0,0,0,,,0.42063201873706907
20260124_084550,2026-01-24T08:59:08.132735,15cedc7a9730972b927f01fdf3bc98946ca1b50a,lifetime_reward,8x8,38999,-0.4554766118526459,0.035192932768310266,1.0,0,0,0,,,0.4207066684688046
20260124_084550,2026-01-24T08:59:10.154375,15cedc7a9730972b927f01fdf3bc98946ca1b50a,lifetime_reward,8x8,39099,-0.3021705150604248,0.03552986175632002,1.0,0,0,0,,,0.420751370902231
20260124_084550,2026-01-24T08:59:12.156188,15cedc7a9730972b927f01fdf3bc98946ca1b50a,lifetime_reward,8x8,39199,-0.406392365694046,0.03461990402410795,1.0,0,0,0,,,0.4207034605806306
20260124_084550,2026-01-24T08:59:14.175190,15cedc7a9730972b927f01fdf3bc98946ca1b50a,lifetime_reward,8x8,39299,-0.33917099237442017,0.03705208101141402,1.0,0,0,0,,,0.4207211938488872
20260124_084550,2026-01-24T08:59:16.148354,15cedc7a9730972b927f01fdf3bc98946ca1b50a,lifetime_reward,8x8,39399,-0.2227638065814972,0.03460018319672149,1.0,0,0,0,,,0.4206444520642781
20260124_084550,2026-01-24T08:59:18.164772,15cedc7a9730972b927f01fdf3bc98946ca1b50a,lifetime_reward,8x8,39499,-0.3599327802658081,0.036063934884101846,1.0,0,0,0,,,0.42076686371986793
20260124_084550,2026-01-24T08:59:20.192043,15cedc7a9730972b927f01fdf3bc98946ca1b50a,lifetime_reward,8x8,39599,-0.6378271579742432,0.03584159387572731,1.0,0,0,0,,,0.42075808575511775
20260124_084550,2026-01-24T08:59:22.209533,15cedc7a9730972b927f01fdf3bc98946ca1b50a,lifetime_reward,8x8,39699,-0.16161391139030457,0.036215397369214176,1.0,0,0,0,,,0.4207667773330437
20260124_084550,2026-01-24T08:59:24.228939,15cedc7a9730972b927f01fdf3bc98946ca1b50a,lifetime_reward,8x8,39799,-0.34328150749206543,0.03555473891549461,1.0,0,0,0,,,0.42073460166712573
20260124_084550,2026-01-24T08:59:26.253358,15cedc7a9730972b927f01fdf3bc98946ca1b50a,lifetime_reward,8x8,39899,-0.2546812891960144,0.03530521438334302,1.0,0,0,0,,,0.4207498215861868
20260124_084550,2026-01-24T08:59:28.350102,15cedc7a9730972b927f01fdf3bc98946ca1b50a,lifetime_reward,8x8,39999,-0.23533302545547485,0.03610157189324781,1.0,0,0,0,,,0.420743249311072
20260124_084550,2026-01-24T08:59:30.371369,15cedc7a9730972b927f01fdf3bc98946ca1b50a,lifetime_reward,8x8,40099,-0.49038416147232056,0.03528110856702578,1.0,0,0,0,,,0.42069719771273767
20260124_084550,2026-01-24T08:59:32.486548,15cedc7a9730972b927f01fdf3bc98946ca1b50a,lifetime_reward,8x8,40199,-0.2042255848646164,0.03752508249971742,1.0,0,0,0,,,0.4207346392417778
20260124_084550,2026-01-24T08:59:35.122189,15cedc7a9730972b927f01fdf3bc98946ca1b50a,lifetime_reward,8x8,40299,-0.14074155688285828,0.03539761622469967,1.0,0,0,0,,,0.42073039961778225
20260124_084550,2026-01-24T08:59:37.084716,15cedc7a9730972b927f01fdf3bc98946ca1b50a,lifetime_reward,8x8,40399,-0.23694610595703125,0.03783418570201855,1.0,0,0,0,,,0.4206164778030564
20260124_084550,2026-01-24T08:59:39.082694,15cedc7a9730972b927f01fdf3bc98946ca1b50a,lifetime_reward,8x8,40499,-0.250806987285614,0.0358526731005515,1.0,0,0,0,,,0.420761391588505
20260124_084550,2026-01-24T08:59:41.110391,15cedc7a9730972b927f01fdf3bc98946ca1b50a,lifetime_reward,8x8,40599,-0.6664084792137146,0.037058051758967564,1.0,0,0,0,,,0.4207456425987163
20260124_084550,2026-01-24T08:59:43.053677,15cedc7a9730972b927f01fdf3bc98946ca1b50a,lifetime_reward,8x8,40699,-0.16228753328323364,0.03625449111070628,1.0,0,0,0,,,0.4207713114159436
20260124_084550,2026-01-24T08:59:45.055547,15cedc7a9730972b927f01fdf3bc98946ca1b50a,lifetime_reward,8x8,40799,-0.2918717861175537,0.037706991952547134,1.0,0,0,0,,,0.42067127800093995
20260124_084550,2026-01-24T08:59:47.082091,15cedc7a9730972b927f01fdf3bc98946ca1b50a,lifetime_reward,8x8,40899,-0.5727623105049133,0.03628769300343822,1.0,0,0,0,,,0.42076873412216015
20260124_084550,2026-01-24T08:59:49.121910,15cedc7a9730972b927f01fdf3bc98946ca1b50a,lifetime_reward,8x8,40999,-0.2664834260940552,0.0378988969538133,1.0,0,0,0,,,0.4206316229569014
20260124_084550,2026-01-24T08:59:51.150160,15cedc7a9730972b927f01fdf3bc98946ca1b50a,lifetime_reward,8x8,41099,-0.7427489161491394,0.03654816165464291,1.0,0,0,0,,,0.4207665594971235
20260124_084550,2026-01-24T08:59:53.099913,15cedc7a9730972b927f01fdf3bc98946ca1b50a,lifetime_reward,8x8,41199,-0.3617824614048004,0.0367326459638589,1.0,0,0,0,,,0.4207172227055099
20260124_084550,2026-01-24T08:59:55.095525,15cedc7a9730972b927f01fdf3bc98946ca1b50a,lifetime_reward,8x8,41299,-0.7029505968093872,0.03612091559599531,1.0,0,0,0,,,0.4207682830488227
20260124_084550,2026-01-24T08:59:57.063099,15cedc7a9730972b927f01fdf3bc98946ca1b50a,lifetime_reward,8x8,41399,-0.3107410669326782,0.03616696927443459,1.0,0,0,0,,,0.420769012246466
20260124_084550,2026-01-24T08:59:59.088661,15cedc7a9730972b927f01fdf3bc98946ca1b50a,lifetime_reward,8x8,41499,-0.5068840980529785,0.03408384518079485,1.0,0,0,0,,,0.4206537310951019
20260124_084550,2026-01-24T09:00:01.118165,15cedc7a9730972b927f01fdf3bc98946ca1b50a,lifetime_reward,8x8,41599,-0.33786845207214355,0.036603566438259356,1.0,0,0,0,,,0.4207700644022976
20260124_084550,2026-01-24T09:00:03.104687,15cedc7a9730972b927f01fdf3bc98946ca1b50a,lifetime_reward,8x8,41699,-0.6805294752120972,0.03723501325804358,1.0,0,0,0,,,0.4207030177901818
20260124_084550,2026-01-24T09:00:05.114769,15cedc7a9730972b927f01fdf3bc98946ca1b50a,lifetime_reward,8x8,41799,-0.36585548520088196,0.03624471139629081,1.0,0,0,0,,,0.42076015428304214
20260124_084550,2026-01-24T09:00:07.163167,15cedc7a9730972b927f01fdf3bc98946ca1b50a,lifetime_reward,8x8,41899,-0.375236451625824,0.037735628037520355,1.0,0,0,0,,,0.42070054330818835
20260124_084550,2026-01-24T09:00:09.211421,15cedc7a9730972b927f01fdf3bc98946ca1b50a,lifetime_reward,8x8,41999,-0.3820035755634308,0.03602791288621205,1.0,0,0,0,,,0.4207652975944445
20260124_084550,2026-01-24T09:00:11.165432,15cedc7a9730972b927f01fdf3bc98946ca1b50a,lifetime_reward,8x8,42099,-0.11546140909194946,0.035064900774062116,1.0,0,0,0,,,0.42068111146435905
20260124_084550,2026-01-24T09:00:13.143942,15cedc7a9730972b927f01fdf3bc98946ca1b50a,lifetime_reward,8x8,42199,-0.21837589144706726,0.03569733993324948,1.0,0,0,0,,,0.42076873293480854
20260124_084550,2026-01-24T09:00:15.166002,15cedc7a9730972b927f01fdf3bc98946ca1b50a,lifetime_reward,8x8,42299,-0.4351545572280884,0.035317978555650546,1.0,0,0,0,,,0.4207594673195545
20260124_084550,2026-01-24T09:00:17.124832,15cedc7a9730972b927f01fdf3bc98946ca1b50a,lifetime_reward,8x8,42399,-0.38513287901878357,0.03617309825224666,1.0,0,0,0,,,0.4207544523019616
20260124_084550,2026-01-24T09:00:19.167788,15cedc7a9730972b927f01fdf3bc98946ca1b50a,lifetime_reward,8x8,42499,-0.24397820234298706,0.03461387515474443,1.0,0,0,0,,,0.42056398838595555
20260124_084550,2026-01-24T09:00:21.183326,15cedc7a9730972b927f01fdf3bc98946ca1b50a,lifetime_reward,8x8,42599,-0.5857879519462585,0.0376536043481781,1.0,0,0,0,,,0.420722276267535
20260124_084550,2026-01-24T09:00:23.234942,15cedc7a9730972b927f01fdf3bc98946ca1b50a,lifetime_reward,8x8,42699,-0.8056350946426392,0.034897840170815375,1.0,0,0,0,,,0.4207305611419999
20260124_084550,2026-01-24T09:00:25.283116,15cedc7a9730972b927f01fdf3bc98946ca1b50a,lifetime_reward,8x8,42799,-0.1936100572347641,0.03667074149799658,1.0,0,0,0,,,0.4207663368751969
20260124_084550,2026-01-24T09:00:27.293983,15cedc7a9730972b927f01fdf3bc98946ca1b50a,lifetime_reward,8x8,42899,-0.4018499255180359,0.03568771331535755,1.0,0,0,0,,,0.4207449354143035
20260124_084550,2026-01-24T09:00:29.338540,15cedc7a9730972b927f01fdf3bc98946ca1b50a,lifetime_reward,8x8,42999,-0.6765088438987732,0.03631434154414825,1.0,0,0,0,,,0.4207715707082425
20260124_084550,2026-01-24T09:00:31.344792,15cedc7a9730972b927f01fdf3bc98946ca1b50a,lifetime_reward,8x8,43099,-0.22333206236362457,0.037799623554942346,1.0,0,0,0,,,0.42067063693395557
20260124_084550,2026-01-24T09:00:33.625254,15cedc7a9730972b927f01fdf3bc98946ca1b50a,lifetime_reward,8x8,43199,-0.41168707609176636,0.03672020514410375,1.0,0,0,0,,,0.4207285899584825
20260124_084550,2026-01-24T09:00:35.902335,15cedc7a9730972b927f01fdf3bc98946ca1b50a,lifetime_reward,8x8,43299,-0.33969372510910034,0.03491008241079145,1.0,0,0,0,,,0.4207350201593066
20260124_084550,2026-01-24T09:00:37.877132,15cedc7a9730972b927f01fdf3bc98946ca1b50a,lifetime_reward,8x8,43399,-0.7515650391578674,0.03632605111664192,1.0,0,0,0,,,0.4207646736445746
20260124_084550,2026-01-24T09:00:39.872880,15cedc7a9730972b927f01fdf3bc98946ca1b50a,lifetime_reward,8x8,43499,-0.25833529233932495,0.03591460030739666,1.0,0,0,0,,,0.420767131796707
20260124_084550,2026-01-24T09:00:41.862622,15cedc7a9730972b927f01fdf3bc98946ca1b50a,lifetime_reward,8x8,43599,-0.74667888879776,0.03523735167488693,1.0,0,0,0,,,0.4207589798015964
20260124_084550,2026-01-24T09:00:43.865388,15cedc7a9730972b927f01fdf3bc98946ca1b50a,lifetime_reward,8x8,43699,-0.2784385085105896,0.036159335184723085,1.0,0,0,0,,,0.4207615095235691
20260124_084550,2026-01-24T09:00:45.910774,15cedc7a9730972b927f01fdf3bc98946ca1b50a,lifetime_reward,8x8,43799,-0.4347328841686249,0.03569420205046741,1.0,0,0,0,,,0.4207670381928079
20260124_084550,2026-01-24T09:00:47.928305,15cedc7a9730972b927f01fdf3bc98946ca1b50a,lifetime_reward,8x8,43899,-0.44726455211639404,0.03675168485275582,1.0,0,0,0,,,0.4206884386187075
20260124_084550,2026-01-24T09:00:50.018716,15cedc7a9730972b927f01fdf3bc98946ca1b50a,lifetime_reward,8x8,43999,-0.28040260076522827,0.035443556853178126,1.0,0,0,0,,,0.42075504469681124
20260124_084550,2026-01-24T09:00:52.019420,15cedc7a9730972b927f01fdf3bc98946ca1b50a,lifetime_reward,8x8,44099,-0.4032737612724304,0.0357976027585692,1.0,0,0,0,,,0.42077164419020663
20260124_084550,2026-01-24T09:00:54.027145,15cedc7a9730972b927f01fdf3bc98946ca1b50a,lifetime_reward,8x8,44199,-0.3024880886077881,0.035585197830147484,1.0,0,0,0,,,0.4207698004203597
20260124_084550,2026-01-24T09:00:56.063933,15cedc7a9730972b927f01fdf3bc98946ca1b50a,lifetime_reward,8x8,44299,-0.32968735694885254,0.034465499185058285,1.0,0,0,0,,,0.4207022589405218
20260124_084550,2026-01-24T09:00:58.017330,15cedc7a9730972b927f01fdf3bc98946ca1b50a,lifetime_reward,8x8,44399,-0.29020509123802185,0.035481483400330714,1.0,0,0,0,,,0.42072638800122514
20260124_084550,2026-01-24T09:00:59.974884,15cedc7a9730972b927f01fdf3bc98946ca1b50a,lifetime_reward,8x8,44499,-0.24059365689754486,0.03426956685066922,1.0,0,0,0,,,0.4206331022840013
20260124_084550,2026-01-24T09:01:01.985734,15cedc7a9730972b927f01fdf3bc98946ca1b50a,lifetime_reward,8x8,44599,-0.5124040842056274,0.03571843362025027,1.0,0,0,0,,,0.4207662341607644
20260124_084550,2026-01-24T09:01:03.960717,15cedc7a9730972b927f01fdf3bc98946ca1b50a,lifetime_reward,8x8,44699,-0.6466971635818481,0.035709532079418384,1.0,0,0,0,,,0.4207690651740708
20260124_084550,2026-01-24T09:01:05.921920,15cedc7a9730972b927f01fdf3bc98946ca1b50a,lifetime_reward,8x8,44799,-0.3586493134498596,0.036449077971870476,1.0,0,0,0,,,0.4207060042247607
20260124_084550,2026-01-24T09:01:07.953155,15cedc7a9730972b927f01fdf3bc98946ca1b50a,lifetime_reward,8x8,44899,-0.5483270287513733,0.03519798469798022,1.0,0,0,0,,,0.4207505530025559
20260124_084550,2026-01-24T09:01:09.917006,15cedc7a9730972b927f01fdf3bc98946ca1b50a,lifetime_reward,8x8,44999,-0.4996775984764099,0.034133628339389654,1.0,0,0,0,,,0.4206242634159058
20260124_084550,2026-01-24T09:01:11.916978,15cedc7a9730972b927f01fdf3bc98946ca1b50a,lifetime_reward,8x8,45099,-0.20225875079631805,0.035477260946571734,1.0,0,0,0,,,0.4207676058042111
20260124_084550,2026-01-24T09:01:13.910706,15cedc7a9730972b927f01fdf3bc98946ca1b50a,lifetime_reward,8x8,45199,-0.5467981100082397,0.036770748589460715,1.0,0,0,0,,,0.42074866547453943
20260124_084550,2026-01-24T09:01:15.872361,15cedc7a9730972b927f01fdf3bc98946ca1b50a,lifetime_reward,8x8,45299,-0.5440781712532043,0.03642667229206939,1.0,0,0,0,,,0.4207674917687166
20260124_084550,2026-01-24T09:01:17.820749,15cedc7a9730972b927f01fdf3bc98946ca1b50a,lifetime_reward,8x8,45399,-0.39861610531806946,0.03595655896122961,1.0,0,0,0,,,0.420769432823084
20260124_084550,2026-01-24T09:01:19.825067,15cedc7a9730972b927f01fdf3bc98946ca1b50a,lifetime_reward,8x8,45499,-0.39336252212524414,0.037509236380094686,1.0,0,0,0,,,0.42065013204677537
20260124_084550,2026-01-24T09:01:21.820113,15cedc7a9730972b927f01fdf3bc98946ca1b50a,lifetime_reward,8x8,45599,-0.6889767050743103,0.03528319706285313,1.0,0,0,0,,,0.42074779526755357
20260124_084550,2026-01-24T09:01:23.830554,15cedc7a9730972b927f01fdf3bc98946ca1b50a,lifetime_reward,8x8,45699,-0.38266652822494507,0.036700040819544665,1.0,0,0,0,,,0.42074937241702615
20260124_084550,2026-01-24T09:01:25.821752,15cedc7a9730972b927f01fdf3bc98946ca1b50a,lifetime_reward,8x8,45799,-0.402510404586792,0.036352826700585913,1.0,0,0,0,,,0.42076108682635927
20260124_084550,2026-01-24T09:01:27.787859,15cedc7a9730972b927f01fdf3bc98946ca1b50a,lifetime_reward,8x8,45899,-0.6357505917549133,0.035900015030068254,1.0,0,0,0,,,0.42076800688392124
20260124_084550,2026-01-24T09:01:29.774625,15cedc7a9730972b927f01fdf3bc98946ca1b50a,lifetime_reward,8x8,45999,-0.3565165400505066,0.03503348535333309,1.0,0,0,0,,,0.4207502119118466
20260124_084550,2026-01-24T09:01:31.748164,15cedc7a9730972b927f01fdf3bc98946ca1b50a,lifetime_reward,8x8,46099,-0.144235759973526,0.03553255158742768,1.0,0,0,0,,,0.420769967763633
20260124_084550,2026-01-24T09:01:34.278907,15cedc7a9730972b927f01fdf3bc98946ca1b50a,lifetime_reward,8x8,46199,-0.2842356264591217,0.03590206140638133,1.0,0,0,0,,,0.4207615062853329
20260124_084550,2026-01-24T09:01:36.320570,15cedc7a9730972b927f01fdf3bc98946ca1b50a,lifetime_reward,8x8,46299,-0.4015529155731201,0.03630283980898979,1.0,0,0,0,,,0.42076906940439424
20260124_084550,2026-01-24T09:01:38.324016,15cedc7a9730972b927f01fdf3bc98946ca1b50a,lifetime_reward,8x8,46399,-0.24655961990356445,0.035780827144169726,1.0,0,0,0,,,0.42076105683865084
20260124_084550,2026-01-24T09:01:40.269271,15cedc7a9730972b927f01fdf3bc98946ca1b50a,lifetime_reward,8x8,46499,-0.274127334356308,0.03608001257440554,1.0,0,0,0,,,0.42074767922982037
20260124_084550,2026-01-24T09:01:42.218613,15cedc7a9730972b927f01fdf3bc98946ca1b50a,lifetime_reward,8x8,46599,-0.3335397243499756,0.036366714160723436,1.0,0,0,0,,,0.4207708441825346
20260124_084550,2026-01-24T09:01:44.236734,15cedc7a9730972b927f01fdf3bc98946ca1b50a,lifetime_reward,8x8,46699,-0.13643981516361237,0.035821062123375845,1.0,0,0,0,,,0.42076949167796707
20260124_084550,2026-01-24T09:01:46.257489,15cedc7a9730972b927f01fdf3bc98946ca1b50a,lifetime_reward,8x8,46799,-0.20407405495643616,0.03688899364483463,1.0,0,0,0,,,0.42074379996969363
20260124_084550,2026-01-24T09:01:48.278399,15cedc7a9730972b927f01fdf3bc98946ca1b50a,lifetime_reward,8x8,46899,-0.472164124250412,0.03727698010769641,1.0,0,0,0,,,0.420714176651259
20260124_084550,2026-01-24T09:01:50.403604,15cedc7a9730972b927f01fdf3bc98946ca1b50a,lifetime_reward,8x8,46999,-0.46824318170547485,0.036151070044020434,1.0,0,0,0,,,0.4207738506090234
20260124_084550,2026-01-24T09:01:52.432912,15cedc7a9730972b927f01fdf3bc98946ca1b50a,lifetime_reward,8x8,47099,-0.6776230335235596,0.03565758789919296,1.0,0,0,0,,,0.4207104483523074
20260124_084550,2026-01-24T09:01:54.485613,15cedc7a9730972b927f01fdf3bc98946ca1b50a,lifetime_reward,8x8,47199,-0.4433661997318268,0.03818952002294063,1.0,0,0,0,,,0.4206318192217062
20260124_084550,2026-01-24T09:01:56.531429,15cedc7a9730972b927f01fdf3bc98946ca1b50a,lifetime_reward,8x8,47299,-0.36487916111946106,0.03691386534999277,1.0,0,0,0,,,0.4207413477384928
20260124_084550,2026-01-24T09:01:58.594728,15cedc7a9730972b927f01fdf3bc98946ca1b50a,lifetime_reward,8x8,47399,-0.4612610638141632,0.036263672430375614,1.0,0,0,0,,,0.4207723216148198
20260124_084550,2026-01-24T09:02:00.659248,15cedc7a9730972b927f01fdf3bc98946ca1b50a,lifetime_reward,8x8,47499,-0.3192595839500427,0.034965355386646677,1.0,0,0,0,,,0.4207613224784559
20260124_084550,2026-01-24T09:02:02.670437,15cedc7a9730972b927f01fdf3bc98946ca1b50a,lifetime_reward,8x8,47599,-0.47002261877059937,0.035861817226823176,1.0,0,0,0,,,0.4207762582539333
20260124_084550,2026-01-24T09:02:04.635984,15cedc7a9730972b927f01fdf3bc98946ca1b50a,lifetime_reward,8x8,47699,-0.11731277406215668,0.0365008258614652,1.0,0,0,0,,,0.42076879903604214
20260124_084550,2026-01-24T09:02:06.659008,15cedc7a9730972b927f01fdf3bc98946ca1b50a,lifetime_reward,8x8,47799,-0.1315663754940033,0.03667462136797652,1.0,0,0,0,,,0.4207262658440305
20260124_084550,2026-01-24T09:02:08.718233,15cedc7a9730972b927f01fdf3bc98946ca1b50a,lifetime_reward,8x8,47899,0.050729282200336456,0.03570490102671926,1.0,0,0,0,,,0.42076740060576956
20260124_084550,2026-01-24T09:02:10.750108,15cedc7a9730972b927f01fdf3bc98946ca1b50a,lifetime_reward,8x8,47999,-0.37509846687316895,0.035292246650866776,1.0,0,0,0,,,0.42072667508427697
20260124_084550,2026-01-24T09:02:12.712909,15cedc7a9730972b927f01fdf3bc98946ca1b50a,lifetime_reward,8x8,48099,-0.3778619170188904,0.03672827911687416,1.0,0,0,0,,,0.420734732186545
20260124_084550,2026-01-24T09:02:14.672573,15cedc7a9730972b927f01fdf3bc98946ca1b50a,lifetime_reward,8x8,48199,-0.16300325095653534,0.03453080406320079,1.0,0,0,0,,,0.42073713543251523
20260124_084550,2026-01-24T09:02:16.642829,15cedc7a9730972b927f01fdf3bc98946ca1b50a,lifetime_reward,8x8,48299,-0.5478442907333374,0.03499032873992229,1.0,0,0,0,,,0.4207256308893491
20260124_084550,2026-01-24T09:02:18.621762,15cedc7a9730972b927f01fdf3bc98946ca1b50a,lifetime_reward,8x8,48399,-0.677669882774353,0.03543326438164341,1.0,0,0,0,,,0.4207697821306061
20260124_084550,2026-01-24T09:02:20.615177,15cedc7a9730972b927f01fdf3bc98946ca1b50a,lifetime_reward,8x8,48499,-0.05863983556628227,0.0361051205026174,1.0,0,0,0,,,0.4207717043790964
20260124_084550,2026-01-24T09:02:22.641379,15cedc7a9730972b927f01fdf3bc98946ca1b50a,lifetime_reward,8x8,48599,-0.5393692851066589,0.0358532901923389,1.0,0,0,0,,,0.4207604257455347
20260124_084550,2026-01-24T09:02:24.665573,15cedc7a9730972b927f01fdf3bc98946ca1b50a,lifetime_reward,8x8,48699,-0.27668067812919617,0.03678436744716219,1.0,0,0,0,,,0.42068978567706405
20260124_084550,2026-01-24T09:02:26.683752,15cedc7a9730972b927f01fdf3bc98946ca1b50a,lifetime_reward,8x8,48799,-0.4952486753463745,0.03574592511621152,1.0,0,0,0,,,0.42077157253866904
20260124_084550,2026-01-24T09:02:28.729702,15cedc7a9730972b927f01fdf3bc98946ca1b50a,lifetime_reward,8x8,48899,-0.3450804352760315,0.03683876541458574,1.0,0,0,0,,,0.4207146972159247
20260124_084550,2026-01-24T09:02:30.711904,15cedc7a9730972b927f01fdf3bc98946ca1b50a,lifetime_reward,8x8,48999,-0.5560676455497742,0.035905699487262036,1.0,0,0,0,,,0.42077363217053587
20260124_084550,2026-01-24T09:02:32.930790,15cedc7a9730972b927f01fdf3bc98946ca1b50a,lifetime_reward,8x8,49099,-0.7890653610229492,0.034481793388608156,1.0,0,0,0,,,0.42066130704692906
20260124_084550,2026-01-24T09:02:35.544992,15cedc7a9730972b927f01fdf3bc98946ca1b50a,lifetime_reward,8x8,49199,-0.5258782505989075,0.034331045971671116,1.0,0,0,0,,,0.4207368461515644
20260124_084550,2026-01-24T09:02:37.512190,15cedc7a9730972b927f01fdf3bc98946ca1b50a,lifetime_reward,8x8,49299,-0.25920891761779785,0.03540552062479541,1.0,0,0,0,,,0.4207627339596427
20260124_084550,2026-01-24T09:02:39.515384,15cedc7a9730972b927f01fdf3bc98946ca1b50a,lifetime_reward,8x8,49399,-0.35438936948776245,0.03432421086226159,1.0,0,0,0,,,0.4207278900312047
20260124_084550,2026-01-24T09:02:41.440831,15cedc7a9730972b927f01fdf3bc98946ca1b50a,lifetime_reward,8x8,49499,-0.22199855744838715,0.03687449768186635,1.0,0,0,0,,,0.42073761815542426
20260124_084550,2026-01-24T09:02:43.388194,15cedc7a9730972b927f01fdf3bc98946ca1b50a,lifetime_reward,8x8,49599,-0.40462979674339294,0.03755031424747604,1.0,0,0,0,,,0.42068644383510123
20260124_084550,2026-01-24T09:02:45.388350,15cedc7a9730972b927f01fdf3bc98946ca1b50a,lifetime_reward,8x8,49699,-0.18859928846359253,0.035954637808865965,1.0,0,0,0,,,0.42077472380739633
20260124_084550,2026-01-24T09:02:47.336120,15cedc7a9730972b927f01fdf3bc98946ca1b50a,lifetime_reward,8x8,49799,-0.44134825468063354,0.035142466997489644,1.0,0,0,0,,,0.4207556804357441
20260124_084550,2026-01-24T09:02:49.311795,15cedc7a9730972b927f01fdf3bc98946ca1b50a,lifetime_reward,8x8,49899,-0.3911672830581665,0.0347788367524727,1.0,0,0,0,,,0.4207620575851914
20260124_084550,2026-01-24T09:02:51.270133,15cedc7a9730972b927f01fdf3bc98946ca1b50a,lifetime_reward,8x8,49999,-0.2864494323730469,0.035274084245766446,1.0,0,0,0,,,0.42077149688748317
20260124_084550,2026-01-24T09:02:51.824101,15cedc7a9730972b927f01fdf3bc98946ca1b50a,lifetime_reward,16x16,0,0.5545410513877869,0.25319474707303014,1.0,0,0,0,,,-0.4377776985252073
20260124_084550,2026-01-24T09:02:54.247884,15cedc7a9730972b927f01fdf3bc98946ca1b50a,lifetime_reward,16x16,99,0.059069231152534485,0.17414604227080419,1.0,0,0,0,,,0.17152536193903634
20260124_084550,2026-01-24T09:02:56.460437,15cedc7a9730972b927f01fdf3bc98946ca1b50a,lifetime_reward,16x16,199,-0.60770583152771,0.09622141458268743,1.0,0,0,0,,,0.35531085080360153
20260124_084550,2026-01-24T09:02:59.064603,15cedc7a9730972b927f01fdf3bc98946ca1b50a,lifetime_reward,16x16,299,-0.06949865818023682,0.07826835143619974,1.0,0,0,0,,,0.38274098626997427
20260124_084550,2026-01-24T09:03:01.270773,15cedc7a9730972b927f01fdf3bc98946ca1b50a,lifetime_reward,16x16,399,-0.27832746505737305,0.06434369876347773,1.0,0,0,0,,,0.3964835495275133
20260124_084550,2026-01-24T09:03:03.579505,15cedc7a9730972b927f01fdf3bc98946ca1b50a,lifetime_reward,16x16,499,-0.2968558371067047,0.06128517171324347,1.0,0,0,0,,,0.40221680383391323
20260124_084550,2026-01-24T09:03:05.983152,15cedc7a9730972b927f01fdf3bc98946ca1b50a,lifetime_reward,16x16,599,-0.13750366866588593,0.0581832081360335,1.0,0,0,0,,,0.4060363989839817
20260124_084550,2026-01-24T09:03:08.381971,15cedc7a9730972b927f01fdf3bc98946ca1b50a,lifetime_reward,16x16,699,-0.5758017897605896,0.05580872616061242,1.0,0,0,0,,,0.40878116973106166
20260124_084550,2026-01-24T09:03:10.875671,15cedc7a9730972b927f01fdf3bc98946ca1b50a,lifetime_reward,16x16,799,-0.2393372356891632,0.05257249813985254,1.0,0,0,0,,,0.41079419696363284
20260124_084550,2026-01-24T09:03:13.786103,15cedc7a9730972b927f01fdf3bc98946ca1b50a,lifetime_reward,16x16,899,-0.529495358467102,0.05233124620310264,1.0,0,0,0,,,0.4124254944418959
20260124_084550,2026-01-24T09:03:16.159477,15cedc7a9730972b927f01fdf3bc98946ca1b50a,lifetime_reward,16x16,999,-0.46020132303237915,0.050830078074613996,1.0,0,0,0,,,0.4136767548273554
20260124_084550,2026-01-24T09:03:18.379082,15cedc7a9730972b927f01fdf3bc98946ca1b50a,lifetime_reward,16x16,1099,-0.38486671447753906,0.04882181752262113,1.0,0,0,0,,,0.4146519137917025
20260124_084550,2026-01-24T09:03:20.709815,15cedc7a9730972b927f01fdf3bc98946ca1b50a,lifetime_reward,16x16,1199,-0.45260360836982727,0.050107526485153354,1.0,0,0,0,,,0.41536307042499826
20260124_084550,2026-01-24T09:03:23.049897,15cedc7a9730972b927f01fdf3bc98946ca1b50a,lifetime_reward,16x16,1299,-0.2414497435092926,0.04898191548327304,1.0,0,0,0,,,0.4160816871605339
20260124_084550,2026-01-24T09:03:25.300121,15cedc7a9730972b927f01fdf3bc98946ca1b50a,lifetime_reward,16x16,1399,-0.4474976658821106,0.04641874535391253,1.0,0,0,0,,,0.4166987733607912
20260124_084550,2026-01-24T09:03:27.520407,15cedc7a9730972b927f01fdf3bc98946ca1b50a,lifetime_reward,16x16,1499,-0.45766037702560425,0.04586797075637151,1.0,0,0,0,,,0.41702509899914697
20260124_084550,2026-01-24T09:03:29.805325,15cedc7a9730972b927f01fdf3bc98946ca1b50a,lifetime_reward,16x16,1599,-0.29017359018325806,0.046220571437988835,1.0,0,0,0,,,0.4175403005823679
20260124_084550,2026-01-24T09:03:32.029698,15cedc7a9730972b927f01fdf3bc98946ca1b50a,lifetime_reward,16x16,1699,-0.2581191956996918,0.04526767575076519,1.0,0,0,0,,,0.41786108003468625
20260124_084550,2026-01-24T09:03:34.343952,15cedc7a9730972b927f01fdf3bc98946ca1b50a,lifetime_reward,16x16,1799,-0.5156261920928955,0.045667256318083674,1.0,0,0,0,,,0.4181513649357745
20260124_084550,2026-01-24T09:03:36.618435,15cedc7a9730972b927f01fdf3bc98946ca1b50a,lifetime_reward,16x16,1899,-0.4041493237018585,0.04541866050716635,1.0,0,0,0,,,0.41839114979947556
20260124_084550,2026-01-24T09:03:38.943709,15cedc7a9730972b927f01fdf3bc98946ca1b50a,lifetime_reward,16x16,1999,-0.19367706775665283,0.04519059670274146,1.0,0,0,0,,,0.4186503303898388
20260124_084550,2026-01-24T09:03:41.161004,15cedc7a9730972b927f01fdf3bc98946ca1b50a,lifetime_reward,16x16,2099,-0.6504673957824707,0.044513030215803155,1.0,0,0,0,,,0.4188958436381537
20260124_084550,2026-01-24T09:03:43.497058,15cedc7a9730972b927f01fdf3bc98946ca1b50a,lifetime_reward,16x16,2199,-0.6304901838302612,0.04417274368377548,1.0,0,0,0,,,0.41907164021073856
20260124_084550,2026-01-24T09:03:45.713454,15cedc7a9730972b927f01fdf3bc98946ca1b50a,lifetime_reward,16x16,2299,-0.2873483896255493,0.04339996695738591,1.0,0,0,0,,,0.419191737759152
20260124_084550,2026-01-24T09:03:47.997312,15cedc7a9730972b927f01fdf3bc98946ca1b50a,lifetime_reward,16x16,2399,-0.33422181010246277,0.04303884288437985,1.0,0,0,0,,,0.4193234626476279
20260124_084550,2026-01-24T09:03:50.312464,15cedc7a9730972b927f01fdf3bc98946ca1b50a,lifetime_reward,16x16,2499,-0.33851194381713867,0.04201641095085506,1.0,0,0,0,,,0.41935397889908904
20260124_084550,2026-01-24T09:03:52.768210,15cedc7a9730972b927f01fdf3bc98946ca1b50a,lifetime_reward,16x16,2599,-0.5159368515014648,0.0459879401062608,1.0,0,0,0,,,0.4191978562034151
20260124_084550,2026-01-24T09:03:54.994305,15cedc7a9730972b927f01fdf3bc98946ca1b50a,lifetime_reward,16x16,2699,-0.3129100799560547,0.0436123450683499,1.0,0,0,0,,,0.41957815319495234
20260124_084550,2026-01-24T09:03:57.317750,15cedc7a9730972b927f01fdf3bc98946ca1b50a,lifetime_reward,16x16,2799,-0.2146017849445343,0.04230053673992188,1.0,0,0,0,,,0.41964280547410393
20260124_084550,2026-01-24T09:03:59.584000,15cedc7a9730972b927f01fdf3bc98946ca1b50a,lifetime_reward,16x16,2899,-0.2803646922111511,0.04230072227586788,1.0,0,0,0,,,0.41974401749970014
20260124_084550,2026-01-24T09:04:01.985474,15cedc7a9730972b927f01fdf3bc98946ca1b50a,lifetime_reward,16x16,2999,-0.1718062460422516,0.041703062570477414,1.0,0,0,0,,,0.4194988302713109
20260124_084550,2026-01-24T09:04:04.233318,15cedc7a9730972b927f01fdf3bc98946ca1b50a,lifetime_reward,16x16,3099,-0.07126256823539734,0.042898799798722395,1.0,0,0,0,,,0.41989999938256095
20260124_084550,2026-01-24T09:04:06.619232,15cedc7a9730972b927f01fdf3bc98946ca1b50a,lifetime_reward,16x16,3199,-0.38753822445869446,0.04187721046337629,1.0,0,0,0,,,0.41995736157760666
20260124_084550,2026-01-24T09:04:08.866422,15cedc7a9730972b927f01fdf3bc98946ca1b50a,lifetime_reward,16x16,3299,-0.33489733934402466,0.041442364702847956,1.0,0,0,0,,,0.41991303376906675
20260124_084550,2026-01-24T09:04:11.133847,15cedc7a9730972b927f01fdf3bc98946ca1b50a,lifetime_reward,16x16,3399,-0.30656054615974426,0.04330067859110613,1.0,0,0,0,,,0.42006537048873593
20260124_084550,2026-01-24T09:04:13.503870,15cedc7a9730972b927f01fdf3bc98946ca1b50a,lifetime_reward,16x16,3499,-0.5441492199897766,0.04350753205279261,1.0,0,0,0,,,0.42008345320944795
20260124_084550,2026-01-24T09:04:15.970917,15cedc7a9730972b927f01fdf3bc98946ca1b50a,lifetime_reward,16x16,3599,-0.5868343114852905,0.0429340845288857,1.0,0,0,0,,,0.4201418691120109
20260124_084550,2026-01-24T09:04:18.343820,15cedc7a9730972b927f01fdf3bc98946ca1b50a,lifetime_reward,16x16,3699,-0.10197190940380096,0.042843486604062946,1.0,0,0,0,,,0.4201830923488463
20260124_084550,2026-01-24T09:04:20.686219,15cedc7a9730972b927f01fdf3bc98946ca1b50a,lifetime_reward,16x16,3799,-0.47173941135406494,0.04183695649163042,1.0,0,0,0,,,0.4202061565002075
20260124_084550,2026-01-24T09:04:22.911733,15cedc7a9730972b927f01fdf3bc98946ca1b50a,lifetime_reward,16x16,3899,0.0637224018573761,0.04263412874298979,1.0,0,0,0,,,0.42023083738355116
20260124_084550,2026-01-24T09:04:25.350466,15cedc7a9730972b927f01fdf3bc98946ca1b50a,lifetime_reward,16x16,3999,-0.35012322664260864,0.04155602229718795,1.0,0,0,0,,,0.4203028703445549
20260124_084550,2026-01-24T09:04:27.682548,15cedc7a9730972b927f01fdf3bc98946ca1b50a,lifetime_reward,16x16,4099,-0.28455328941345215,0.04281668282158591,1.0,0,0,0,,,0.42028081783000615
20260124_084550,2026-01-24T09:04:30.155040,15cedc7a9730972b927f01fdf3bc98946ca1b50a,lifetime_reward,16x16,4199,-0.3172909915447235,0.041683379160737104,1.0,0,0,0,,,0.420211869642947
20260124_084550,2026-01-24T09:04:32.354084,15cedc7a9730972b927f01fdf3bc98946ca1b50a,lifetime_reward,16x16,4299,-0.3117632269859314,0.04089525395237445,1.0,0,0,0,,,0.4201235648134515
20260124_084550,2026-01-24T09:04:34.584071,15cedc7a9730972b927f01fdf3bc98946ca1b50a,lifetime_reward,16x16,4399,-0.47970810532569885,0.0422323120106239,1.0,0,0,0,,,0.42039159831545436
20260124_084550,2026-01-24T09:04:37.329013,15cedc7a9730972b927f01fdf3bc98946ca1b50a,lifetime_reward,16x16,4499,-0.37893015146255493,0.04087786752222201,1.0,0,0,0,,,0.42021633673519415
20260124_084550,2026-01-24T09:04:40.293400,15cedc7a9730972b927f01fdf3bc98946ca1b50a,lifetime_reward,16x16,4599,-0.31398171186447144,0.043123183165358514,1.0,0,0,0,,,0.42041996509362156
20260124_084550,2026-01-24T09:04:42.633557,15cedc7a9730972b927f01fdf3bc98946ca1b50a,lifetime_reward,16x16,4699,0.14230163395404816,0.04236927601171317,1.0,0,0,0,,,0.4204696119024827
20260124_084550,2026-01-24T09:04:44.822716,15cedc7a9730972b927f01fdf3bc98946ca1b50a,lifetime_reward,16x16,4799,-0.2863013744354248,0.04306380805320259,1.0,0,0,0,,,0.4203403003398388
20260124_084550,2026-01-24T09:04:47.194652,15cedc7a9730972b927f01fdf3bc98946ca1b50a,lifetime_reward,16x16,4899,-0.5441669821739197,0.04277416244572493,1.0,0,0,0,,,0.42050416021078507
20260124_084550,2026-01-24T09:04:49.586536,15cedc7a9730972b927f01fdf3bc98946ca1b50a,lifetime_reward,16x16,4999,-0.5956825017929077,0.04283098085394073,1.0,0,0,0,,,0.4204661402725437
20260124_084550,2026-01-24T09:04:51.842563,15cedc7a9730972b927f01fdf3bc98946ca1b50a,lifetime_reward,16x16,5099,-0.7221568822860718,0.04252579875879931,1.0,0,0,0,,,0.42053637530801863
20260124_084550,2026-01-24T09:04:54.158146,15cedc7a9730972b927f01fdf3bc98946ca1b50a,lifetime_reward,16x16,5199,-0.6732531785964966,0.04314187906273759,1.0,0,0,0,,,0.4204726359213917
20260124_084550,2026-01-24T09:04:56.469116,15cedc7a9730972b927f01fdf3bc98946ca1b50a,lifetime_reward,16x16,5299,-0.11379561573266983,0.04151136825623155,1.0,0,0,0,,,0.420376033045254
20260124_084550,2026-01-24T09:04:58.786170,15cedc7a9730972b927f01fdf3bc98946ca1b50a,lifetime_reward,16x16,5399,-0.3155796527862549,0.04201334269574332,1.0,0,0,0,,,0.42058445674674444
20260124_084550,2026-01-24T09:05:01.140632,15cedc7a9730972b927f01fdf3bc98946ca1b50a,lifetime_reward,16x16,5499,-0.6361960172653198,0.04094521780713379,1.0,0,0,0,,,0.4205280167387879
20260124_084550,2026-01-24T09:05:03.490970,15cedc7a9730972b927f01fdf3bc98946ca1b50a,lifetime_reward,16x16,5599,-0.41329649090766907,0.042189769287497965,1.0,0,0,0,,,0.4206156368788505
20260124_084550,2026-01-24T09:05:05.883875,15cedc7a9730972b927f01fdf3bc98946ca1b50a,lifetime_reward,16x16,5699,-0.16657334566116333,0.04010161768751892,1.0,0,0,0,,,0.42047728525055017
20260124_084550,2026-01-24T09:05:08.138130,15cedc7a9730972b927f01fdf3bc98946ca1b50a,lifetime_reward,16x16,5799,-0.47020867466926575,0.04102675759936055,1.0,0,0,0,,,0.420600939552765
20260124_084550,2026-01-24T09:05:10.475445,15cedc7a9730972b927f01fdf3bc98946ca1b50a,lifetime_reward,16x16,5899,-0.6512383222579956,0.04074221306224498,1.0,0,0,0,,,0.42060368677722687
20260124_084550,2026-01-24T09:05:12.880136,15cedc7a9730972b927f01fdf3bc98946ca1b50a,lifetime_reward,16x16,5999,-0.5333223342895508,0.04147791057938317,1.0,0,0,0,,,0.42063491160237454
20260124_084550,2026-01-24T09:05:15.260410,15cedc7a9730972b927f01fdf3bc98946ca1b50a,lifetime_reward,16x16,6099,-0.357784628868103,0.041416837154558656,1.0,0,0,0,,,0.42066551348782955
20260124_084550,2026-01-24T09:05:17.538107,15cedc7a9730972b927f01fdf3bc98946ca1b50a,lifetime_reward,16x16,6199,-0.2559744119644165,0.04115636931141914,1.0,0,0,0,,,0.42060826992213884
20260124_084550,2026-01-24T09:05:19.935696,15cedc7a9730972b927f01fdf3bc98946ca1b50a,lifetime_reward,16x16,6299,-0.5519046187400818,0.042113390395116176,1.0,0,0,0,,,0.4206894328834694
20260124_084550,2026-01-24T09:05:22.144050,15cedc7a9730972b927f01fdf3bc98946ca1b50a,lifetime_reward,16x16,6399,-0.4135016202926636,0.041321827386989494,1.0,0,0,0,,,0.4204866254442714
20260124_084550,2026-01-24T09:05:24.456422,15cedc7a9730972b927f01fdf3bc98946ca1b50a,lifetime_reward,16x16,6499,-0.5042226314544678,0.04321504105424928,1.0,0,0,0,,,0.42068345322550804
20260124_084550,2026-01-24T09:05:26.848176,15cedc7a9730972b927f01fdf3bc98946ca1b50a,lifetime_reward,16x16,6599,-0.6694437265396118,0.04268289589102856,1.0,0,0,0,,,0.42070788740547277
20260124_084550,2026-01-24T09:05:29.091006,15cedc7a9730972b927f01fdf3bc98946ca1b50a,lifetime_reward,16x16,6699,-0.11768794059753418,0.043542423949483454,1.0,0,0,0,,,0.4205622041660494
20260124_084550,2026-01-24T09:05:31.280834,15cedc7a9730972b927f01fdf3bc98946ca1b50a,lifetime_reward,16x16,6799,-0.6420495510101318,0.04101339175502547,1.0,0,0,0,,,0.420720196690895
20260124_084550,2026-01-24T09:05:33.487072,15cedc7a9730972b927f01fdf3bc98946ca1b50a,lifetime_reward,16x16,6899,-0.2245756834745407,0.04127756635703216,1.0,0,0,0,,,0.4207371461766797
20260124_084550,2026-01-24T09:05:35.897581,15cedc7a9730972b927f01fdf3bc98946ca1b50a,lifetime_reward,16x16,6999,-0.395260751247406,0.04033422980807402,1.0,0,0,0,,,0.4206801226036032
20260124_084550,2026-01-24T09:05:38.838144,15cedc7a9730972b927f01fdf3bc98946ca1b50a,lifetime_reward,16x16,7099,-0.4325755834579468,0.041871999472782834,1.0,0,0,0,,,0.42075762699152497
20260124_084550,2026-01-24T09:05:41.074155,15cedc7a9730972b927f01fdf3bc98946ca1b50a,lifetime_reward,16x16,7199,-0.36784911155700684,0.040481038993296296,1.0,0,0,0,,,0.4205193676273276
20260124_084550,2026-01-24T09:05:43.435894,15cedc7a9730972b927f01fdf3bc98946ca1b50a,lifetime_reward,16x16,7299,-0.5700380802154541,0.04125904198372665,1.0,0,0,0,,,0.420638224922706
20260124_084550,2026-01-24T09:05:45.778041,15cedc7a9730972b927f01fdf3bc98946ca1b50a,lifetime_reward,16x16,7399,-0.15913955867290497,0.043099561648023005,1.0,0,0,0,,,0.4205573604948155
20260124_084550,2026-01-24T09:05:48.157442,15cedc7a9730972b927f01fdf3bc98946ca1b50a,lifetime_reward,16x16,7499,-0.4910769462585449,0.03965350098109825,1.0,0,0,0,,,0.42036969119285833
20260124_084550,2026-01-24T09:05:50.427241,15cedc7a9730972b927f01fdf3bc98946ca1b50a,lifetime_reward,16x16,7599,-0.147095188498497,0.040610280324599846,1.0,0,0,0,,,0.42066515336832
20260124_084550,2026-01-24T09:05:52.838221,15cedc7a9730972b927f01fdf3bc98946ca1b50a,lifetime_reward,16x16,7699,-0.23036718368530273,0.04233911291378524,1.0,0,0,0,,,0.4207466548264646
20260124_084550,2026-01-24T09:05:55.129049,15cedc7a9730972b927f01fdf3bc98946ca1b50a,lifetime_reward,16x16,7799,-0.7566117644309998,0.04191995254818735,1.0,0,0,0,,,0.42078809271183665
20260124_084550,2026-01-24T09:05:57.599466,15cedc7a9730972b927f01fdf3bc98946ca1b50a,lifetime_reward,16x16,7899,-0.14182838797569275,0.042224215517860965,1.0,0,0,0,,,0.4207951620151197
20260124_084550,2026-01-24T09:06:00.138413,15cedc7a9730972b927f01fdf3bc98946ca1b50a,lifetime_reward,16x16,7999,-0.45061761140823364,0.04053893847126097,1.0,0,0,0,,,0.42073726492993185
20260124_084550,2026-01-24T09:06:02.770229,15cedc7a9730972b927f01fdf3bc98946ca1b50a,lifetime_reward,16x16,8099,-0.5993306040763855,0.040554383710616794,1.0,0,0,0,,,0.4205895157978202
20260124_084550,2026-01-24T09:06:05.207130,15cedc7a9730972b927f01fdf3bc98946ca1b50a,lifetime_reward,16x16,8199,-0.44285446405410767,0.04080838432260277,1.0,0,0,0,,,0.4207587891202318
20260124_084550,2026-01-24T09:06:07.704010,15cedc7a9730972b927f01fdf3bc98946ca1b50a,lifetime_reward,16x16,8299,-0.5026904940605164,0.04423331248144355,1.0,0,0,0,,,0.4205876662639599
20260124_084550,2026-01-24T09:06:10.119627,15cedc7a9730972b927f01fdf3bc98946ca1b50a,lifetime_reward,16x16,8399,-0.1448533684015274,0.043733692001042074,1.0,0,0,0,,,0.42031734604700866
20260124_084550,2026-01-24T09:06:12.656674,15cedc7a9730972b927f01fdf3bc98946ca1b50a,lifetime_reward,16x16,8499,-0.2999509572982788,0.04205825253717221,1.0,0,0,0,,,0.42082364569017144
20260124_084550,2026-01-24T09:06:15.001012,15cedc7a9730972b927f01fdf3bc98946ca1b50a,lifetime_reward,16x16,8599,-0.38910841941833496,0.04165612041503646,1.0,0,0,0,,,0.42082940602689145
20260124_084550,2026-01-24T09:06:17.269250,15cedc7a9730972b927f01fdf3bc98946ca1b50a,lifetime_reward,16x16,8699,-0.3717881143093109,0.041064340975967326,1.0,0,0,0,,,0.4208143703625962
20260124_084550,2026-01-24T09:06:19.669959,15cedc7a9730972b927f01fdf3bc98946ca1b50a,lifetime_reward,16x16,8799,-0.043698448687791824,0.044448978524376966,1.0,0,0,0,,,0.42041947111139055
20260124_084550,2026-01-24T09:06:22.000601,15cedc7a9730972b927f01fdf3bc98946ca1b50a,lifetime_reward,16x16,8899,-0.6321744918823242,0.04051012498083187,1.0,0,0,0,,,0.42072837660908924
20260124_084550,2026-01-24T09:06:24.318690,15cedc7a9730972b927f01fdf3bc98946ca1b50a,lifetime_reward,16x16,8999,-0.42714306712150574,0.04305011047647731,1.0,0,0,0,,,0.42071770990385
20260124_084550,2026-01-24T09:06:26.669434,15cedc7a9730972b927f01fdf3bc98946ca1b50a,lifetime_reward,16x16,9099,-0.2986113131046295,0.041614096137818704,1.0,0,0,0,,,0.42084563438217776
20260124_084550,2026-01-24T09:06:29.098580,15cedc7a9730972b927f01fdf3bc98946ca1b50a,lifetime_reward,16x16,9199,-0.33545055985450745,0.04235313226383324,1.0,0,0,0,,,0.42069909616138773
20260124_084550,2026-01-24T09:06:31.311205,15cedc7a9730972b927f01fdf3bc98946ca1b50a,lifetime_reward,16x16,9299,-0.4417092800140381,0.04297910243397869,1.0,0,0,0,,,0.4207113158288959
20260124_084550,2026-01-24T09:06:33.566448,15cedc7a9730972b927f01fdf3bc98946ca1b50a,lifetime_reward,16x16,9399,-0.7987557053565979,0.04175479575832469,1.0,0,0,0,,,0.4208482296548438
20260124_084550,2026-01-24T09:06:35.928028,15cedc7a9730972b927f01fdf3bc98946ca1b50a,lifetime_reward,16x16,9499,-0.6187843084335327,0.040225681740957954,1.0,0,0,0,,,0.4206465569406441
20260124_084550,2026-01-24T09:06:38.858433,15cedc7a9730972b927f01fdf3bc98946ca1b50a,lifetime_reward,16x16,9599,-0.32681524753570557,0.04290038578592231,1.0,0,0,0,,,0.4206803048133797
20260124_084550,2026-01-24T09:06:41.192297,15cedc7a9730972b927f01fdf3bc98946ca1b50a,lifetime_reward,16x16,9699,-0.30509448051452637,0.0421840742236418,1.0,0,0,0,,,0.4206729466982957
20260124_084550,2026-01-24T09:06:43.438456,15cedc7a9730972b927f01fdf3bc98946ca1b50a,lifetime_reward,16x16,9799,-0.58830726146698,0.042500526958481256,1.0,0,0,0,,,0.42073538753858397
20260124_084550,2026-01-24T09:06:45.772100,15cedc7a9730972b927f01fdf3bc98946ca1b50a,lifetime_reward,16x16,9899,-0.3996719717979431,0.04120582757665716,1.0,0,0,0,,,0.420856837498497
20260124_084550,2026-01-24T09:06:48.078151,15cedc7a9730972b927f01fdf3bc98946ca1b50a,lifetime_reward,16x16,9999,-0.3364669680595398,0.0403365402414147,1.0,0,0,0,,,0.42070167441027106
20260124_084550,2026-01-24T09:06:50.317691,15cedc7a9730972b927f01fdf3bc98946ca1b50a,lifetime_reward,16x16,10099,-0.6796108484268188,0.04187969146167575,1.0,0,0,0,,,0.4208732757208227
20260124_084550,2026-01-24T09:06:52.645562,15cedc7a9730972b927f01fdf3bc98946ca1b50a,lifetime_reward,16x16,10199,-0.39665091037750244,0.04255143481666375,1.0,0,0,0,,,0.4208199089902389
20260124_084550,2026-01-24T09:06:54.907171,15cedc7a9730972b927f01fdf3bc98946ca1b50a,lifetime_reward,16x16,10299,-0.12159864604473114,0.04206192498920359,1.0,0,0,0,,,0.42087191400597423
20260124_084550,2026-01-24T09:06:57.292848,15cedc7a9730972b927f01fdf3bc98946ca1b50a,lifetime_reward,16x16,10399,-0.3204917311668396,0.04239999880487305,1.0,0,0,0,,,0.4208700913992799
20260124_084550,2026-01-24T09:06:59.699144,15cedc7a9730972b927f01fdf3bc98946ca1b50a,lifetime_reward,16x16,10499,-0.4799376130104065,0.04197045174413915,1.0,0,0,0,,,0.42083057546507985
20260124_084550,2026-01-24T09:07:02.088627,15cedc7a9730972b927f01fdf3bc98946ca1b50a,lifetime_reward,16x16,10599,-0.6409131288528442,0.040930149908626846,1.0,0,0,0,,,0.4207641701346822
20260124_084550,2026-01-24T09:07:04.513370,15cedc7a9730972b927f01fdf3bc98946ca1b50a,lifetime_reward,16x16,10699,-0.7521463632583618,0.0415352763642386,1.0,0,0,0,,,0.42087849342981787
20260124_084550,2026-01-24T09:07:06.856394,15cedc7a9730972b927f01fdf3bc98946ca1b50a,lifetime_reward,16x16,10799,-0.6036530137062073,0.04066317641856756,1.0,0,0,0,,,0.42078226281932063
20260124_084550,2026-01-24T09:07:09.120576,15cedc7a9730972b927f01fdf3bc98946ca1b50a,lifetime_reward,16x16,10899,-0.6189465522766113,0.04302408117152595,1.0,0,0,0,,,0.4206919061945846
20260124_084550,2026-01-24T09:07:11.456137,15cedc7a9730972b927f01fdf3bc98946ca1b50a,lifetime_reward,16x16,10999,-0.6071054339408875,0.04331142456804121,1.0,0,0,0,,,0.42080351629499363
20260124_084550,2026-01-24T09:07:13.863709,15cedc7a9730972b927f01fdf3bc98946ca1b50a,lifetime_reward,16x16,11099,-0.45200425386428833,0.040547392828528664,1.0,0,0,0,,,0.42070095951695996
20260124_084550,2026-01-24T09:07:16.074307,15cedc7a9730972b927f01fdf3bc98946ca1b50a,lifetime_reward,16x16,11199,-0.3422090709209442,0.041605365393792226,1.0,0,0,0,,,0.42087745503739254
20260124_084550,2026-01-24T09:07:18.494024,15cedc7a9730972b927f01fdf3bc98946ca1b50a,lifetime_reward,16x16,11299,-0.10781394690275192,0.04333276730732336,1.0,0,0,0,,,0.42063151262947185
20260124_084550,2026-01-24T09:07:20.889690,15cedc7a9730972b927f01fdf3bc98946ca1b50a,lifetime_reward,16x16,11399,-0.40439021587371826,0.04168691952259678,1.0,0,0,0,,,0.42088999953559264
20260124_084550,2026-01-24T09:07:23.277017,15cedc7a9730972b927f01fdf3bc98946ca1b50a,lifetime_reward,16x16,11499,-0.2719935476779938,0.04306345617745137,1.0,0,0,0,,,0.4207508625477083
20260124_084550,2026-01-24T09:07:25.581105,15cedc7a9730972b927f01fdf3bc98946ca1b50a,lifetime_reward,16x16,11599,-0.41409146785736084,0.041132911129898274,1.0,0,0,0,,,0.4208837980035467
20260124_084550,2026-01-24T09:07:27.831246,15cedc7a9730972b927f01fdf3bc98946ca1b50a,lifetime_reward,16x16,11699,-0.3196966350078583,0.04082182033579329,1.0,0,0,0,,,0.4208847282627417
20260124_084550,2026-01-24T09:07:30.161169,15cedc7a9730972b927f01fdf3bc98946ca1b50a,lifetime_reward,16x16,11799,-0.04972373694181442,0.04170756783179229,1.0,0,0,0,,,0.4208997284961537
20260124_084550,2026-01-24T09:07:32.579565,15cedc7a9730972b927f01fdf3bc98946ca1b50a,lifetime_reward,16x16,11899,-0.6363736987113953,0.041495479412042756,1.0,0,0,0,,,0.42087083405703707
20260124_084550,2026-01-24T09:07:34.758549,15cedc7a9730972b927f01fdf3bc98946ca1b50a,lifetime_reward,16x16,11999,-0.30603986978530884,0.04074746173251811,1.0,0,0,0,,,0.42080806853688113
20260124_084550,2026-01-24T09:07:37.192855,15cedc7a9730972b927f01fdf3bc98946ca1b50a,lifetime_reward,16x16,12099,-0.3526175022125244,0.04154515213822577,1.0,0,0,0,,,0.4208588007248679
20260124_084550,2026-01-24T09:07:40.134016,15cedc7a9730972b927f01fdf3bc98946ca1b50a,lifetime_reward,16x16,12199,-0.5041666030883789,0.0433899159413113,1.0,0,0,0,,,0.4208364831537652
20260124_084550,2026-01-24T09:07:42.351893,15cedc7a9730972b927f01fdf3bc98946ca1b50a,lifetime_reward,16x16,12299,-0.4230242967605591,0.04055816880845668,1.0,0,0,0,,,0.42088112105842246
20260124_084550,2026-01-24T09:07:44.582231,15cedc7a9730972b927f01fdf3bc98946ca1b50a,lifetime_reward,16x16,12399,-0.47663214802742004,0.041343251113038944,1.0,0,0,0,,,0.42090567569907145
20260124_084550,2026-01-24T09:07:46.982993,15cedc7a9730972b927f01fdf3bc98946ca1b50a,lifetime_reward,16x16,12499,-0.09120448678731918,0.04064470168128935,1.0,0,0,0,,,0.42082854778569556
20260124_084550,2026-01-24T09:07:49.344441,15cedc7a9730972b927f01fdf3bc98946ca1b50a,lifetime_reward,16x16,12599,-0.24382808804512024,0.04040961618851668,1.0,0,0,0,,,0.4208097559907044
20260124_084550,2026-01-24T09:07:51.564365,15cedc7a9730972b927f01fdf3bc98946ca1b50a,lifetime_reward,16x16,12699,-0.5661704540252686,0.04116648186060445,1.0,0,0,0,,,0.4208118104623919
20260124_084550,2026-01-24T09:07:53.967169,15cedc7a9730972b927f01fdf3bc98946ca1b50a,lifetime_reward,16x16,12799,-0.5783070921897888,0.04094397726588056,1.0,0,0,0,,,0.4209000191555722
20260124_084550,2026-01-24T09:07:56.210607,15cedc7a9730972b927f01fdf3bc98946ca1b50a,lifetime_reward,16x16,12899,-0.18860945105552673,0.04253108070136591,1.0,0,0,0,,,0.4209095842248838
20260124_084550,2026-01-24T09:07:58.456507,15cedc7a9730972b927f01fdf3bc98946ca1b50a,lifetime_reward,16x16,12999,-0.1265740543603897,0.041970404957663444,1.0,0,0,0,,,0.42092000140550495
20260124_084550,2026-01-24T09:08:00.666636,15cedc7a9730972b927f01fdf3bc98946ca1b50a,lifetime_reward,16x16,13099,-0.475780189037323,0.040483406444918726,1.0,0,0,0,,,0.4208747612418916
20260124_084550,2026-01-24T09:08:02.928576,15cedc7a9730972b927f01fdf3bc98946ca1b50a,lifetime_reward,16x16,13199,-0.5074685215950012,0.0407410521022976,1.0,0,0,0,,,0.4208361283027669
20260124_084550,2026-01-24T09:08:05.358885,15cedc7a9730972b927f01fdf3bc98946ca1b50a,lifetime_reward,16x16,13299,-0.4153134822845459,0.04424873830793161,1.0,0,0,0,,,0.42033338083457283
20260124_084550,2026-01-24T09:08:07.706203,15cedc7a9730972b927f01fdf3bc98946ca1b50a,lifetime_reward,16x16,13399,-0.6495758891105652,0.04170185457027202,1.0,0,0,0,,,0.4209052002356508
20260124_084550,2026-01-24T09:08:09.940945,15cedc7a9730972b927f01fdf3bc98946ca1b50a,lifetime_reward,16x16,13499,-0.14327079057693481,0.04199093825118808,1.0,0,0,0,,,0.4208736047017282
20260124_084550,2026-01-24T09:08:12.188442,15cedc7a9730972b927f01fdf3bc98946ca1b50a,lifetime_reward,16x16,13599,-0.358656644821167,0.04186450067997157,1.0,0,0,0,,,0.4209214668419339
20260124_084550,2026-01-24T09:08:14.391570,15cedc7a9730972b927f01fdf3bc98946ca1b50a,lifetime_reward,16x16,13699,-0.4575939178466797,0.042050002339898356,1.0,0,0,0,,,0.4208914072281884
20260124_084550,2026-01-24T09:08:16.740496,15cedc7a9730972b927f01fdf3bc98946ca1b50a,lifetime_reward,16x16,13799,-0.0014706961810588837,0.04438492890456246,1.0,0,0,0,,,0.42062196322170214
20260124_084550,2026-01-24T09:08:19.098897,15cedc7a9730972b927f01fdf3bc98946ca1b50a,lifetime_reward,16x16,13899,-0.6381784677505493,0.04076721191715848,1.0,0,0,0,,,0.42086534618673244
20260124_084550,2026-01-24T09:08:21.470687,15cedc7a9730972b927f01fdf3bc98946ca1b50a,lifetime_reward,16x16,13999,-0.3492964506149292,0.04108176092260635,1.0,0,0,0,,,0.4209131344597621
20260124_084550,2026-01-24T09:08:23.884449,15cedc7a9730972b927f01fdf3bc98946ca1b50a,lifetime_reward,16x16,14099,-0.3042481541633606,0.04220981866382575,1.0,0,0,0,,,0.42092171314482885
20260124_084550,2026-01-24T09:08:26.097426,15cedc7a9730972b927f01fdf3bc98946ca1b50a,lifetime_reward,16x16,14199,-0.4583527147769928,0.04027555947191388,1.0,0,0,0,,,0.4207669911709488
20260124_084550,2026-01-24T09:08:28.494179,15cedc7a9730972b927f01fdf3bc98946ca1b50a,lifetime_reward,16x16,14299,-0.5909683704376221,0.04202770945416802,1.0,0,0,0,,,0.42091223482834617
20260124_084550,2026-01-24T09:08:30.871737,15cedc7a9730972b927f01fdf3bc98946ca1b50a,lifetime_reward,16x16,14399,-0.4361380338668823,0.04147122205243548,1.0,0,0,0,,,0.4209256458754921
20260124_084550,2026-01-24T09:08:33.239461,15cedc7a9730972b927f01fdf3bc98946ca1b50a,lifetime_reward,16x16,14499,-0.5381258130073547,0.04156387996276422,1.0,0,0,0,,,0.42093288602469875
20260124_084550,2026-01-24T09:08:35.647729,15cedc7a9730972b927f01fdf3bc98946ca1b50a,lifetime_reward,16x16,14599,-0.525814414024353,0.040148077125916615,1.0,0,0,0,,,0.42076398607110677
20260124_084550,2026-01-24T09:08:38.407670,15cedc7a9730972b927f01fdf3bc98946ca1b50a,lifetime_reward,16x16,14699,-0.4013151526451111,0.04251628616286638,1.0,0,0,0,,,0.42086085311085003
20260124_084550,2026-01-24T09:08:40.745336,15cedc7a9730972b927f01fdf3bc98946ca1b50a,lifetime_reward,16x16,14799,-0.3689459264278412,0.042617777133976915,1.0,0,0,0,,,0.42088671368289876
20260124_084550,2026-01-24T09:08:43.105225,15cedc7a9730972b927f01fdf3bc98946ca1b50a,lifetime_reward,16x16,14899,-0.5572385787963867,0.04188454560785289,1.0,0,0,0,,,0.42093257149478325
20260124_084550,2026-01-24T09:08:45.424464,15cedc7a9730972b927f01fdf3bc98946ca1b50a,lifetime_reward,16x16,14999,-0.5538234710693359,0.0414715700249576,1.0,0,0,0,,,0.4208988048367014
20260124_084550,2026-01-24T09:08:47.775730,15cedc7a9730972b927f01fdf3bc98946ca1b50a,lifetime_reward,16x16,15099,-0.37423059344291687,0.040900034769298654,1.0,0,0,0,,,0.4209030940844305
20260124_084550,2026-01-24T09:08:50.169330,15cedc7a9730972b927f01fdf3bc98946ca1b50a,lifetime_reward,16x16,15199,-0.30791860818862915,0.04211723536245898,1.0,0,0,0,,,0.42092845098822107
20260124_084550,2026-01-24T09:08:52.553686,15cedc7a9730972b927f01fdf3bc98946ca1b50a,lifetime_reward,16x16,15299,-0.32961905002593994,0.041838727185632224,1.0,0,0,0,,,0.42086192328075567
20260124_084550,2026-01-24T09:08:54.870765,15cedc7a9730972b927f01fdf3bc98946ca1b50a,lifetime_reward,16x16,15399,-0.4932338297367096,0.040384901993425044,1.0,0,0,0,,,0.42083802892477695
20260124_084550,2026-01-24T09:08:57.182785,15cedc7a9730972b927f01fdf3bc98946ca1b50a,lifetime_reward,16x16,15499,-0.42855513095855713,0.04169756968738142,1.0,0,0,0,,,0.42092647953198653
20260124_084550,2026-01-24T09:08:59.535511,15cedc7a9730972b927f01fdf3bc98946ca1b50a,lifetime_reward,16x16,15599,-0.6046845316886902,0.041949418913690695,1.0,0,0,0,,,0.4209423662976653
20260124_084550,2026-01-24T09:09:01.946424,15cedc7a9730972b927f01fdf3bc98946ca1b50a,lifetime_reward,16x16,15699,-0.23632165789604187,0.042085460279225516,1.0,0,0,0,,,0.42094254952780724
20260124_084550,2026-01-24T09:09:04.200536,15cedc7a9730972b927f01fdf3bc98946ca1b50a,lifetime_reward,16x16,15799,-0.40132981538772583,0.04135512856978352,1.0,0,0,0,,,0.42093571115634487
20260124_084550,2026-01-24T09:09:06.448928,15cedc7a9730972b927f01fdf3bc98946ca1b50a,lifetime_reward,16x16,15899,-0.5498791933059692,0.04189063127419672,1.0,0,0,0,,,0.42091224145500206
20260124_084550,2026-01-24T09:09:08.709804,15cedc7a9730972b927f01fdf3bc98946ca1b50a,lifetime_reward,16x16,15999,-0.5831144452095032,0.04221739336202859,1.0,0,0,0,,,0.42094322943368845
20260124_084550,2026-01-24T09:09:11.066820,15cedc7a9730972b927f01fdf3bc98946ca1b50a,lifetime_reward,16x16,16099,-0.0457264669239521,0.041563173647302276,1.0,0,0,0,,,0.42091573894665013
20260124_084550,2026-01-24T09:09:13.478627,15cedc7a9730972b927f01fdf3bc98946ca1b50a,lifetime_reward,16x16,16199,-0.7716993093490601,0.040941778177265464,1.0,0,0,0,,,0.42092411892834025
20260124_084550,2026-01-24T09:09:15.781572,15cedc7a9730972b927f01fdf3bc98946ca1b50a,lifetime_reward,16x16,16299,-0.3957500457763672,0.0410173353369737,1.0,0,0,0,,,0.42090642673191914
20260124_084550,2026-01-24T09:09:18.105960,15cedc7a9730972b927f01fdf3bc98946ca1b50a,lifetime_reward,16x16,16399,-0.13732752203941345,0.04170244791852071,1.0,0,0,0,,,0.42093955062630745
20260124_084550,2026-01-24T09:09:20.507263,15cedc7a9730972b927f01fdf3bc98946ca1b50a,lifetime_reward,16x16,16499,-0.10927218198776245,0.04210565430133215,1.0,0,0,0,,,0.42094503388926224
20260124_084550,2026-01-24T09:09:22.845336,15cedc7a9730972b927f01fdf3bc98946ca1b50a,lifetime_reward,16x16,16599,-0.08466053009033203,0.042934905259093055,1.0,0,0,0,,,0.4208885737148458
20260124_084550,2026-01-24T09:09:25.274190,15cedc7a9730972b927f01fdf3bc98946ca1b50a,lifetime_reward,16x16,16699,-0.38499584794044495,0.04111973161199842,1.0,0,0,0,,,0.4207860393634203
20260124_084550,2026-01-24T09:09:27.679027,15cedc7a9730972b927f01fdf3bc98946ca1b50a,lifetime_reward,16x16,16799,-0.5153002738952637,0.04319485246145135,1.0,0,0,0,,,0.4208789998224405
20260124_084550,2026-01-24T09:09:29.885431,15cedc7a9730972b927f01fdf3bc98946ca1b50a,lifetime_reward,16x16,16899,-0.6198687553405762,0.041062265069208195,1.0,0,0,0,,,0.4209103752318048
20260124_084550,2026-01-24T09:09:32.229004,15cedc7a9730972b927f01fdf3bc98946ca1b50a,lifetime_reward,16x16,16999,-0.4475741386413574,0.04273144383586185,1.0,0,0,0,,,0.4207350923660862
20260124_084550,2026-01-24T09:09:34.544816,15cedc7a9730972b927f01fdf3bc98946ca1b50a,lifetime_reward,16x16,17099,-0.11014707386493683,0.04364656342396074,1.0,0,0,0,,,0.42078661464556916
20260124_084550,2026-01-24T09:09:37.129117,15cedc7a9730972b927f01fdf3bc98946ca1b50a,lifetime_reward,16x16,17199,-0.7557119727134705,0.04295269361709472,1.0,0,0,0,,,0.4209304039993749
20260124_084550,2026-01-24T09:09:40.173503,15cedc7a9730972b927f01fdf3bc98946ca1b50a,lifetime_reward,16x16,17299,-0.7056715488433838,0.0418545584324076,1.0,0,0,0,,,0.420952798910043
20260124_084550,2026-01-24T09:09:42.509543,15cedc7a9730972b927f01fdf3bc98946ca1b50a,lifetime_reward,16x16,17399,-0.4417250156402588,0.04254026603098644,1.0,0,0,0,,,0.42092573096895014
20260124_084550,2026-01-24T09:09:44.774153,15cedc7a9730972b927f01fdf3bc98946ca1b50a,lifetime_reward,16x16,17499,-0.18795514106750488,0.04142413407880781,1.0,0,0,0,,,0.42090724670596047
20260124_084550,2026-01-24T09:09:47.150124,15cedc7a9730972b927f01fdf3bc98946ca1b50a,lifetime_reward,16x16,17599,-0.31779593229293823,0.04270452410775562,1.0,0,0,0,,,0.4209097317816026
20260124_084550,2026-01-24T09:09:49.596402,15cedc7a9730972b927f01fdf3bc98946ca1b50a,lifetime_reward,16x16,17699,-0.7853562831878662,0.04240333743520864,1.0,0,0,0,,,0.42090169995888904
20260124_084550,2026-01-24T09:09:51.877693,15cedc7a9730972b927f01fdf3bc98946ca1b50a,lifetime_reward,16x16,17799,-0.7093305587768555,0.04366934624806973,1.0,0,0,0,,,0.4207311174228199
20260124_084550,2026-01-24T09:09:54.083039,15cedc7a9730972b927f01fdf3bc98946ca1b50a,lifetime_reward,16x16,17899,-0.41349175572395325,0.044498346654328176,1.0,0,0,0,,,0.42073304636710407
20260124_084550,2026-01-24T09:09:56.445609,15cedc7a9730972b927f01fdf3bc98946ca1b50a,lifetime_reward,16x16,17999,-0.3837985098361969,0.041133529578208934,1.0,0,0,0,,,0.4209064734427187
20260124_084550,2026-01-24T09:09:58.628735,15cedc7a9730972b927f01fdf3bc98946ca1b50a,lifetime_reward,16x16,18099,-0.656919002532959,0.04207139604872495,1.0,0,0,0,,,0.4209480867177242
20260124_084550,2026-01-24T09:10:00.877551,15cedc7a9730972b927f01fdf3bc98946ca1b50a,lifetime_reward,16x16,18199,-0.6334242820739746,0.04297010352679507,1.0,0,0,0,,,0.4209126816532945
20260124_084550,2026-01-24T09:10:03.129578,15cedc7a9730972b927f01fdf3bc98946ca1b50a,lifetime_reward,16x16,18299,-0.49428266286849976,0.04121784362592734,1.0,0,0,0,,,0.42094792339357345
20260124_084550,2026-01-24T09:10:05.484319,15cedc7a9730972b927f01fdf3bc98946ca1b50a,lifetime_reward,16x16,18399,-0.664884090423584,0.042862651748074826,1.0,0,0,0,,,0.42081979733570385
20260124_084550,2026-01-24T09:10:07.740741,15cedc7a9730972b927f01fdf3bc98946ca1b50a,lifetime_reward,16x16,18499,-0.3168002665042877,0.04203681029972472,1.0,0,0,0,,,0.4209383834354571
20260124_084550,2026-01-24T09:10:10.125176,15cedc7a9730972b927f01fdf3bc98946ca1b50a,lifetime_reward,16x16,18599,-0.37518537044525146,0.041056980822000926,1.0,0,0,0,,,0.4209210851260272
20260124_084550,2026-01-24T09:10:12.427156,15cedc7a9730972b927f01fdf3bc98946ca1b50a,lifetime_reward,16x16,18699,-0.3989856243133545,0.04191021086973478,1.0,0,0,0,,,0.42096096433727614
20260124_084550,2026-01-24T09:10:14.667496,15cedc7a9730972b927f01fdf3bc98946ca1b50a,lifetime_reward,16x16,18799,-0.36531955003738403,0.041812743157868225,1.0,0,0,0,,,0.42095949507463737
20260124_084550,2026-01-24T09:10:17.017372,15cedc7a9730972b927f01fdf3bc98946ca1b50a,lifetime_reward,16x16,18899,-0.2679673433303833,0.04182493600206101,1.0,0,0,0,,,0.42092616285488016
20260124_084550,2026-01-24T09:10:19.365831,15cedc7a9730972b927f01fdf3bc98946ca1b50a,lifetime_reward,16x16,18999,-0.49885910749435425,0.041826262513095284,1.0,0,0,0,,,0.42095794639350503
20260124_084550,2026-01-24T09:10:21.634297,15cedc7a9730972b927f01fdf3bc98946ca1b50a,lifetime_reward,16x16,19099,-0.4616162180900574,0.040414545212569236,1.0,0,0,0,,,0.42061875277932637
20260124_084550,2026-01-24T09:10:23.966996,15cedc7a9730972b927f01fdf3bc98946ca1b50a,lifetime_reward,16x16,19199,-0.11264880746603012,0.04229590795381341,1.0,0,0,0,,,0.4209560392413617
20260124_084550,2026-01-24T09:10:26.381646,15cedc7a9730972b927f01fdf3bc98946ca1b50a,lifetime_reward,16x16,19299,-0.35756775736808777,0.04150470324170456,1.0,0,0,0,,,0.42095990723121834
20260124_084550,2026-01-24T09:10:28.721424,15cedc7a9730972b927f01fdf3bc98946ca1b50a,lifetime_reward,16x16,19399,0.07583537697792053,0.040768331728490634,1.0,0,0,0,,,0.4208545281202387
20260124_084550,2026-01-24T09:10:30.922624,15cedc7a9730972b927f01fdf3bc98946ca1b50a,lifetime_reward,16x16,19499,-0.6319294571876526,0.04376382118693499,1.0,0,0,0,,,0.4208550022924775
20260124_084550,2026-01-24T09:10:33.230690,15cedc7a9730972b927f01fdf3bc98946ca1b50a,lifetime_reward,16x16,19599,-0.24799789488315582,0.044451142770926995,1.0,0,0,0,,,0.4206782774473533
20260124_084550,2026-01-24T09:10:35.605957,15cedc7a9730972b927f01fdf3bc98946ca1b50a,lifetime_reward,16x16,19699,-0.3657940626144409,0.04184177372114362,1.0,0,0,0,,,0.42094941823061444
20260124_084550,2026-01-24T09:10:38.395797,15cedc7a9730972b927f01fdf3bc98946ca1b50a,lifetime_reward,16x16,19799,-0.509304404258728,0.04203665494011517,1.0,0,0,0,,,0.42093922354598995
20260124_084550,2026-01-24T09:10:40.787161,15cedc7a9730972b927f01fdf3bc98946ca1b50a,lifetime_reward,16x16,19899,-0.3575126528739929,0.04054251312366944,1.0,0,0,0,,,0.42091888557411566
20260124_084550,2026-01-24T09:10:42.964821,15cedc7a9730972b927f01fdf3bc98946ca1b50a,lifetime_reward,16x16,19999,-0.5381585359573364,0.04209718776342555,1.0,0,0,0,,,0.42092151067943195
20260124_084550,2026-01-24T09:10:45.367986,15cedc7a9730972b927f01fdf3bc98946ca1b50a,lifetime_reward,16x16,20099,-0.1793879270553589,0.04051384955422634,1.0,0,0,0,,,0.42090756883892444
20260124_084550,2026-01-24T09:10:47.879048,15cedc7a9730972b927f01fdf3bc98946ca1b50a,lifetime_reward,16x16,20199,-0.4057714343070984,0.04244010761429919,1.0,0,0,0,,,0.42094260529220867
20260124_084550,2026-01-24T09:10:50.275225,15cedc7a9730972b927f01fdf3bc98946ca1b50a,lifetime_reward,16x16,20299,-0.46617692708969116,0.042800975836241976,1.0,0,0,0,,,0.42087716899410216
20260124_084550,2026-01-24T09:10:52.578726,15cedc7a9730972b927f01fdf3bc98946ca1b50a,lifetime_reward,16x16,20399,-0.7262592911720276,0.04283527185130069,1.0,0,0,0,,,0.42094416229377246
20260124_084550,2026-01-24T09:10:54.994568,15cedc7a9730972b927f01fdf3bc98946ca1b50a,lifetime_reward,16x16,20499,-0.09825752675533295,0.04252522349713388,1.0,0,0,0,,,0.4208180056411237
20260124_084550,2026-01-24T09:10:57.376220,15cedc7a9730972b927f01fdf3bc98946ca1b50a,lifetime_reward,16x16,20599,-0.422889769077301,0.04174839446711303,1.0,0,0,0,,,0.4209674942604568
20260124_084550,2026-01-24T09:10:59.623698,15cedc7a9730972b927f01fdf3bc98946ca1b50a,lifetime_reward,16x16,20699,-0.28975045680999756,0.04096320734079967,1.0,0,0,0,,,0.4209376051740633
20260124_084550,2026-01-24T09:11:01.981119,15cedc7a9730972b927f01fdf3bc98946ca1b50a,lifetime_reward,16x16,20799,-0.14314159750938416,0.04219794242514354,1.0,0,0,0,,,0.4209243642764378
20260124_084550,2026-01-24T09:11:04.195180,15cedc7a9730972b927f01fdf3bc98946ca1b50a,lifetime_reward,16x16,20899,-0.5307871103286743,0.04114161520452143,1.0,0,0,0,,,0.4209190596804476
20260124_084550,2026-01-24T09:11:06.543545,15cedc7a9730972b927f01fdf3bc98946ca1b50a,lifetime_reward,16x16,20999,-0.4908274710178375,0.04281762667832041,1.0,0,0,0,,,0.42082998034672014
20260124_084550,2026-01-24T09:11:08.793908,15cedc7a9730972b927f01fdf3bc98946ca1b50a,lifetime_reward,16x16,21099,-0.2664811909198761,0.04130982169262566,1.0,0,0,0,,,0.420949119574671
20260124_084550,2026-01-24T09:11:11.182767,15cedc7a9730972b927f01fdf3bc98946ca1b50a,lifetime_reward,16x16,21199,-0.23130245506763458,0.04294348263980737,1.0,0,0,0,,,0.4209533742069861
20260124_084550,2026-01-24T09:11:13.870345,15cedc7a9730972b927f01fdf3bc98946ca1b50a,lifetime_reward,16x16,21299,-0.42441022396087646,0.0410535816270523,1.0,0,0,0,,,0.4208182153066323
20260124_084550,2026-01-24T09:11:16.620312,15cedc7a9730972b927f01fdf3bc98946ca1b50a,lifetime_reward,16x16,21399,-0.5748122930526733,0.043421210495886695,1.0,0,0,0,,,0.42089062034118707
20260124_084550,2026-01-24T09:11:19.031932,15cedc7a9730972b927f01fdf3bc98946ca1b50a,lifetime_reward,16x16,21499,-0.584932267665863,0.042409682578987716,1.0,0,0,0,,,0.42096017921821216
20260124_084550,2026-01-24T09:11:21.270903,15cedc7a9730972b927f01fdf3bc98946ca1b50a,lifetime_reward,16x16,21599,-0.43988466262817383,0.04176406127517595,1.0,0,0,0,,,0.4209658412990527
20260124_084550,2026-01-24T09:11:23.473567,15cedc7a9730972b927f01fdf3bc98946ca1b50a,lifetime_reward,16x16,21699,-0.35642558336257935,0.04197741598800377,1.0,0,0,0,,,0.42096034563934004
20260124_084550,2026-01-24T09:11:25.817827,15cedc7a9730972b927f01fdf3bc98946ca1b50a,lifetime_reward,16x16,21799,-0.4721011221408844,0.04363807227283502,1.0,0,0,0,,,0.42086409392276664
20260124_084550,2026-01-24T09:11:28.251604,15cedc7a9730972b927f01fdf3bc98946ca1b50a,lifetime_reward,16x16,21899,-0.33087804913520813,0.04141307971049201,1.0,0,0,0,,,0.42096888806397836
20260124_084550,2026-01-24T09:11:30.623170,15cedc7a9730972b927f01fdf3bc98946ca1b50a,lifetime_reward,16x16,21999,-0.5372444987297058,0.043678222122130704,1.0,0,0,0,,,0.4208292766155593
20260124_084550,2026-01-24T09:11:32.986681,15cedc7a9730972b927f01fdf3bc98946ca1b50a,lifetime_reward,16x16,22099,-0.39273926615715027,0.040554170612938235,1.0,0,0,0,,,0.4206963374649108
20260124_084550,2026-01-24T09:11:35.250831,15cedc7a9730972b927f01fdf3bc98946ca1b50a,lifetime_reward,16x16,22199,-0.48376336693763733,0.042640983141231104,1.0,0,0,0,,,0.4209529077137393
20260124_084550,2026-01-24T09:11:37.616760,15cedc7a9730972b927f01fdf3bc98946ca1b50a,lifetime_reward,16x16,22299,-0.6366164088249207,0.04362488525883933,1.0,0,0,0,,,0.42079368024961217
20260124_084550,2026-01-24T09:11:39.966327,15cedc7a9730972b927f01fdf3bc98946ca1b50a,lifetime_reward,16x16,22399,-0.16011133790016174,0.04174733866735721,1.0,0,0,0,,,0.4209587013064331
20260124_084550,2026-01-24T09:11:42.247241,15cedc7a9730972b927f01fdf3bc98946ca1b50a,lifetime_reward,16x16,22499,-0.4899071455001831,0.042396405066513695,1.0,0,0,0,,,0.4209444940815807
20260124_084550,2026-01-24T09:11:44.620617,15cedc7a9730972b927f01fdf3bc98946ca1b50a,lifetime_reward,16x16,22599,-0.19846908748149872,0.042752382884068255,1.0,0,0,0,,,0.4208757599732818
20260124_084550,2026-01-24T09:11:47.081826,15cedc7a9730972b927f01fdf3bc98946ca1b50a,lifetime_reward,16x16,22699,-0.49738603830337524,0.04252865448090276,1.0,0,0,0,,,0.42096412461224375
20260124_084550,2026-01-24T09:11:49.445303,15cedc7a9730972b927f01fdf3bc98946ca1b50a,lifetime_reward,16x16,22799,-0.2645407021045685,0.04170825081350564,1.0,0,0,0,,,0.42097558179071926
20260124_084550,2026-01-24T09:11:51.806427,15cedc7a9730972b927f01fdf3bc98946ca1b50a,lifetime_reward,16x16,22899,-0.39908042550086975,0.04087194960966798,1.0,0,0,0,,,0.4209274527024903
20260124_084550,2026-01-24T09:11:54.180894,15cedc7a9730972b927f01fdf3bc98946ca1b50a,lifetime_reward,16x16,22999,-0.7124351859092712,0.040400976905956586,1.0,0,0,0,,,0.420869716674658
20260124_084550,2026-01-24T09:11:56.610234,15cedc7a9730972b927f01fdf3bc98946ca1b50a,lifetime_reward,16x16,23099,-0.27396702766418457,0.041566616872178344,1.0,0,0,0,,,0.4209427311238404
20260124_084550,2026-01-24T09:11:58.838777,15cedc7a9730972b927f01fdf3bc98946ca1b50a,lifetime_reward,16x16,23199,-0.43224382400512695,0.04251583412838244,1.0,0,0,0,,,0.4209647098952539
20260124_084550,2026-01-24T09:12:01.349804,15cedc7a9730972b927f01fdf3bc98946ca1b50a,lifetime_reward,16x16,23299,-0.3051476776599884,0.04320477859528694,1.0,0,0,0,,,0.4208668792405315
20260124_084550,2026-01-24T09:12:03.726050,15cedc7a9730972b927f01fdf3bc98946ca1b50a,lifetime_reward,16x16,23399,-0.34004631638526917,0.0436322202551635,1.0,0,0,0,,,0.42087225033720277
20260124_084550,2026-01-24T09:12:05.966095,15cedc7a9730972b927f01fdf3bc98946ca1b50a,lifetime_reward,16x16,23499,-0.1448388248682022,0.04244465643943982,1.0,0,0,0,,,0.42087755938569876
20260124_084550,2026-01-24T09:12:08.233908,15cedc7a9730972b927f01fdf3bc98946ca1b50a,lifetime_reward,16x16,23599,-0.4209369421005249,0.0434638860580003,1.0,0,0,0,,,0.4207884464758607
20260124_084550,2026-01-24T09:12:10.670366,15cedc7a9730972b927f01fdf3bc98946ca1b50a,lifetime_reward,16x16,23699,-0.6015716195106506,0.0438947108976717,1.0,0,0,0,,,0.42073875885735973
20260124_084550,2026-01-24T09:12:13.087893,15cedc7a9730972b927f01fdf3bc98946ca1b50a,lifetime_reward,16x16,23799,-0.3765837848186493,0.042821306779175214,1.0,0,0,0,,,0.4209646940117372
20260124_084550,2026-01-24T09:12:15.378933,15cedc7a9730972b927f01fdf3bc98946ca1b50a,lifetime_reward,16x16,23899,-0.3354716897010803,0.04285832676840642,1.0,0,0,0,,,0.4209082739216392
20260124_084550,2026-01-24T09:12:17.744137,15cedc7a9730972b927f01fdf3bc98946ca1b50a,lifetime_reward,16x16,23999,-0.41504544019699097,0.04015858534879754,1.0,0,0,0,,,0.4209304944632202
20260124_084550,2026-01-24T09:12:20.150800,15cedc7a9730972b927f01fdf3bc98946ca1b50a,lifetime_reward,16x16,24099,-0.304478257894516,0.04120958657047197,1.0,0,0,0,,,0.42081482087914246
20260124_084550,2026-01-24T09:12:22.522900,15cedc7a9730972b927f01fdf3bc98946ca1b50a,lifetime_reward,16x16,24199,0.049626294523477554,0.041043045091365686,1.0,0,0,0,,,0.42088889194600626
20260124_084550,2026-01-24T09:12:24.974825,15cedc7a9730972b927f01fdf3bc98946ca1b50a,lifetime_reward,16x16,24299,-0.4563223719596863,0.040369357045522636,1.0,0,0,0,,,0.4205648507010832
20260124_084550,2026-01-24T09:12:27.354938,15cedc7a9730972b927f01fdf3bc98946ca1b50a,lifetime_reward,16x16,24399,-0.19110509753227234,0.04306405538613966,1.0,0,0,0,,,0.4206606073630386
20260124_084550,2026-01-24T09:12:29.806767,15cedc7a9730972b927f01fdf3bc98946ca1b50a,lifetime_reward,16x16,24499,-0.42111286520957947,0.041013660396427266,1.0,0,0,0,,,0.4209345724525748
20260124_084550,2026-01-24T09:12:32.210432,15cedc7a9730972b927f01fdf3bc98946ca1b50a,lifetime_reward,16x16,24599,-0.5060619711875916,0.040860925268383426,1.0,0,0,0,,,0.4209300346010315
20260124_084550,2026-01-24T09:12:34.610008,15cedc7a9730972b927f01fdf3bc98946ca1b50a,lifetime_reward,16x16,24699,-0.2896350026130676,0.04216408711477996,1.0,0,0,0,,,0.4209822321224397
20260124_084550,2026-01-24T09:12:37.044722,15cedc7a9730972b927f01fdf3bc98946ca1b50a,lifetime_reward,16x16,24799,-0.5519177317619324,0.04303271023832849,1.0,0,0,0,,,0.4208126407862161
20260124_084550,2026-01-24T09:12:39.408563,15cedc7a9730972b927f01fdf3bc98946ca1b50a,lifetime_reward,16x16,24899,-0.5967364311218262,0.04133583437373574,1.0,0,0,0,,,0.4209004502473974
20260124_084550,2026-01-24T09:12:41.682598,15cedc7a9730972b927f01fdf3bc98946ca1b50a,lifetime_reward,16x16,24999,-0.29156333208084106,0.04164745786326705,1.0,0,0,0,,,0.4209496841578475
20260124_084550,2026-01-24T09:12:43.904758,15cedc7a9730972b927f01fdf3bc98946ca1b50a,lifetime_reward,16x16,25099,-0.24004404246807098,0.04087570510883495,1.0,0,0,0,,,0.4209630966077582
20260124_084550,2026-01-24T09:12:46.196653,15cedc7a9730972b927f01fdf3bc98946ca1b50a,lifetime_reward,16x16,25199,-0.07694163918495178,0.041646808938737935,1.0,0,0,0,,,0.4209680922876847
20260124_084550,2026-01-24T09:12:48.560269,15cedc7a9730972b927f01fdf3bc98946ca1b50a,lifetime_reward,16x16,25299,-0.12093745172023773,0.041095826814423614,1.0,0,0,0,,,0.42096242071672674
20260124_084550,2026-01-24T09:12:50.904030,15cedc7a9730972b927f01fdf3bc98946ca1b50a,lifetime_reward,16x16,25399,-0.4971074163913727,0.041319613431823256,1.0,0,0,0,,,0.4208845152778071
20260124_084550,2026-01-24T09:12:53.291149,15cedc7a9730972b927f01fdf3bc98946ca1b50a,lifetime_reward,16x16,25499,0.044787824153900146,0.04140337877957052,1.0,0,0,0,,,0.42096904429163207
20260124_084550,2026-01-24T09:12:55.680746,15cedc7a9730972b927f01fdf3bc98946ca1b50a,lifetime_reward,16x16,25599,-0.6328167915344238,0.04124709360649462,1.0,0,0,0,,,0.4208921694795595
20260124_084550,2026-01-24T09:12:58.110765,15cedc7a9730972b927f01fdf3bc98946ca1b50a,lifetime_reward,16x16,25699,-0.5937405824661255,0.04096017643466652,1.0,0,0,0,,,0.42089879506153616
20260124_084550,2026-01-24T09:13:00.364368,15cedc7a9730972b927f01fdf3bc98946ca1b50a,lifetime_reward,16x16,25799,-0.27413710951805115,0.04141860620793286,1.0,0,0,0,,,0.420938571568984
20260124_084550,2026-01-24T09:13:02.737713,15cedc7a9730972b927f01fdf3bc98946ca1b50a,lifetime_reward,16x16,25899,-0.576364278793335,0.04185557775644554,1.0,0,0,0,,,0.4209766792354189
20260124_084550,2026-01-24T09:13:05.159612,15cedc7a9730972b927f01fdf3bc98946ca1b50a,lifetime_reward,16x16,25999,-0.4528200030326843,0.04234447743862802,1.0,0,0,0,,,0.4209083368735013
20260124_084550,2026-01-24T09:13:07.496662,15cedc7a9730972b927f01fdf3bc98946ca1b50a,lifetime_reward,16x16,26099,-0.6919793486595154,0.04107775302597929,1.0,0,0,0,,,0.4209628704693643
20260124_084550,2026-01-24T09:13:09.839656,15cedc7a9730972b927f01fdf3bc98946ca1b50a,lifetime_reward,16x16,26199,-0.22964736819267273,0.04252199788155395,1.0,0,0,0,,,0.42076274212634146
20260124_084550,2026-01-24T09:13:12.212954,15cedc7a9730972b927f01fdf3bc98946ca1b50a,lifetime_reward,16x16,26299,-0.37554675340652466,0.04155610779528615,1.0,0,0,0,,,0.42098470845092184
20260124_084550,2026-01-24T09:13:14.414498,15cedc7a9730972b927f01fdf3bc98946ca1b50a,lifetime_reward,16x16,26399,-0.2672545909881592,0.04066149528873325,1.0,0,0,0,,,0.4209121866455058
20260124_084550,2026-01-24T09:13:16.682427,15cedc7a9730972b927f01fdf3bc98946ca1b50a,lifetime_reward,16x16,26499,-0.2642689645290375,0.042737536300637945,1.0,0,0,0,,,0.4209724378509599
20260124_084550,2026-01-24T09:13:18.963863,15cedc7a9730972b927f01fdf3bc98946ca1b50a,lifetime_reward,16x16,26599,-0.5440503358840942,0.04158675054852921,1.0,0,0,0,,,0.4209845013333223
20260124_084550,2026-01-24T09:13:21.322655,15cedc7a9730972b927f01fdf3bc98946ca1b50a,lifetime_reward,16x16,26699,-0.40414944291114807,0.04259867676483253,1.0,0,0,0,,,0.42093076550446396
20260124_084550,2026-01-24T09:13:23.550762,15cedc7a9730972b927f01fdf3bc98946ca1b50a,lifetime_reward,16x16,26799,-0.7729329466819763,0.042415040930085295,1.0,0,0,0,,,0.4209633743773509
20260124_084550,2026-01-24T09:13:25.912580,15cedc7a9730972b927f01fdf3bc98946ca1b50a,lifetime_reward,16x16,26899,-0.2779240012168884,0.04239042546016208,1.0,0,0,0,,,0.42098249694899104
20260124_084550,2026-01-24T09:13:28.306958,15cedc7a9730972b927f01fdf3bc98946ca1b50a,lifetime_reward,16x16,26999,-0.5431431531906128,0.03976553551212305,1.0,0,0,0,,,0.42077561560244026
20260124_084550,2026-01-24T09:13:30.658184,15cedc7a9730972b927f01fdf3bc98946ca1b50a,lifetime_reward,16x16,27099,-0.2645231783390045,0.040807200578709624,1.0,0,0,0,,,0.4208507891982233
20260124_084550,2026-01-24T09:13:32.904764,15cedc7a9730972b927f01fdf3bc98946ca1b50a,lifetime_reward,16x16,27199,-0.3817431926727295,0.04338285216289999,1.0,0,0,0,,,0.4209477698118095
20260124_084550,2026-01-24T09:13:35.182099,15cedc7a9730972b927f01fdf3bc98946ca1b50a,lifetime_reward,16x16,27299,-0.792213499546051,0.041867469270864606,1.0,0,0,0,,,0.4209620789741355
20260124_084550,2026-01-24T09:13:37.608723,15cedc7a9730972b927f01fdf3bc98946ca1b50a,lifetime_reward,16x16,27399,-0.5643322467803955,0.041524589578757515,1.0,0,0,0,,,0.4209753366969165
20260124_084550,2026-01-24T09:13:40.056888,15cedc7a9730972b927f01fdf3bc98946ca1b50a,lifetime_reward,16x16,27499,-0.1780206859111786,0.04233568711849785,1.0,0,0,0,,,0.42098021341370984
20260124_084550,2026-01-24T09:13:42.268217,15cedc7a9730972b927f01fdf3bc98946ca1b50a,lifetime_reward,16x16,27599,-0.2334228754043579,0.043082017463921145,1.0,0,0,0,,,0.42096616368138984
20260124_084550,2026-01-24T09:13:44.665610,15cedc7a9730972b927f01fdf3bc98946ca1b50a,lifetime_reward,16x16,27699,-0.3730337619781494,0.041438562527307286,1.0,0,0,0,,,0.42098365750887523
20260124_084550,2026-01-24T09:13:46.876094,15cedc7a9730972b927f01fdf3bc98946ca1b50a,lifetime_reward,16x16,27799,-0.3224985897541046,0.043314553283292694,1.0,0,0,0,,,0.42087414994241323
20260124_084550,2026-01-24T09:13:49.094435,15cedc7a9730972b927f01fdf3bc98946ca1b50a,lifetime_reward,16x16,27899,-0.3724381923675537,0.04184555536435596,1.0,0,0,0,,,0.4209498502021713
20260124_084550,2026-01-24T09:13:51.485887,15cedc7a9730972b927f01fdf3bc98946ca1b50a,lifetime_reward,16x16,27999,-0.35494038462638855,0.041954582669739865,1.0,0,0,0,,,0.42099109103004684
20260124_084550,2026-01-24T09:13:53.921157,15cedc7a9730972b927f01fdf3bc98946ca1b50a,lifetime_reward,16x16,28099,-0.6282287240028381,0.043055919391908476,1.0,0,0,0,,,0.42096441375738236
20260124_084550,2026-01-24T09:13:56.270477,15cedc7a9730972b927f01fdf3bc98946ca1b50a,lifetime_reward,16x16,28199,-0.3087998628616333,0.04140670354511286,1.0,0,0,0,,,0.42085575201562064
20260124_084550,2026-01-24T09:13:58.630488,15cedc7a9730972b927f01fdf3bc98946ca1b50a,lifetime_reward,16x16,28299,-0.19360089302062988,0.04506368077609921,1.0,0,0,0,,,0.42073748273997646
20260124_084550,2026-01-24T09:14:00.848341,15cedc7a9730972b927f01fdf3bc98946ca1b50a,lifetime_reward,16x16,28399,0.0001907646656036377,0.04293392219892894,1.0,0,0,0,,,0.42097144746933257
20260124_084550,2026-01-24T09:14:03.153232,15cedc7a9730972b927f01fdf3bc98946ca1b50a,lifetime_reward,16x16,28499,-0.4659113883972168,0.04078017900403296,1.0,0,0,0,,,0.42092977675077964
20260124_084550,2026-01-24T09:14:05.466955,15cedc7a9730972b927f01fdf3bc98946ca1b50a,lifetime_reward,16x16,28599,-0.43204012513160706,0.04047234791102824,1.0,0,0,0,,,0.4209277983668604
20260124_084550,2026-01-24T09:14:07.850819,15cedc7a9730972b927f01fdf3bc98946ca1b50a,lifetime_reward,16x16,28699,-0.354724645614624,0.041009327617227885,1.0,0,0,0,,,0.42093915585644753
20260124_084550,2026-01-24T09:14:10.313993,15cedc7a9730972b927f01fdf3bc98946ca1b50a,lifetime_reward,16x16,28799,-0.36606743931770325,0.04092611523008628,1.0,0,0,0,,,0.42094589173004743
20260124_084550,2026-01-24T09:14:12.799191,15cedc7a9730972b927f01fdf3bc98946ca1b50a,lifetime_reward,16x16,28899,-0.5463171005249023,0.042626863806845564,1.0,0,0,0,,,0.42083978915672704
20260124_084550,2026-01-24T09:14:15.259810,15cedc7a9730972b927f01fdf3bc98946ca1b50a,lifetime_reward,16x16,28999,-0.834700345993042,0.04062253330486015,1.0,0,0,0,,,0.4209341866856922
20260124_084550,2026-01-24T09:14:17.635214,15cedc7a9730972b927f01fdf3bc98946ca1b50a,lifetime_reward,16x16,29099,-0.44721537828445435,0.041627159037676054,1.0,0,0,0,,,0.42097685364914
20260124_084550,2026-01-24T09:14:19.910581,15cedc7a9730972b927f01fdf3bc98946ca1b50a,lifetime_reward,16x16,29199,-0.6868913769721985,0.04175552941433011,1.0,0,0,0,,,0.4209828227649388
20260124_084550,2026-01-24T09:14:22.290302,15cedc7a9730972b927f01fdf3bc98946ca1b50a,lifetime_reward,16x16,29299,-0.34030094742774963,0.042598450369877125,1.0,0,0,0,,,0.4209353433833377
20260124_084550,2026-01-24T09:14:24.707855,15cedc7a9730972b927f01fdf3bc98946ca1b50a,lifetime_reward,16x16,29399,-0.21005874872207642,0.04108998730543974,1.0,0,0,0,,,0.42085403266295635
20260124_084550,2026-01-24T09:14:26.964723,15cedc7a9730972b927f01fdf3bc98946ca1b50a,lifetime_reward,16x16,29499,-0.5575841665267944,0.04245009788409713,1.0,0,0,0,,,0.42098322458253135
20260124_084550,2026-01-24T09:14:29.267862,15cedc7a9730972b927f01fdf3bc98946ca1b50a,lifetime_reward,16x16,29599,-0.43490564823150635,0.04088389081559399,1.0,0,0,0,,,0.4209507854956144
20260124_084550,2026-01-24T09:14:31.748641,15cedc7a9730972b927f01fdf3bc98946ca1b50a,lifetime_reward,16x16,29699,0.31567519903182983,0.041691684899014946,1.0,0,0,0,,,0.4209917017867724
20260124_084550,2026-01-24T09:14:34.108840,15cedc7a9730972b927f01fdf3bc98946ca1b50a,lifetime_reward,16x16,29799,-0.6674852967262268,0.04199955203603063,1.0,0,0,0,,,0.4209952013625209
20260124_084550,2026-01-24T09:14:36.461038,15cedc7a9730972b927f01fdf3bc98946ca1b50a,lifetime_reward,16x16,29899,-0.546912670135498,0.04184837078716669,1.0,0,0,0,,,0.42099261462767784
20260124_084550,2026-01-24T09:14:38.972503,15cedc7a9730972b927f01fdf3bc98946ca1b50a,lifetime_reward,16x16,29999,-0.622610867023468,0.04208382149187713,1.0,0,0,0,,,0.42097968298064725
20260124_084550,2026-01-24T09:14:41.237889,15cedc7a9730972b927f01fdf3bc98946ca1b50a,lifetime_reward,16x16,30099,-0.28419700264930725,0.04165674419564652,1.0,0,0,0,,,0.4209095584216305
20260124_084550,2026-01-24T09:14:43.510923,15cedc7a9730972b927f01fdf3bc98946ca1b50a,lifetime_reward,16x16,30199,-0.10547016561031342,0.0410265962621429,1.0,0,0,0,,,0.42097891826301437
20260124_084550,2026-01-24T09:14:45.865660,15cedc7a9730972b927f01fdf3bc98946ca1b50a,lifetime_reward,16x16,30299,-0.7403162717819214,0.042505864395867544,1.0,0,0,0,,,0.4209914212174649
20260124_084550,2026-01-24T09:14:48.082548,15cedc7a9730972b927f01fdf3bc98946ca1b50a,lifetime_reward,16x16,30399,-0.6067160367965698,0.041496072619640924,1.0,0,0,0,,,0.4209929347300025
20260124_084550,2026-01-24T09:14:50.519732,15cedc7a9730972b927f01fdf3bc98946ca1b50a,lifetime_reward,16x16,30499,-0.05534055829048157,0.04095004284346487,1.0,0,0,0,,,0.4209451224619648
20260124_084550,2026-01-24T09:14:52.939439,15cedc7a9730972b927f01fdf3bc98946ca1b50a,lifetime_reward,16x16,30599,-0.4975718855857849,0.04181666246231515,1.0,0,0,0,,,0.4209939171788591
20260124_084550,2026-01-24T09:14:55.145481,15cedc7a9730972b927f01fdf3bc98946ca1b50a,lifetime_reward,16x16,30699,-0.4656142592430115,0.04160802757434407,1.0,0,0,0,,,0.42098010541874953
20260124_084550,2026-01-24T09:14:57.503749,15cedc7a9730972b927f01fdf3bc98946ca1b50a,lifetime_reward,16x16,30799,-0.5539734959602356,0.04105609838798017,1.0,0,0,0,,,0.42095282964545405
20260124_084550,2026-01-24T09:14:59.781988,15cedc7a9730972b927f01fdf3bc98946ca1b50a,lifetime_reward,16x16,30899,-0.3074193596839905,0.04128095138085655,1.0,0,0,0,,,0.4209854178186625
20260124_084550,2026-01-24T09:15:02.256321,15cedc7a9730972b927f01fdf3bc98946ca1b50a,lifetime_reward,16x16,30999,-0.6546570062637329,0.041499277475556935,1.0,0,0,0,,,0.42099017331494026
20260124_084550,2026-01-24T09:15:04.718680,15cedc7a9730972b927f01fdf3bc98946ca1b50a,lifetime_reward,16x16,31099,-0.09114152193069458,0.04249936605942821,1.0,0,0,0,,,0.4209849989991722
20260124_084550,2026-01-24T09:15:06.993308,15cedc7a9730972b927f01fdf3bc98946ca1b50a,lifetime_reward,16x16,31199,-0.7586283683776855,0.043874027110726244,1.0,0,0,0,,,0.4207730314376101
20260124_084550,2026-01-24T09:15:09.217033,15cedc7a9730972b927f01fdf3bc98946ca1b50a,lifetime_reward,16x16,31299,-0.5008329153060913,0.04110612344713445,1.0,0,0,0,,,0.42092938308243294
20260124_084550,2026-01-24T09:15:11.619125,15cedc7a9730972b927f01fdf3bc98946ca1b50a,lifetime_reward,16x16,31399,-0.3984535038471222,0.042359885481270114,1.0,0,0,0,,,0.4209569751114226
20260124_084550,2026-01-24T09:15:13.967565,15cedc7a9730972b927f01fdf3bc98946ca1b50a,lifetime_reward,16x16,31499,-0.5077370405197144,0.041966125416487615,1.0,0,0,0,,,0.4209520236534473
20260124_084550,2026-01-24T09:15:16.305624,15cedc7a9730972b927f01fdf3bc98946ca1b50a,lifetime_reward,16x16,31599,-0.5077657699584961,0.04410599084705737,1.0,0,0,0,,,0.4206783633902291
20260124_084550,2026-01-24T09:15:18.724284,15cedc7a9730972b927f01fdf3bc98946ca1b50a,lifetime_reward,16x16,31699,-0.33797287940979004,0.042379681453059564,1.0,0,0,0,,,0.4209896507987241
20260124_084550,2026-01-24T09:15:20.986903,15cedc7a9730972b927f01fdf3bc98946ca1b50a,lifetime_reward,16x16,31799,-0.23192119598388672,0.0421086520973995,1.0,0,0,0,,,0.42097922985219993
20260124_084550,2026-01-24T09:15:23.273522,15cedc7a9730972b927f01fdf3bc98946ca1b50a,lifetime_reward,16x16,31899,-0.4923156797885895,0.041211156578876,1.0,0,0,0,,,0.4209704094180806
20260124_084550,2026-01-24T09:15:25.643325,15cedc7a9730972b927f01fdf3bc98946ca1b50a,lifetime_reward,16x16,31999,-0.43549200892448425,0.041033872418513084,1.0,0,0,0,,,0.42073723503906274
20260124_084550,2026-01-24T09:15:27.913802,15cedc7a9730972b927f01fdf3bc98946ca1b50a,lifetime_reward,16x16,32099,-0.209073007106781,0.0434556084262568,1.0,0,0,0,,,0.4209010356561791
20260124_084550,2026-01-24T09:15:30.390508,15cedc7a9730972b927f01fdf3bc98946ca1b50a,lifetime_reward,16x16,32199,-0.2767663598060608,0.04090070144686081,1.0,0,0,0,,,0.42093995316270616
20260124_084550,2026-01-24T09:15:32.818106,15cedc7a9730972b927f01fdf3bc98946ca1b50a,lifetime_reward,16x16,32299,-0.36818599700927734,0.043706676957873045,1.0,0,0,0,,,0.4209025221834163
20260124_084550,2026-01-24T09:15:35.037189,15cedc7a9730972b927f01fdf3bc98946ca1b50a,lifetime_reward,16x16,32399,-0.7746919393539429,0.0420871827784104,1.0,0,0,0,,,0.4209832705129166
20260124_084550,2026-01-24T09:15:37.336609,15cedc7a9730972b927f01fdf3bc98946ca1b50a,lifetime_reward,16x16,32499,-0.5884064435958862,0.04347787750125349,1.0,0,0,0,,,0.4208293532093458
20260124_084550,2026-01-24T09:15:39.614675,15cedc7a9730972b927f01fdf3bc98946ca1b50a,lifetime_reward,16x16,32599,-0.46601003408432007,0.04221486839372801,1.0,0,0,0,,,0.4210001516503644
20260124_084550,2026-01-24T09:15:41.826074,15cedc7a9730972b927f01fdf3bc98946ca1b50a,lifetime_reward,16x16,32699,-0.5203157663345337,0.04294007628917711,1.0,0,0,0,,,0.4208298014740445
20260124_084550,2026-01-24T09:15:44.245418,15cedc7a9730972b927f01fdf3bc98946ca1b50a,lifetime_reward,16x16,32799,-0.44894924759864807,0.0414490073680895,1.0,0,0,0,,,0.420984964657959
20260124_084550,2026-01-24T09:15:46.512405,15cedc7a9730972b927f01fdf3bc98946ca1b50a,lifetime_reward,16x16,32899,-0.3934618830680847,0.043404469598616796,1.0,0,0,0,,,0.42083045605031144
20260124_084550,2026-01-24T09:15:48.981146,15cedc7a9730972b927f01fdf3bc98946ca1b50a,lifetime_reward,16x16,32999,-0.5717927813529968,0.04199546791752397,1.0,0,0,0,,,0.420988137784974
20260124_084550,2026-01-24T09:15:51.278994,15cedc7a9730972b927f01fdf3bc98946ca1b50a,lifetime_reward,16x16,33099,-0.50623619556427,0.04421502560493394,1.0,0,0,0,,,0.4207728006689314
20260124_084550,2026-01-24T09:15:53.502024,15cedc7a9730972b927f01fdf3bc98946ca1b50a,lifetime_reward,16x16,33199,-0.07079693675041199,0.04068247684132928,1.0,0,0,0,,,0.4208940272944238
20260124_084550,2026-01-24T09:15:55.863901,15cedc7a9730972b927f01fdf3bc98946ca1b50a,lifetime_reward,16x16,33299,-0.6218258142471313,0.0427416583231215,1.0,0,0,0,,,0.42087158830731286
20260124_084550,2026-01-24T09:15:58.104630,15cedc7a9730972b927f01fdf3bc98946ca1b50a,lifetime_reward,16x16,33399,-0.5649042129516602,0.04111307391223363,1.0,0,0,0,,,0.4208785628595908
20260124_084550,2026-01-24T09:16:00.376750,15cedc7a9730972b927f01fdf3bc98946ca1b50a,lifetime_reward,16x16,33499,-0.5309956073760986,0.042032442239483034,1.0,0,0,0,,,0.42100109014457776
20260124_084550,2026-01-24T09:16:02.647659,15cedc7a9730972b927f01fdf3bc98946ca1b50a,lifetime_reward,16x16,33599,-0.4502522051334381,0.042049158549939424,1.0,0,0,0,,,0.4209663056687552
20260124_084550,2026-01-24T09:16:04.929982,15cedc7a9730972b927f01fdf3bc98946ca1b50a,lifetime_reward,16x16,33699,-0.28770411014556885,0.041983591485579834,1.0,0,0,0,,,0.42098167835787614
20260124_084550,2026-01-24T09:16:07.211189,15cedc7a9730972b927f01fdf3bc98946ca1b50a,lifetime_reward,16x16,33799,-0.33622318506240845,0.04115042235860756,1.0,0,0,0,,,0.4209919197045891
20260124_084550,2026-01-24T09:16:09.492720,15cedc7a9730972b927f01fdf3bc98946ca1b50a,lifetime_reward,16x16,33899,-0.4146727919578552,0.041504019493197576,1.0,0,0,0,,,0.42098703621008515
20260124_084550,2026-01-24T09:16:11.690150,15cedc7a9730972b927f01fdf3bc98946ca1b50a,lifetime_reward,16x16,33999,-0.34976497292518616,0.04239316049237118,1.0,0,0,0,,,0.4209655032134787
20260124_084550,2026-01-24T09:16:14.003907,15cedc7a9730972b927f01fdf3bc98946ca1b50a,lifetime_reward,16x16,34099,-0.4223635196685791,0.04219413855424079,1.0,0,0,0,,,0.42098961112345756
20260124_084550,2026-01-24T09:16:16.390596,15cedc7a9730972b927f01fdf3bc98946ca1b50a,lifetime_reward,16x16,34199,0.02471737563610077,0.041699812560852936,1.0,0,0,0,,,0.4209939139792266
20260124_084550,2026-01-24T09:16:18.774272,15cedc7a9730972b927f01fdf3bc98946ca1b50a,lifetime_reward,16x16,34299,-0.23942358791828156,0.04194919929300966,1.0,0,0,0,,,0.42099544209703227
20260124_084550,2026-01-24T09:16:21.133201,15cedc7a9730972b927f01fdf3bc98946ca1b50a,lifetime_reward,16x16,34399,-0.3894386291503906,0.04128837220182504,1.0,0,0,0,,,0.420800303771961
20260124_084550,2026-01-24T09:16:23.549172,15cedc7a9730972b927f01fdf3bc98946ca1b50a,lifetime_reward,16x16,34499,-0.358040988445282,0.04156476695685214,1.0,0,0,0,,,0.4209948060052727
20260124_084550,2026-01-24T09:16:25.883338,15cedc7a9730972b927f01fdf3bc98946ca1b50a,lifetime_reward,16x16,34599,-0.48441988229751587,0.04155523173568099,1.0,0,0,0,,,0.4209824040363652
20260124_084550,2026-01-24T09:16:28.205223,15cedc7a9730972b927f01fdf3bc98946ca1b50a,lifetime_reward,16x16,34699,-0.5257363319396973,0.04164617781010037,1.0,0,0,0,,,0.4209935510924282
20260124_084550,2026-01-24T09:16:30.600892,15cedc7a9730972b927f01fdf3bc98946ca1b50a,lifetime_reward,16x16,34799,-0.19177758693695068,0.041885652812639194,1.0,0,0,0,,,0.42096962978269736
20260124_084550,2026-01-24T09:16:32.854892,15cedc7a9730972b927f01fdf3bc98946ca1b50a,lifetime_reward,16x16,34899,-0.1406368911266327,0.04154062470679491,1.0,0,0,0,,,0.42099619347958234
20260124_084550,2026-01-24T09:16:35.394393,15cedc7a9730972b927f01fdf3bc98946ca1b50a,lifetime_reward,16x16,34999,-0.6245918273925781,0.041122510204664876,1.0,0,0,0,,,0.4208963381090197
20260124_084550,2026-01-24T09:16:37.641253,15cedc7a9730972b927f01fdf3bc98946ca1b50a,lifetime_reward,16x16,35099,-0.5753742456436157,0.042599349191621484,1.0,0,0,0,,,0.4209880160213394
20260124_084550,2026-01-24T09:16:40.028041,15cedc7a9730972b927f01fdf3bc98946ca1b50a,lifetime_reward,16x16,35199,-0.5495656728744507,0.042497827370794855,1.0,0,0,0,,,0.4209780657577047
20260124_084550,2026-01-24T09:16:43.014236,15cedc7a9730972b927f01fdf3bc98946ca1b50a,lifetime_reward,16x16,35299,-0.673943281173706,0.041582538146091114,1.0,0,0,0,,,0.42099898912005085
20260124_084550,2026-01-24T09:16:46.190956,15cedc7a9730972b927f01fdf3bc98946ca1b50a,lifetime_reward,16x16,35399,-0.5406585931777954,0.0423721152166982,1.0,0,0,0,,,0.4210031694161129
20260124_084550,2026-01-24T09:16:48.676589,15cedc7a9730972b927f01fdf3bc98946ca1b50a,lifetime_reward,16x16,35499,-0.7128896117210388,0.041825651244973866,1.0,0,0,0,,,0.42100275075673366
20260124_084550,2026-01-24T09:16:51.237893,15cedc7a9730972b927f01fdf3bc98946ca1b50a,lifetime_reward,16x16,35599,-0.5271426439285278,0.042667078610024875,1.0,0,0,0,,,0.42099403891279363
20260124_084550,2026-01-24T09:16:53.768854,15cedc7a9730972b927f01fdf3bc98946ca1b50a,lifetime_reward,16x16,35699,-0.5160311460494995,0.04251819422716153,1.0,0,0,0,,,0.4209629862017179
20260124_084550,2026-01-24T09:16:56.145364,15cedc7a9730972b927f01fdf3bc98946ca1b50a,lifetime_reward,16x16,35799,-0.25146612524986267,0.04278184563945914,1.0,0,0,0,,,0.4209753389916659
20260124_084550,2026-01-24T09:16:58.539101,15cedc7a9730972b927f01fdf3bc98946ca1b50a,lifetime_reward,16x16,35899,-0.19476228952407837,0.041110184146014035,1.0,0,0,0,,,0.4209828149530822
20260124_084550,2026-01-24T09:17:00.801496,15cedc7a9730972b927f01fdf3bc98946ca1b50a,lifetime_reward,16x16,35999,-0.5348384976387024,0.041886698070528895,1.0,0,0,0,,,0.42099335189370185
20260124_084550,2026-01-24T09:17:03.136883,15cedc7a9730972b927f01fdf3bc98946ca1b50a,lifetime_reward,16x16,36099,-0.08128970861434937,0.04207620206742178,1.0,0,0,0,,,0.42100689937493185
20260124_084550,2026-01-24T09:17:05.534203,15cedc7a9730972b927f01fdf3bc98946ca1b50a,lifetime_reward,16x16,36199,-0.4177032709121704,0.04143767042205582,1.0,0,0,0,,,0.4209970886805945
20260124_084550,2026-01-24T09:17:07.868765,15cedc7a9730972b927f01fdf3bc98946ca1b50a,lifetime_reward,16x16,36299,-0.3527083396911621,0.04189626871300547,1.0,0,0,0,,,0.42099354416560997
20260124_084550,2026-01-24T09:17:10.144222,15cedc7a9730972b927f01fdf3bc98946ca1b50a,lifetime_reward,16x16,36399,-0.6245043873786926,0.04261733673892081,1.0,0,0,0,,,0.42099587780754005
20260124_084550,2026-01-24T09:17:12.573966,15cedc7a9730972b927f01fdf3bc98946ca1b50a,lifetime_reward,16x16,36499,-0.5244272947311401,0.04182248857602645,1.0,0,0,0,,,0.42099947815987926
20260124_084550,2026-01-24T09:17:14.860360,15cedc7a9730972b927f01fdf3bc98946ca1b50a,lifetime_reward,16x16,36599,-0.486951619386673,0.04312081179794177,1.0,0,0,0,,,0.4209853926811409
20260124_084550,2026-01-24T09:17:17.234983,15cedc7a9730972b927f01fdf3bc98946ca1b50a,lifetime_reward,16x16,36699,-0.3328353762626648,0.04185189245897448,1.0,0,0,0,,,0.4209985910193798
20260124_084550,2026-01-24T09:17:19.576207,15cedc7a9730972b927f01fdf3bc98946ca1b50a,lifetime_reward,16x16,36799,-0.37935030460357666,0.043168840182905434,1.0,0,0,0,,,0.420982063531118
20260124_084550,2026-01-24T09:17:21.846466,15cedc7a9730972b927f01fdf3bc98946ca1b50a,lifetime_reward,16x16,36899,-0.5495521426200867,0.041733047363020824,1.0,0,0,0,,,0.42099268385753313
20260124_084550,2026-01-24T09:17:24.133914,15cedc7a9730972b927f01fdf3bc98946ca1b50a,lifetime_reward,16x16,36999,-0.5780208110809326,0.04072550998628003,1.0,0,0,0,,,0.42096091273105996
20260124_084550,2026-01-24T09:17:26.541515,15cedc7a9730972b927f01fdf3bc98946ca1b50a,lifetime_reward,16x16,37099,-0.6152411103248596,0.0413337609038976,1.0,0,0,0,,,0.42098622962591803
20260124_084550,2026-01-24T09:17:28.891499,15cedc7a9730972b927f01fdf3bc98946ca1b50a,lifetime_reward,16x16,37199,-0.2838374376296997,0.04112823768461908,1.0,0,0,0,,,0.4209526846601015
20260124_084550,2026-01-24T09:17:31.181723,15cedc7a9730972b927f01fdf3bc98946ca1b50a,lifetime_reward,16x16,37299,-0.2611698508262634,0.04172497229202946,1.0,0,0,0,,,0.42100754701627696
20260124_084550,2026-01-24T09:17:33.421020,15cedc7a9730972b927f01fdf3bc98946ca1b50a,lifetime_reward,16x16,37399,-0.439569354057312,0.040770276137793646,1.0,0,0,0,,,0.42088680275990875
20260124_084550,2026-01-24T09:17:35.840162,15cedc7a9730972b927f01fdf3bc98946ca1b50a,lifetime_reward,16x16,37499,-0.6605269312858582,0.04180682865654489,1.0,0,0,0,,,0.42097989362121924
20260124_084550,2026-01-24T09:17:38.110241,15cedc7a9730972b927f01fdf3bc98946ca1b50a,lifetime_reward,16x16,37599,-0.3317786157131195,0.04028009854667175,1.0,0,0,0,,,0.4209223131095896
20260124_084550,2026-01-24T09:17:40.379017,15cedc7a9730972b927f01fdf3bc98946ca1b50a,lifetime_reward,16x16,37699,0.030599206686019897,0.04333475086159297,1.0,0,0,0,,,0.4209721866311511
20260124_084550,2026-01-24T09:17:42.742591,15cedc7a9730972b927f01fdf3bc98946ca1b50a,lifetime_reward,16x16,37799,-0.21259699761867523,0.04065484856448791,1.0,0,0,0,,,0.4209841906431084
20260124_084550,2026-01-24T09:17:45.116847,15cedc7a9730972b927f01fdf3bc98946ca1b50a,lifetime_reward,16x16,37899,-0.21215397119522095,0.040769970376256875,1.0,0,0,0,,,0.42096076797107485
20260124_084550,2026-01-24T09:17:47.447871,15cedc7a9730972b927f01fdf3bc98946ca1b50a,lifetime_reward,16x16,37999,-0.778654932975769,0.04090497555057254,1.0,0,0,0,,,0.42099268296826886
20260124_084550,2026-01-24T09:17:49.678896,15cedc7a9730972b927f01fdf3bc98946ca1b50a,lifetime_reward,16x16,38099,-0.34086257219314575,0.040848953424384715,1.0,0,0,0,,,0.4209655034572556
20260124_084550,2026-01-24T09:17:52.001624,15cedc7a9730972b927f01fdf3bc98946ca1b50a,lifetime_reward,16x16,38199,-0.08373019099235535,0.04219288314150546,1.0,0,0,0,,,0.4210089000811822
20260124_084550,2026-01-24T09:17:54.268897,15cedc7a9730972b927f01fdf3bc98946ca1b50a,lifetime_reward,16x16,38299,-0.5901021361351013,0.04190094426297165,1.0,0,0,0,,,0.4210005351669211
20260124_084550,2026-01-24T09:17:56.671052,15cedc7a9730972b927f01fdf3bc98946ca1b50a,lifetime_reward,16x16,38399,-0.3687422275543213,0.041942564063585056,1.0,0,0,0,,,0.42097621589159195
20260124_084550,2026-01-24T09:17:59.013230,15cedc7a9730972b927f01fdf3bc98946ca1b50a,lifetime_reward,16x16,38499,-0.28445228934288025,0.04090376871686544,1.0,0,0,0,,,0.42099051056489806
20260124_084550,2026-01-24T09:18:01.399390,15cedc7a9730972b927f01fdf3bc98946ca1b50a,lifetime_reward,16x16,38599,-0.20306500792503357,0.0421496239987087,1.0,0,0,0,,,0.4209497056573924
20260124_084550,2026-01-24T09:18:03.777527,15cedc7a9730972b927f01fdf3bc98946ca1b50a,lifetime_reward,16x16,38699,-0.2534967362880707,0.0429205059796606,1.0,0,0,0,,,0.42096351204125976
20260124_084550,2026-01-24T09:18:06.131060,15cedc7a9730972b927f01fdf3bc98946ca1b50a,lifetime_reward,16x16,38799,-0.42447322607040405,0.04195314739418365,1.0,0,0,0,,,0.4209951679476996
20260124_084550,2026-01-24T09:18:08.344100,15cedc7a9730972b927f01fdf3bc98946ca1b50a,lifetime_reward,16x16,38899,-0.766435444355011,0.041288988356596265,1.0,0,0,0,,,0.4209973454954259
20260124_084550,2026-01-24T09:18:10.625384,15cedc7a9730972b927f01fdf3bc98946ca1b50a,lifetime_reward,16x16,38999,-0.4558754861354828,0.04277873281029116,1.0,0,0,0,,,0.4208140834064432
20260124_084550,2026-01-24T09:18:12.982801,15cedc7a9730972b927f01fdf3bc98946ca1b50a,lifetime_reward,16x16,39099,-0.30228391289711,0.04135294378276626,1.0,0,0,0,,,0.42100322785381217
20260124_084550,2026-01-24T09:18:15.437227,15cedc7a9730972b927f01fdf3bc98946ca1b50a,lifetime_reward,16x16,39199,-0.40672850608825684,0.041051345821080075,1.0,0,0,0,,,0.42097357834323956
20260124_084550,2026-01-24T09:18:17.772832,15cedc7a9730972b927f01fdf3bc98946ca1b50a,lifetime_reward,16x16,39299,-0.3395865261554718,0.04171790765354558,1.0,0,0,0,,,0.42101128861935727
20260124_084550,2026-01-24T09:18:19.994872,15cedc7a9730972b927f01fdf3bc98946ca1b50a,lifetime_reward,16x16,39399,-0.22301076352596283,0.040463594992592104,1.0,0,0,0,,,0.42088837506776594
20260124_084550,2026-01-24T09:18:22.344546,15cedc7a9730972b927f01fdf3bc98946ca1b50a,lifetime_reward,16x16,39499,-0.3601764142513275,0.041431770323434876,1.0,0,0,0,,,0.42098900692428887
20260124_084550,2026-01-24T09:18:24.712406,15cedc7a9730972b927f01fdf3bc98946ca1b50a,lifetime_reward,16x16,39599,-0.637805163860321,0.04099034245248731,1.0,0,0,0,,,0.4209258563638545
20260124_084550,2026-01-24T09:18:27.090494,15cedc7a9730972b927f01fdf3bc98946ca1b50a,lifetime_reward,16x16,39699,-0.1618403196334839,0.042200206762794325,1.0,0,0,0,,,0.42093664648956003
20260124_084550,2026-01-24T09:18:29.582034,15cedc7a9730972b927f01fdf3bc98946ca1b50a,lifetime_reward,16x16,39799,-0.3435494601726532,0.04023656842460013,1.0,0,0,0,,,0.42093598617210354
20260124_084550,2026-01-24T09:18:32.035717,15cedc7a9730972b927f01fdf3bc98946ca1b50a,lifetime_reward,16x16,39899,-0.2547898292541504,0.0419153549569549,1.0,0,0,0,,,0.4209766683648388
20260124_084550,2026-01-24T09:18:34.337964,15cedc7a9730972b927f01fdf3bc98946ca1b50a,lifetime_reward,16x16,39999,-0.2354133129119873,0.042853067368409936,1.0,0,0,0,,,0.4209483135917643
20260124_084550,2026-01-24T09:18:36.764626,15cedc7a9730972b927f01fdf3bc98946ca1b50a,lifetime_reward,16x16,40099,-0.49061310291290283,0.041003975065902976,1.0,0,0,0,,,0.42078587987981103
20260124_084550,2026-01-24T09:18:39.009547,15cedc7a9730972b927f01fdf3bc98946ca1b50a,lifetime_reward,16x16,40199,-0.20477840304374695,0.04240419772856779,1.0,0,0,0,,,0.4209323284589196
20260124_084550,2026-01-24T09:18:41.444415,15cedc7a9730972b927f01fdf3bc98946ca1b50a,lifetime_reward,16x16,40299,-0.14106467366218567,0.04130382866840932,1.0,0,0,0,,,0.42092530922076754
20260124_084550,2026-01-24T09:18:43.818191,15cedc7a9730972b927f01fdf3bc98946ca1b50a,lifetime_reward,16x16,40399,-0.2371845543384552,0.04248445594171358,1.0,0,0,0,,,0.4209568862203173
20260124_084550,2026-01-24T09:18:46.080747,15cedc7a9730972b927f01fdf3bc98946ca1b50a,lifetime_reward,16x16,40499,-0.2509647607803345,0.042436456473363936,1.0,0,0,0,,,0.42089529143475163
20260124_084550,2026-01-24T09:18:48.335817,15cedc7a9730972b927f01fdf3bc98946ca1b50a,lifetime_reward,16x16,40599,-0.6665981411933899,0.04114927521138952,1.0,0,0,0,,,0.42100130051528817
20260124_084550,2026-01-24T09:18:50.787423,15cedc7a9730972b927f01fdf3bc98946ca1b50a,lifetime_reward,16x16,40699,-0.16264411807060242,0.04261135408333871,1.0,0,0,0,,,0.4209354026182788
20260124_084550,2026-01-24T09:18:53.071060,15cedc7a9730972b927f01fdf3bc98946ca1b50a,lifetime_reward,16x16,40799,-0.2919643521308899,0.042552372269658176,1.0,0,0,0,,,0.42094951955641013
20260124_084550,2026-01-24T09:18:55.266300,15cedc7a9730972b927f01fdf3bc98946ca1b50a,lifetime_reward,16x16,40899,-0.5729550719261169,0.0431635436501881,1.0,0,0,0,,,0.4209787704808693
20260124_084550,2026-01-24T09:18:57.476798,15cedc7a9730972b927f01fdf3bc98946ca1b50a,lifetime_reward,16x16,40999,-0.26673901081085205,0.04155491875872116,1.0,0,0,0,,,0.4210113023615537
20260124_084550,2026-01-24T09:18:59.751923,15cedc7a9730972b927f01fdf3bc98946ca1b50a,lifetime_reward,16x16,41099,-0.743118166923523,0.0424371946574027,1.0,0,0,0,,,0.4209904678732446
20260124_084550,2026-01-24T09:19:02.189437,15cedc7a9730972b927f01fdf3bc98946ca1b50a,lifetime_reward,16x16,41199,-0.3619830012321472,0.041473269408789974,1.0,0,0,0,,,0.4210010553015259
20260124_084550,2026-01-24T09:19:04.615876,15cedc7a9730972b927f01fdf3bc98946ca1b50a,lifetime_reward,16x16,41299,-0.7031686902046204,0.04156464132730917,1.0,0,0,0,,,0.42096235085131767
20260124_084550,2026-01-24T09:19:06.879209,15cedc7a9730972b927f01fdf3bc98946ca1b50a,lifetime_reward,16x16,41399,-0.3108281195163727,0.040491394409995676,1.0,0,0,0,,,0.42076725421090055
20260124_084550,2026-01-24T09:19:09.171923,15cedc7a9730972b927f01fdf3bc98946ca1b50a,lifetime_reward,16x16,41499,-0.5072780847549438,0.04168809670817865,1.0,0,0,0,,,0.42100991458483267
20260124_084550,2026-01-24T09:19:11.535615,15cedc7a9730972b927f01fdf3bc98946ca1b50a,lifetime_reward,16x16,41599,-0.3381439745426178,0.04274098359187519,1.0,0,0,0,,,0.42097865071202467
20260124_084550,2026-01-24T09:19:13.832141,15cedc7a9730972b927f01fdf3bc98946ca1b50a,lifetime_reward,16x16,41699,-0.680703341960907,0.041540955826495175,1.0,0,0,0,,,0.4210035274159456
20260124_084550,2026-01-24T09:19:16.211580,15cedc7a9730972b927f01fdf3bc98946ca1b50a,lifetime_reward,16x16,41799,-0.3660848140716553,0.04234041338023758,1.0,0,0,0,,,0.42100647736068214
20260124_084550,2026-01-24T09:19:18.655905,15cedc7a9730972b927f01fdf3bc98946ca1b50a,lifetime_reward,16x16,41899,-0.37550997734069824,0.04131998953579341,1.0,0,0,0,,,0.4209603595651303
20260124_084550,2026-01-24T09:19:20.915151,15cedc7a9730972b927f01fdf3bc98946ca1b50a,lifetime_reward,16x16,41999,-0.38219231367111206,0.04106781389437572,1.0,0,0,0,,,0.42099796838808456
20260124_084550,2026-01-24T09:19:23.429476,15cedc7a9730972b927f01fdf3bc98946ca1b50a,lifetime_reward,16x16,42099,-0.11560165882110596,0.04108773851311554,1.0,0,0,0,,,0.42099516772012535
20260124_084550,2026-01-24T09:19:25.684022,15cedc7a9730972b927f01fdf3bc98946ca1b50a,lifetime_reward,16x16,42199,-0.21854634582996368,0.041475413246377005,1.0,0,0,0,,,0.42100982870555553
20260124_084550,2026-01-24T09:19:28.069368,15cedc7a9730972b927f01fdf3bc98946ca1b50a,lifetime_reward,16x16,42299,-0.43539416790008545,0.04118313545746901,1.0,0,0,0,,,0.4210003132925716
20260124_084550,2026-01-24T09:19:30.405982,15cedc7a9730972b927f01fdf3bc98946ca1b50a,lifetime_reward,16x16,42399,-0.3853239417076111,0.04350450429541323,1.0,0,0,0,,,0.42088366295273827
20260124_084550,2026-01-24T09:19:32.740772,15cedc7a9730972b927f01fdf3bc98946ca1b50a,lifetime_reward,16x16,42499,-0.2439289391040802,0.04307902014668553,1.0,0,0,0,,,0.4209867233794968
20260124_084550,2026-01-24T09:19:35.108421,15cedc7a9730972b927f01fdf3bc98946ca1b50a,lifetime_reward,16x16,42599,-0.5860230922698975,0.04262270231689211,1.0,0,0,0,,,0.4210036231736364
20260124_084550,2026-01-24T09:19:37.488908,15cedc7a9730972b927f01fdf3bc98946ca1b50a,lifetime_reward,16x16,42699,-0.8056433200836182,0.04199856374883723,1.0,0,0,0,,,0.4210017551071733
20260124_084550,2026-01-24T09:19:39.853597,15cedc7a9730972b927f01fdf3bc98946ca1b50a,lifetime_reward,16x16,42799,-0.19380712509155273,0.042106457814954264,1.0,0,0,0,,,0.42101517276769573
20260124_084550,2026-01-24T09:19:42.232580,15cedc7a9730972b927f01fdf3bc98946ca1b50a,lifetime_reward,16x16,42899,-0.4020255208015442,0.04209320843406544,1.0,0,0,0,,,0.42101437423288
20260124_084550,2026-01-24T09:19:44.613147,15cedc7a9730972b927f01fdf3bc98946ca1b50a,lifetime_reward,16x16,42999,-0.6768181920051575,0.04173761515749344,1.0,0,0,0,,,0.42099500484623886
20260124_084550,2026-01-24T09:19:47.025751,15cedc7a9730972b927f01fdf3bc98946ca1b50a,lifetime_reward,16x16,43099,-0.22362510859966278,0.04156095384493568,1.0,0,0,0,,,0.4210045066768544
20260124_084550,2026-01-24T09:19:49.461027,15cedc7a9730972b927f01fdf3bc98946ca1b50a,lifetime_reward,16x16,43199,-0.4119466543197632,0.042433054325067124,1.0,0,0,0,,,0.4209972054084087
20260124_084550,2026-01-24T09:19:51.926122,15cedc7a9730972b927f01fdf3bc98946ca1b50a,lifetime_reward,16x16,43299,-0.3400065302848816,0.04185916773339045,1.0,0,0,0,,,0.4209959251107575
20260124_084550,2026-01-24T09:19:54.277549,15cedc7a9730972b927f01fdf3bc98946ca1b50a,lifetime_reward,16x16,43399,-0.7517479062080383,0.04300305629380048,1.0,0,0,0,,,0.42096854249669297
20260124_084550,2026-01-24T09:19:56.717963,15cedc7a9730972b927f01fdf3bc98946ca1b50a,lifetime_reward,16x16,43499,-0.25852927565574646,0.040745128938917505,1.0,0,0,0,,,0.4207188033879593
20260124_084550,2026-01-24T09:19:59.041820,15cedc7a9730972b927f01fdf3bc98946ca1b50a,lifetime_reward,16x16,43599,-0.7468738555908203,0.04172624842863154,1.0,0,0,0,,,0.42100441173375347
20260124_084550,2026-01-24T09:20:01.318911,15cedc7a9730972b927f01fdf3bc98946ca1b50a,lifetime_reward,16x16,43699,-0.27868813276290894,0.042236024761551506,1.0,0,0,0,,,0.42095528616678557
20260124_084550,2026-01-24T09:20:03.609474,15cedc7a9730972b927f01fdf3bc98946ca1b50a,lifetime_reward,16x16,43799,-0.43492549657821655,0.04157751243249912,1.0,0,0,0,,,0.4210160744740521
20260124_084550,2026-01-24T09:20:05.957886,15cedc7a9730972b927f01fdf3bc98946ca1b50a,lifetime_reward,16x16,43899,-0.44750475883483887,0.042444741230446364,1.0,0,0,0,,,0.42095434268441656
20260124_084550,2026-01-24T09:20:08.421252,15cedc7a9730972b927f01fdf3bc98946ca1b50a,lifetime_reward,16x16,43999,-0.28073155879974365,0.0424789956053267,1.0,0,0,0,,,0.42100612592333586
20260124_084550,2026-01-24T09:20:10.656066,15cedc7a9730972b927f01fdf3bc98946ca1b50a,lifetime_reward,16x16,44099,-0.4036813974380493,0.04160031601895868,1.0,0,0,0,,,0.4210160721021605
20260124_084550,2026-01-24T09:20:13.013799,15cedc7a9730972b927f01fdf3bc98946ca1b50a,lifetime_reward,16x16,44199,-0.3027174770832062,0.04173918283706254,1.0,0,0,0,,,0.4210147833739539
20260124_084550,2026-01-24T09:20:15.228275,15cedc7a9730972b927f01fdf3bc98946ca1b50a,lifetime_reward,16x16,44299,-0.32990261912345886,0.042494917773389235,1.0,0,0,0,,,0.4208964769904317
20260124_084550,2026-01-24T09:20:17.611303,15cedc7a9730972b927f01fdf3bc98946ca1b50a,lifetime_reward,16x16,44399,-0.29048100113868713,0.041523946396511455,1.0,0,0,0,,,0.4210019271625756
20260124_084550,2026-01-24T09:20:20.000625,15cedc7a9730972b927f01fdf3bc98946ca1b50a,lifetime_reward,16x16,44499,-0.24110980331897736,0.04195642622739012,1.0,0,0,0,,,0.4210153468885749
20260124_084550,2026-01-24T09:20:22.255402,15cedc7a9730972b927f01fdf3bc98946ca1b50a,lifetime_reward,16x16,44599,-0.5125936269760132,0.04347329984453486,1.0,0,0,0,,,0.42094605110817024
20260124_084550,2026-01-24T09:20:24.533326,15cedc7a9730972b927f01fdf3bc98946ca1b50a,lifetime_reward,16x16,44699,-0.6468209624290466,0.0418827812419651,1.0,0,0,0,,,0.42100214595965535
20260124_084550,2026-01-24T09:20:26.940454,15cedc7a9730972b927f01fdf3bc98946ca1b50a,lifetime_reward,16x16,44799,-0.35838523507118225,0.043165176566860454,1.0,0,0,0,,,0.4207558882728497
20260124_084550,2026-01-24T09:20:29.218605,15cedc7a9730972b927f01fdf3bc98946ca1b50a,lifetime_reward,16x16,44899,-0.5485342144966125,0.04107151921738094,1.0,0,0,0,,,0.4209554199823554
20260124_084550,2026-01-24T09:20:31.602216,15cedc7a9730972b927f01fdf3bc98946ca1b50a,lifetime_reward,16x16,44999,-0.49995219707489014,0.04193892748250729,1.0,0,0,0,,,0.42100595276372077
20260124_084550,2026-01-24T09:20:34.027258,15cedc7a9730972b927f01fdf3bc98946ca1b50a,lifetime_reward,16x16,45099,-0.20247560739517212,0.041779209926280994,1.0,0,0,0,,,0.42101203083356564
20260124_084550,2026-01-24T09:20:36.411873,15cedc7a9730972b927f01fdf3bc98946ca1b50a,lifetime_reward,16x16,45199,-0.5470921397209167,0.04217687617806007,1.0,0,0,0,,,0.42101997898475696
20260124_084550,2026-01-24T09:20:38.808156,15cedc7a9730972b927f01fdf3bc98946ca1b50a,lifetime_reward,16x16,45299,-0.5442962646484375,0.03993864535060794,1.0,0,0,0,,,0.42079174203494824
20260124_084550,2026-01-24T09:20:41.180380,15cedc7a9730972b927f01fdf3bc98946ca1b50a,lifetime_reward,16x16,45399,-0.3989417850971222,0.04248318491904107,1.0,0,0,0,,,0.4210052631528607
20260124_084550,2026-01-24T09:20:43.387720,15cedc7a9730972b927f01fdf3bc98946ca1b50a,lifetime_reward,16x16,45499,-0.3937971591949463,0.042299807387284255,1.0,0,0,0,,,0.42100575803614804
20260124_084550,2026-01-24T09:20:45.652978,15cedc7a9730972b927f01fdf3bc98946ca1b50a,lifetime_reward,16x16,45599,-0.6892077326774597,0.042233067064592546,1.0,0,0,0,,,0.42099437526393035
20260124_084550,2026-01-24T09:20:48.009630,15cedc7a9730972b927f01fdf3bc98946ca1b50a,lifetime_reward,16x16,45699,-0.38292890787124634,0.04188129053613038,1.0,0,0,0,,,0.4209827237615384
20260124_084550,2026-01-24T09:20:50.357016,15cedc7a9730972b927f01fdf3bc98946ca1b50a,lifetime_reward,16x16,45799,-0.40273773670196533,0.0411728551586459,1.0,0,0,0,,,0.4210128220637164
20260124_084550,2026-01-24T09:20:52.772883,15cedc7a9730972b927f01fdf3bc98946ca1b50a,lifetime_reward,16x16,45899,-0.6358585953712463,0.04326089965734268,1.0,0,0,0,,,0.42094556364997043
20260124_084550,2026-01-24T09:20:55.040046,15cedc7a9730972b927f01fdf3bc98946ca1b50a,lifetime_reward,16x16,45999,-0.35651662945747375,0.04141346710265509,1.0,0,0,0,,,0.4209998830907721
20260124_084550,2026-01-24T09:20:57.403939,15cedc7a9730972b927f01fdf3bc98946ca1b50a,lifetime_reward,16x16,46099,-0.1445232629776001,0.04200539705216567,1.0,0,0,0,,,0.42100265026092576
20260124_084550,2026-01-24T09:20:59.690002,15cedc7a9730972b927f01fdf3bc98946ca1b50a,lifetime_reward,16x16,46199,-0.28441229462623596,0.04200175944326514,1.0,0,0,0,,,0.42101545045661054
20260124_084550,2026-01-24T09:21:02.094900,15cedc7a9730972b927f01fdf3bc98946ca1b50a,lifetime_reward,16x16,46299,-0.4017564058303833,0.04224790230661613,1.0,0,0,0,,,0.4209520389298956
20260124_084550,2026-01-24T09:21:04.360073,15cedc7a9730972b927f01fdf3bc98946ca1b50a,lifetime_reward,16x16,46399,-0.24674631655216217,0.04124824366656777,1.0,0,0,0,,,0.4209946961134857
20260124_084550,2026-01-24T09:21:06.641440,15cedc7a9730972b927f01fdf3bc98946ca1b50a,lifetime_reward,16x16,46499,-0.27432236075401306,0.04129286469631349,1.0,0,0,0,,,0.4210136585476496
20260124_084550,2026-01-24T09:21:08.998511,15cedc7a9730972b927f01fdf3bc98946ca1b50a,lifetime_reward,16x16,46599,-0.3336779773235321,0.04096029105893205,1.0,0,0,0,,,0.4209363527750517
20260124_084550,2026-01-24T09:21:11.371910,15cedc7a9730972b927f01fdf3bc98946ca1b50a,lifetime_reward,16x16,46699,-0.13679064810276031,0.041252095130048856,1.0,0,0,0,,,0.42098785908129627
20260124_084550,2026-01-24T09:21:13.734868,15cedc7a9730972b927f01fdf3bc98946ca1b50a,lifetime_reward,16x16,46799,-0.20432715117931366,0.04136356762999878,1.0,0,0,0,,,0.42099047774461895
20260124_084550,2026-01-24T09:21:16.106792,15cedc7a9730972b927f01fdf3bc98946ca1b50a,lifetime_reward,16x16,46899,-0.47243037819862366,0.04318391947287381,1.0,0,0,0,,,0.4209485966427112
20260124_084550,2026-01-24T09:21:18.488445,15cedc7a9730972b927f01fdf3bc98946ca1b50a,lifetime_reward,16x16,46999,-0.4685527980327606,0.04115736657157924,1.0,0,0,0,,,0.42098730619710556
20260124_084550,2026-01-24T09:21:20.824174,15cedc7a9730972b927f01fdf3bc98946ca1b50a,lifetime_reward,16x16,47099,-0.6777266263961792,0.04167672837285522,1.0,0,0,0,,,0.42097573499038665
20260124_084550,2026-01-24T09:21:23.265824,15cedc7a9730972b927f01fdf3bc98946ca1b50a,lifetime_reward,16x16,47199,-0.44334444403648376,0.043512238790646834,1.0,0,0,0,,,0.420900848784233
20260124_084550,2026-01-24T09:21:25.523564,15cedc7a9730972b927f01fdf3bc98946ca1b50a,lifetime_reward,16x16,47299,-0.3651066720485687,0.04400915184752883,1.0,0,0,0,,,0.4207657795387904
20260124_084550,2026-01-24T09:21:27.886535,15cedc7a9730972b927f01fdf3bc98946ca1b50a,lifetime_reward,16x16,47399,-0.4615568518638611,0.04224886140821809,1.0,0,0,0,,,0.4210103368737075
20260124_084550,2026-01-24T09:21:30.179631,15cedc7a9730972b927f01fdf3bc98946ca1b50a,lifetime_reward,16x16,47499,-0.3195135295391083,0.04244648170564289,1.0,0,0,0,,,0.42101783863654996
20260124_084550,2026-01-24T09:21:32.534469,15cedc7a9730972b927f01fdf3bc98946ca1b50a,lifetime_reward,16x16,47599,-0.470344603061676,0.04079146227406174,1.0,0,0,0,,,0.42092470361994827
20260124_084550,2026-01-24T09:21:34.823172,15cedc7a9730972b927f01fdf3bc98946ca1b50a,lifetime_reward,16x16,47699,-0.11758258193731308,0.04089967694608077,1.0,0,0,0,,,0.4208721421896329
20260124_084550,2026-01-24T09:21:37.213265,15cedc7a9730972b927f01fdf3bc98946ca1b50a,lifetime_reward,16x16,47799,-0.13137823343276978,0.043501550278067035,1.0,0,0,0,,,0.4208294333161362
20260124_084550,2026-01-24T09:21:39.564184,15cedc7a9730972b927f01fdf3bc98946ca1b50a,lifetime_reward,16x16,47899,0.05047161877155304,0.0435314832527024,1.0,0,0,0,,,0.42089420576734515
20260124_084550,2026-01-24T09:21:41.782324,15cedc7a9730972b927f01fdf3bc98946ca1b50a,lifetime_reward,16x16,47999,-0.37525099515914917,0.04154969111836447,1.0,0,0,0,,,0.42096358369562936
20260124_084550,2026-01-24T09:21:44.109485,15cedc7a9730972b927f01fdf3bc98946ca1b50a,lifetime_reward,16x16,48099,-0.378204882144928,0.04173590726698972,1.0,0,0,0,,,0.42101213258168535
20260124_084550,2026-01-24T09:21:46.331722,15cedc7a9730972b927f01fdf3bc98946ca1b50a,lifetime_reward,16x16,48199,-0.1632448434829712,0.041335596739834043,1.0,0,0,0,,,0.42100893744433665
20260124_084550,2026-01-24T09:21:48.586547,15cedc7a9730972b927f01fdf3bc98946ca1b50a,lifetime_reward,16x16,48299,-0.5479132533073425,0.042315372554615,1.0,0,0,0,,,0.42099825733602003
20260124_084550,2026-01-24T09:21:50.925408,15cedc7a9730972b927f01fdf3bc98946ca1b50a,lifetime_reward,16x16,48399,-0.6772353053092957,0.04178145905897291,1.0,0,0,0,,,0.4210131082783817
20260124_084550,2026-01-24T09:21:53.372339,15cedc7a9730972b927f01fdf3bc98946ca1b50a,lifetime_reward,16x16,48499,-0.0588458776473999,0.0414202268597823,1.0,0,0,0,,,0.4209638956939233
20260124_084550,2026-01-24T09:21:55.620330,15cedc7a9730972b927f01fdf3bc98946ca1b50a,lifetime_reward,16x16,48599,-0.5395582318305969,0.04143078915439304,1.0,0,0,0,,,0.4209060069740011
20260124_084550,2026-01-24T09:21:58.014254,15cedc7a9730972b927f01fdf3bc98946ca1b50a,lifetime_reward,16x16,48699,-0.27664175629615784,0.042428388482963444,1.0,0,0,0,,,0.42092008274889714
20260124_084550,2026-01-24T09:22:00.487450,15cedc7a9730972b927f01fdf3bc98946ca1b50a,lifetime_reward,16x16,48799,-0.4952939748764038,0.04046137815848823,1.0,0,0,0,,,0.42091838816735766
20260124_084550,2026-01-24T09:22:02.863385,15cedc7a9730972b927f01fdf3bc98946ca1b50a,lifetime_reward,16x16,48899,-0.34528252482414246,0.04159531405788197,1.0,0,0,0,,,0.42100843749373285
20260124_084550,2026-01-24T09:22:05.293214,15cedc7a9730972b927f01fdf3bc98946ca1b50a,lifetime_reward,16x16,48999,-0.5561426877975464,0.04139846060903135,1.0,0,0,0,,,0.42093146829542144
20260124_084550,2026-01-24T09:22:07.677628,15cedc7a9730972b927f01fdf3bc98946ca1b50a,lifetime_reward,16x16,49099,-0.7893772125244141,0.041546349669926555,1.0,0,0,0,,,0.42100575611859337
20260124_084550,2026-01-24T09:22:10.007643,15cedc7a9730972b927f01fdf3bc98946ca1b50a,lifetime_reward,16x16,49199,-0.5262220501899719,0.04040642939021421,1.0,0,0,0,,,0.4208424714645336
20260124_084550,2026-01-24T09:22:12.272958,15cedc7a9730972b927f01fdf3bc98946ca1b50a,lifetime_reward,16x16,49299,-0.25950053334236145,0.040459251279804105,1.0,0,0,0,,,0.42093731785657484
20260124_084550,2026-01-24T09:22:14.581459,15cedc7a9730972b927f01fdf3bc98946ca1b50a,lifetime_reward,16x16,49399,-0.3546949625015259,0.041979860319398196,1.0,0,0,0,,,0.42100577713289533
20260124_084550,2026-01-24T09:22:16.789011,15cedc7a9730972b927f01fdf3bc98946ca1b50a,lifetime_reward,16x16,49499,-0.22235390543937683,0.04366446874518459,1.0,0,0,0,,,0.4208069127573474
20260124_084550,2026-01-24T09:22:19.092430,15cedc7a9730972b927f01fdf3bc98946ca1b50a,lifetime_reward,16x16,49599,-0.4047565460205078,0.0432473166453903,1.0,0,0,0,,,0.42098368055928503
20260124_084550,2026-01-24T09:22:21.403887,15cedc7a9730972b927f01fdf3bc98946ca1b50a,lifetime_reward,16x16,49699,-0.188856303691864,0.04178271166271596,1.0,0,0,0,,,0.4210237479837472
20260124_084550,2026-01-24T09:22:23.804978,15cedc7a9730972b927f01fdf3bc98946ca1b50a,lifetime_reward,16x16,49799,-0.44148147106170654,0.04108945668318114,1.0,0,0,0,,,0.42099010297510225
20260124_084550,2026-01-24T09:22:26.033069,15cedc7a9730972b927f01fdf3bc98946ca1b50a,lifetime_reward,16x16,49899,-0.39123106002807617,0.0415878799240366,1.0,0,0,0,,,0.4210014525973636
20260124_084550,2026-01-24T09:22:28.412155,15cedc7a9730972b927f01fdf3bc98946ca1b50a,lifetime_reward,16x16,49999,-0.2865939140319824,0.04224299725204459,1.0,0,0,0,,,0.42102096816161494
20260124_084550,2026-01-24T09:22:29.139617,15cedc7a9730972b927f01fdf3bc98946ca1b50a,lifetime_reward,32x32,0,1.0914231538772583,0.4187898487192433,1.0,0,0,0,,,-0.8157692256764141
20260124_084550,2026-01-24T09:22:31.851049,15cedc7a9730972b927f01fdf3bc98946ca1b50a,lifetime_reward,32x32,99,-0.08882568776607513,0.15146705124083382,1.0,0,0,0,,,0.3055905296111866
20260124_084550,2026-01-24T09:22:34.499433,15cedc7a9730972b927f01fdf3bc98946ca1b50a,lifetime_reward,32x32,199,-0.6229060888290405,0.08263730850580032,1.0,0,0,0,,,0.37846598607729
20260124_084550,2026-01-24T09:22:37.706027,15cedc7a9730972b927f01fdf3bc98946ca1b50a,lifetime_reward,32x32,299,-0.0873783677816391,0.06831156939311768,1.0,0,0,0,,,0.39631373596395064
20260124_084550,2026-01-24T09:22:40.316302,15cedc7a9730972b927f01fdf3bc98946ca1b50a,lifetime_reward,32x32,399,-0.2869243025779724,0.05889471220216365,1.0,0,0,0,,,0.4047820452610167
20260124_084550,2026-01-24T09:22:42.909791,15cedc7a9730972b927f01fdf3bc98946ca1b50a,lifetime_reward,32x32,499,-0.3049244284629822,0.05539965893869521,1.0,0,0,0,,,0.40991247950394416
20260124_084550,2026-01-24T09:22:45.638960,15cedc7a9730972b927f01fdf3bc98946ca1b50a,lifetime_reward,32x32,599,-0.1441374272108078,0.05257707577664405,1.0,0,0,0,,,0.412587589222594
20260124_084550,2026-01-24T09:22:48.267336,15cedc7a9730972b927f01fdf3bc98946ca1b50a,lifetime_reward,32x32,699,-0.5808888077735901,0.05138745342657785,1.0,0,0,0,,,0.41423670051134653
20260124_084550,2026-01-24T09:22:50.960693,15cedc7a9730972b927f01fdf3bc98946ca1b50a,lifetime_reward,32x32,799,-0.24414223432540894,0.047903520142426714,1.0,0,0,0,,,0.4154725013439601
20260124_084550,2026-01-24T09:22:53.639150,15cedc7a9730972b927f01fdf3bc98946ca1b50a,lifetime_reward,32x32,899,-0.5335373878479004,0.04784878046120866,1.0,0,0,0,,,0.4163876862532625
20260124_084550,2026-01-24T09:22:56.315224,15cedc7a9730972b927f01fdf3bc98946ca1b50a,lifetime_reward,32x32,999,-0.4635171592235565,0.04687165763665689,1.0,0,0,0,,,0.41706153269145696
20260124_084550,2026-01-24T09:22:58.888326,15cedc7a9730972b927f01fdf3bc98946ca1b50a,lifetime_reward,32x32,1099,-0.3877573311328888,0.04517590567047591,1.0,0,0,0,,,0.41754750745216374
20260124_084550,2026-01-24T09:23:01.337015,15cedc7a9730972b927f01fdf3bc98946ca1b50a,lifetime_reward,32x32,1199,-0.4549349546432495,0.04626730746938847,1.0,0,0,0,,,0.41785023122219533
20260124_084550,2026-01-24T09:23:04.087150,15cedc7a9730972b927f01fdf3bc98946ca1b50a,lifetime_reward,32x32,1299,-0.24368509650230408,0.04512424414191628,1.0,0,0,0,,,0.418336184445813
20260124_084550,2026-01-24T09:23:06.723116,15cedc7a9730972b927f01fdf3bc98946ca1b50a,lifetime_reward,32x32,1399,-0.44937801361083984,0.04352218807485769,1.0,0,0,0,,,0.4185091581545815
20260124_084550,2026-01-24T09:23:09.294785,15cedc7a9730972b927f01fdf3bc98946ca1b50a,lifetime_reward,32x32,1499,-0.4593505859375,0.043860983993436096,1.0,0,0,0,,,0.4187419320632044
20260124_084550,2026-01-24T09:23:11.851040,15cedc7a9730972b927f01fdf3bc98946ca1b50a,lifetime_reward,32x32,1599,-0.29157543182373047,0.044518292199645655,1.0,0,0,0,,,0.4190110176988297
20260124_084550,2026-01-24T09:23:14.429860,15cedc7a9730972b927f01fdf3bc98946ca1b50a,lifetime_reward,32x32,1699,-0.2593156695365906,0.043966649531867005,1.0,0,0,0,,,0.41917403141325943
20260124_084550,2026-01-24T09:23:17.112075,15cedc7a9730972b927f01fdf3bc98946ca1b50a,lifetime_reward,32x32,1799,-0.5165104269981384,0.043712134298693854,1.0,0,0,0,,,0.4193361865596401
20260124_084550,2026-01-24T09:23:19.781314,15cedc7a9730972b927f01fdf3bc98946ca1b50a,lifetime_reward,32x32,1899,-0.40514707565307617,0.04391049220386776,1.0,0,0,0,,,0.4193406228024652
20260124_084550,2026-01-24T09:23:22.320009,15cedc7a9730972b927f01fdf3bc98946ca1b50a,lifetime_reward,32x32,1999,-0.1944352686405182,0.043719050172585414,1.0,0,0,0,,,0.4194790084344289
20260124_084550,2026-01-24T09:23:25.074098,15cedc7a9730972b927f01fdf3bc98946ca1b50a,lifetime_reward,32x32,2099,-0.6512676477432251,0.04257283833612746,1.0,0,0,0,,,0.41967067456564744
20260124_084550,2026-01-24T09:23:27.711024,15cedc7a9730972b927f01fdf3bc98946ca1b50a,lifetime_reward,32x32,2199,-0.6314340829849243,0.042385582503047775,1.0,0,0,0,,,0.419739912388389
20260124_084550,2026-01-24T09:23:30.343402,15cedc7a9730972b927f01fdf3bc98946ca1b50a,lifetime_reward,32x32,2299,-0.28795409202575684,0.041886155137617606,1.0,0,0,0,,,0.4198141827517937
20260124_084550,2026-01-24T09:23:32.962735,15cedc7a9730972b927f01fdf3bc98946ca1b50a,lifetime_reward,32x32,2399,-0.3347576856613159,0.041602654202797566,1.0,0,0,0,,,0.41988478164259846
20260124_084550,2026-01-24T09:23:35.410667,15cedc7a9730972b927f01fdf3bc98946ca1b50a,lifetime_reward,32x32,2499,-0.3389056324958801,0.04174629792614724,1.0,0,0,0,,,0.4199451404152838
20260124_084550,2026-01-24T09:23:38.017881,15cedc7a9730972b927f01fdf3bc98946ca1b50a,lifetime_reward,32x32,2599,-0.5163872838020325,0.044522968402525294,1.0,0,0,0,,,0.4197381789377055
20260124_084550,2026-01-24T09:23:40.603235,15cedc7a9730972b927f01fdf3bc98946ca1b50a,lifetime_reward,32x32,2699,-0.3133319020271301,0.042123689548316176,1.0,0,0,0,,,0.4200540676098844
20260124_084550,2026-01-24T09:23:43.193257,15cedc7a9730972b927f01fdf3bc98946ca1b50a,lifetime_reward,32x32,2799,-0.21500235795974731,0.041382135577368896,1.0,0,0,0,,,0.42002420436430155
20260124_084550,2026-01-24T09:23:45.789961,15cedc7a9730972b927f01fdf3bc98946ca1b50a,lifetime_reward,32x32,2899,-0.28071221709251404,0.04109797331293521,1.0,0,0,0,,,0.4201083051344835
20260124_084550,2026-01-24T09:23:48.387173,15cedc7a9730972b927f01fdf3bc98946ca1b50a,lifetime_reward,32x32,2999,-0.1722509264945984,0.04180380345242156,1.0,0,0,0,,,0.42005666110701784
20260124_084550,2026-01-24T09:23:50.971255,15cedc7a9730972b927f01fdf3bc98946ca1b50a,lifetime_reward,32x32,3099,-0.07162830233573914,0.04149639245806611,1.0,0,0,0,,,0.4201730524345355
20260124_084550,2026-01-24T09:23:53.452886,15cedc7a9730972b927f01fdf3bc98946ca1b50a,lifetime_reward,32x32,3199,-0.3880041241645813,0.040453420300764265,1.0,0,0,0,,,0.42007304382006017
20260124_084550,2026-01-24T09:23:56.010513,15cedc7a9730972b927f01fdf3bc98946ca1b50a,lifetime_reward,32x32,3299,-0.33510246872901917,0.04204681037321279,1.0,0,0,0,,,0.4202795258705877
20260124_084550,2026-01-24T09:23:58.555785,15cedc7a9730972b927f01fdf3bc98946ca1b50a,lifetime_reward,32x32,3399,-0.3068138360977173,0.04182459976123937,1.0,0,0,0,,,0.4202209629023128
20260124_084550,2026-01-24T09:24:00.991654,15cedc7a9730972b927f01fdf3bc98946ca1b50a,lifetime_reward,32x32,3499,-0.5443348288536072,0.04254582907313306,1.0,0,0,0,,,0.420339058235896
20260124_084550,2026-01-24T09:24:03.646017,15cedc7a9730972b927f01fdf3bc98946ca1b50a,lifetime_reward,32x32,3599,-0.5869526267051697,0.04261610113018833,1.0,0,0,0,,,0.4203401644741436
20260124_084550,2026-01-24T09:24:06.401728,15cedc7a9730972b927f01fdf3bc98946ca1b50a,lifetime_reward,32x32,3699,-0.10214027017354965,0.042653558011516,1.0,0,0,0,,,0.420357372621289
20260124_084550,2026-01-24T09:24:09.001196,15cedc7a9730972b927f01fdf3bc98946ca1b50a,lifetime_reward,32x32,3799,-0.4719822108745575,0.04199708073945658,1.0,0,0,0,,,0.42042451365575373
20260124_084550,2026-01-24T09:24:11.630260,15cedc7a9730972b927f01fdf3bc98946ca1b50a,lifetime_reward,32x32,3899,0.06355725973844528,0.04100407850040938,1.0,0,0,0,,,0.42039999294035035
20260124_084550,2026-01-24T09:24:14.240945,15cedc7a9730972b927f01fdf3bc98946ca1b50a,lifetime_reward,32x32,3999,-0.3503372073173523,0.04216155504065682,1.0,0,0,0,,,0.4204228944566562
20260124_084550,2026-01-24T09:24:16.819529,15cedc7a9730972b927f01fdf3bc98946ca1b50a,lifetime_reward,32x32,4099,-0.2847619652748108,0.040764696069527415,1.0,0,0,0,,,0.42039589721939474
20260124_084550,2026-01-24T09:24:19.245550,15cedc7a9730972b927f01fdf3bc98946ca1b50a,lifetime_reward,32x32,4199,-0.317806601524353,0.042276659526032746,1.0,0,0,0,,,0.42050034639952927
20260124_084550,2026-01-24T09:24:21.801262,15cedc7a9730972b927f01fdf3bc98946ca1b50a,lifetime_reward,32x32,4299,-0.3119064271450043,0.04171234449269832,1.0,0,0,0,,,0.42049022182791984
20260124_084550,2026-01-24T09:24:24.516766,15cedc7a9730972b927f01fdf3bc98946ca1b50a,lifetime_reward,32x32,4399,-0.4798972010612488,0.041322695684793874,1.0,0,0,0,,,0.42044138218381605
20260124_084550,2026-01-24T09:24:27.092232,15cedc7a9730972b927f01fdf3bc98946ca1b50a,lifetime_reward,32x32,4499,-0.3793550133705139,0.04174744733783882,1.0,0,0,0,,,0.4205523030518378
20260124_084550,2026-01-24T09:24:29.585766,15cedc7a9730972b927f01fdf3bc98946ca1b50a,lifetime_reward,32x32,4599,-0.31408125162124634,0.040286175825822286,1.0,0,0,0,,,0.4201659436462971
20260124_084550,2026-01-24T09:24:32.172098,15cedc7a9730972b927f01fdf3bc98946ca1b50a,lifetime_reward,32x32,4699,0.14216569066047668,0.04118706497443782,1.0,0,0,0,,,0.4205288839459208
20260124_084550,2026-01-24T09:24:34.841340,15cedc7a9730972b927f01fdf3bc98946ca1b50a,lifetime_reward,32x32,4799,-0.2865378260612488,0.04131210782841663,1.0,0,0,0,,,0.42059977812264177
20260124_084550,2026-01-24T09:24:37.451091,15cedc7a9730972b927f01fdf3bc98946ca1b50a,lifetime_reward,32x32,4899,-0.5442441701889038,0.04191397001341102,1.0,0,0,0,,,0.4206086312933236
20260124_084550,2026-01-24T09:24:39.885905,15cedc7a9730972b927f01fdf3bc98946ca1b50a,lifetime_reward,32x32,4999,-0.5957916378974915,0.04144678625954839,1.0,0,0,0,,,0.42063040507294613
20260124_084550,2026-01-24T09:24:42.485251,15cedc7a9730972b927f01fdf3bc98946ca1b50a,lifetime_reward,32x32,5099,-0.7222484350204468,0.04209910133686208,1.0,0,0,0,,,0.42062524727019324
20260124_084550,2026-01-24T09:24:45.041403,15cedc7a9730972b927f01fdf3bc98946ca1b50a,lifetime_reward,32x32,5199,-0.673095703125,0.042240205792695634,1.0,0,0,0,,,0.42063320811447313
20260124_084550,2026-01-24T09:24:47.617355,15cedc7a9730972b927f01fdf3bc98946ca1b50a,lifetime_reward,32x32,5299,-0.11386711895465851,0.042690450177615274,1.0,0,0,0,,,0.42064793030781816
20260124_084550,2026-01-24T09:24:50.226253,15cedc7a9730972b927f01fdf3bc98946ca1b50a,lifetime_reward,32x32,5399,-0.3156702518463135,0.041065141705912536,1.0,0,0,0,,,0.42066382880319214
20260124_084550,2026-01-24T09:24:52.822593,15cedc7a9730972b927f01fdf3bc98946ca1b50a,lifetime_reward,32x32,5499,-0.636393666267395,0.04178519681394391,1.0,0,0,0,,,0.4206859939251358
20260124_084550,2026-01-24T09:24:55.419879,15cedc7a9730972b927f01fdf3bc98946ca1b50a,lifetime_reward,32x32,5599,-0.41348397731781006,0.04097230527520878,1.0,0,0,0,,,0.4206579284111626
20260124_084550,2026-01-24T09:24:57.896247,15cedc7a9730972b927f01fdf3bc98946ca1b50a,lifetime_reward,32x32,5699,-0.16662640869617462,0.03937721515023441,1.0,0,0,0,,,0.420514814959112
20260124_084550,2026-01-24T09:25:00.547938,15cedc7a9730972b927f01fdf3bc98946ca1b50a,lifetime_reward,32x32,5799,-0.4702349305152893,0.04058787991634745,1.0,0,0,0,,,0.42067029133361844
20260124_084550,2026-01-24T09:25:03.148143,15cedc7a9730972b927f01fdf3bc98946ca1b50a,lifetime_reward,32x32,5899,-0.6511879563331604,0.04096303180143877,1.0,0,0,0,,,0.420707078808686
20260124_084550,2026-01-24T09:25:05.743807,15cedc7a9730972b927f01fdf3bc98946ca1b50a,lifetime_reward,32x32,5999,-0.5331986546516418,0.04040107274217007,1.0,0,0,0,,,0.42069855747415674
20260124_084550,2026-01-24T09:25:08.500883,15cedc7a9730972b927f01fdf3bc98946ca1b50a,lifetime_reward,32x32,6099,-0.3578566610813141,0.04060971980914473,1.0,0,0,0,,,0.420692759689
20260124_084550,2026-01-24T09:25:11.112308,15cedc7a9730972b927f01fdf3bc98946ca1b50a,lifetime_reward,32x32,6199,-0.2555657625198364,0.040411394190377904,1.0,0,0,0,,,0.42051082474369805
20260124_084550,2026-01-24T09:25:13.854128,15cedc7a9730972b927f01fdf3bc98946ca1b50a,lifetime_reward,32x32,6299,-0.5520155429840088,0.041805052327981686,1.0,0,0,0,,,0.42074527265909595
20260124_084550,2026-01-24T09:25:16.467856,15cedc7a9730972b927f01fdf3bc98946ca1b50a,lifetime_reward,32x32,6399,-0.41316571831703186,0.04064049447551952,1.0,0,0,0,,,0.420249323576501
20260124_084550,2026-01-24T09:25:18.924355,15cedc7a9730972b927f01fdf3bc98946ca1b50a,lifetime_reward,32x32,6499,-0.5042341947555542,0.043004133899448786,1.0,0,0,0,,,0.42073663485167445
20260124_084550,2026-01-24T09:25:21.687884,15cedc7a9730972b927f01fdf3bc98946ca1b50a,lifetime_reward,32x32,6599,-0.6694920659065247,0.04198399343789788,1.0,0,0,0,,,0.4207683174791589
20260124_084550,2026-01-24T09:25:24.297148,15cedc7a9730972b927f01fdf3bc98946ca1b50a,lifetime_reward,32x32,6699,-0.11776338517665863,0.0429812037935335,1.0,0,0,0,,,0.4206277788881997
20260124_084550,2026-01-24T09:25:26.969063,15cedc7a9730972b927f01fdf3bc98946ca1b50a,lifetime_reward,32x32,6799,-0.6420683860778809,0.04177366754222021,1.0,0,0,0,,,0.420701288826722
20260124_084550,2026-01-24T09:25:29.535886,15cedc7a9730972b927f01fdf3bc98946ca1b50a,lifetime_reward,32x32,6899,-0.22461248934268951,0.04139440796716372,1.0,0,0,0,,,0.42074529771335156
20260124_084550,2026-01-24T09:25:31.957790,15cedc7a9730972b927f01fdf3bc98946ca1b50a,lifetime_reward,32x32,6999,-0.3953206539154053,0.04077145855546405,1.0,0,0,0,,,0.42077960275868953
20260124_084550,2026-01-24T09:25:34.536158,15cedc7a9730972b927f01fdf3bc98946ca1b50a,lifetime_reward,32x32,7099,-0.4326002597808838,0.0401127761862881,1.0,0,0,0,,,0.42058475991031896
20260124_084550,2026-01-24T09:25:37.132795,15cedc7a9730972b927f01fdf3bc98946ca1b50a,lifetime_reward,32x32,7199,-0.3682743310928345,0.04232263536963728,1.0,0,0,0,,,0.4207921886624121
20260124_084550,2026-01-24T09:25:39.733791,15cedc7a9730972b927f01fdf3bc98946ca1b50a,lifetime_reward,32x32,7299,-0.5701566934585571,0.04167321208784415,1.0,0,0,0,,,0.4207565579936061
20260124_084550,2026-01-24T09:25:42.319203,15cedc7a9730972b927f01fdf3bc98946ca1b50a,lifetime_reward,32x32,7399,-0.15905675292015076,0.042786201095659636,1.0,0,0,0,,,0.4205464813786688
20260124_084550,2026-01-24T09:25:44.932487,15cedc7a9730972b927f01fdf3bc98946ca1b50a,lifetime_reward,32x32,7499,-0.4910394549369812,0.04007088288810337,1.0,0,0,0,,,0.4207197323998231
20260124_084550,2026-01-24T09:25:47.684602,15cedc7a9730972b927f01fdf3bc98946ca1b50a,lifetime_reward,32x32,7599,-0.14736473560333252,0.04210216258456057,1.0,0,0,0,,,0.4207624559449369
20260124_084550,2026-01-24T09:25:50.260113,15cedc7a9730972b927f01fdf3bc98946ca1b50a,lifetime_reward,32x32,7699,-0.23032498359680176,0.042912770206676214,1.0,0,0,0,,,0.42049274476750287
20260124_084550,2026-01-24T09:25:52.677816,15cedc7a9730972b927f01fdf3bc98946ca1b50a,lifetime_reward,32x32,7799,-0.7569404244422913,0.04261132198313135,1.0,0,0,0,,,0.42072643797568965
20260124_084550,2026-01-24T09:25:55.274897,15cedc7a9730972b927f01fdf3bc98946ca1b50a,lifetime_reward,32x32,7899,-0.1417994201183319,0.04062590386340162,1.0,0,0,0,,,0.42062365456258977
20260124_084550,2026-01-24T09:25:58.032644,15cedc7a9730972b927f01fdf3bc98946ca1b50a,lifetime_reward,32x32,7999,-0.45064684748649597,0.040325728719981274,1.0,0,0,0,,,0.4207886854990658
20260124_084550,2026-01-24T09:26:00.636352,15cedc7a9730972b927f01fdf3bc98946ca1b50a,lifetime_reward,32x32,8099,-0.599453866481781,0.04067753187373455,1.0,0,0,0,,,0.42073256639085943
20260124_084550,2026-01-24T09:26:03.335802,15cedc7a9730972b927f01fdf3bc98946ca1b50a,lifetime_reward,32x32,8199,-0.44265395402908325,0.040175390435542795,1.0,0,0,0,,,0.420717188422855
20260124_084550,2026-01-24T09:26:05.909836,15cedc7a9730972b927f01fdf3bc98946ca1b50a,lifetime_reward,32x32,8299,-0.501747727394104,0.04251673174163443,1.0,0,0,0,,,0.420779761751376
20260124_084550,2026-01-24T09:26:08.522558,15cedc7a9730972b927f01fdf3bc98946ca1b50a,lifetime_reward,32x32,8399,-0.14486201107501984,0.04309214878921921,1.0,0,0,0,,,0.4203627421105929
20260124_084550,2026-01-24T09:26:10.976643,15cedc7a9730972b927f01fdf3bc98946ca1b50a,lifetime_reward,32x32,8499,-0.2999204993247986,0.04168996492306178,1.0,0,0,0,,,0.4208509007997865
20260124_084550,2026-01-24T09:26:13.722310,15cedc7a9730972b927f01fdf3bc98946ca1b50a,lifetime_reward,32x32,8599,-0.3890802562236786,0.04152249480808678,1.0,0,0,0,,,0.42084468494275995
20260124_084550,2026-01-24T09:26:16.465063,15cedc7a9730972b927f01fdf3bc98946ca1b50a,lifetime_reward,32x32,8699,-0.37169092893600464,0.04044941904205188,1.0,0,0,0,,,0.42083729200776443
20260124_084550,2026-01-24T09:26:19.055579,15cedc7a9730972b927f01fdf3bc98946ca1b50a,lifetime_reward,32x32,8799,-0.04388143867254257,0.042180525026924445,1.0,0,0,0,,,0.4208428870449154
20260124_084550,2026-01-24T09:26:21.495790,15cedc7a9730972b927f01fdf3bc98946ca1b50a,lifetime_reward,32x32,8899,-0.632412314414978,0.041233974182759994,1.0,0,0,0,,,0.42086031709327576
20260124_084550,2026-01-24T09:26:24.257664,15cedc7a9730972b927f01fdf3bc98946ca1b50a,lifetime_reward,32x32,8999,-0.4272922873497009,0.04167119906735024,1.0,0,0,0,,,0.42085202781617426
20260124_084550,2026-01-24T09:26:27.027428,15cedc7a9730972b927f01fdf3bc98946ca1b50a,lifetime_reward,32x32,9099,-0.29870933294296265,0.0419016321277013,1.0,0,0,0,,,0.42079972992929304
20260124_084550,2026-01-24T09:26:29.594961,15cedc7a9730972b927f01fdf3bc98946ca1b50a,lifetime_reward,32x32,9199,-0.335510790348053,0.0417716733024281,1.0,0,0,0,,,0.42071922724761324
20260124_084550,2026-01-24T09:26:32.343075,15cedc7a9730972b927f01fdf3bc98946ca1b50a,lifetime_reward,32x32,9299,-0.4416202902793884,0.04255004361009924,1.0,0,0,0,,,0.4206742446446583
20260124_084550,2026-01-24T09:26:34.926872,15cedc7a9730972b927f01fdf3bc98946ca1b50a,lifetime_reward,32x32,9399,-0.7986739873886108,0.04104977292008698,1.0,0,0,0,,,0.42082289832709807
20260124_084550,2026-01-24T09:26:37.505398,15cedc7a9730972b927f01fdf3bc98946ca1b50a,lifetime_reward,32x32,9499,-0.6188528537750244,0.0405319925936783,1.0,0,0,0,,,0.420836950379461
20260124_084550,2026-01-24T09:26:40.084252,15cedc7a9730972b927f01fdf3bc98946ca1b50a,lifetime_reward,32x32,9599,-0.3267579674720764,0.04260960761697788,1.0,0,0,0,,,0.4205537050963389
20260124_084550,2026-01-24T09:26:42.704174,15cedc7a9730972b927f01fdf3bc98946ca1b50a,lifetime_reward,32x32,9699,-0.3052999675273895,0.04012830695886805,1.0,0,0,0,,,0.42084371888003896
20260124_084550,2026-01-24T09:26:45.294332,15cedc7a9730972b927f01fdf3bc98946ca1b50a,lifetime_reward,32x32,9799,-0.5885002017021179,0.04148528180579888,1.0,0,0,0,,,0.42087826857442134
20260124_084550,2026-01-24T09:26:47.905833,15cedc7a9730972b927f01fdf3bc98946ca1b50a,lifetime_reward,32x32,9899,-0.39969831705093384,0.04049501509689435,1.0,0,0,0,,,0.42079606741140757
20260124_084550,2026-01-24T09:26:50.529562,15cedc7a9730972b927f01fdf3bc98946ca1b50a,lifetime_reward,32x32,9999,-0.3364560604095459,0.040424383538775144,1.0,0,0,0,,,0.42076696624778076
20260124_084550,2026-01-24T09:26:53.154100,15cedc7a9730972b927f01fdf3bc98946ca1b50a,lifetime_reward,32x32,10099,-0.6795411705970764,0.041463452877214875,1.0,0,0,0,,,0.4208817253372082
20260124_084550,2026-01-24T09:26:55.939326,15cedc7a9730972b927f01fdf3bc98946ca1b50a,lifetime_reward,32x32,10199,-0.3964589536190033,0.04250370221328922,1.0,0,0,0,,,0.42072512882112156
20260124_084550,2026-01-24T09:26:58.725797,15cedc7a9730972b927f01fdf3bc98946ca1b50a,lifetime_reward,32x32,10299,-0.12162236869335175,0.040691093921268476,1.0,0,0,0,,,0.42083912640360555
20260124_084550,2026-01-24T09:27:01.414334,15cedc7a9730972b927f01fdf3bc98946ca1b50a,lifetime_reward,32x32,10399,-0.3206166625022888,0.044229606212174984,1.0,0,0,0,,,0.42043514997664666
20260124_084550,2026-01-24T09:27:04.013898,15cedc7a9730972b927f01fdf3bc98946ca1b50a,lifetime_reward,32x32,10499,-0.4799270033836365,0.0431681122451846,1.0,0,0,0,,,0.4204017924648425
20260124_084550,2026-01-24T09:27:06.758491,15cedc7a9730972b927f01fdf3bc98946ca1b50a,lifetime_reward,32x32,10599,-0.641014575958252,0.03943001861720404,1.0,0,0,0,,,0.42083969308832314
20260124_084550,2026-01-24T09:27:09.338133,15cedc7a9730972b927f01fdf3bc98946ca1b50a,lifetime_reward,32x32,10699,-0.7522716522216797,0.041453743004167334,1.0,0,0,0,,,0.4209013991853795
20260124_084550,2026-01-24T09:27:11.952547,15cedc7a9730972b927f01fdf3bc98946ca1b50a,lifetime_reward,32x32,10799,-0.6036722660064697,0.0405703123054991,1.0,0,0,0,,,0.420880409997592
20260124_084550,2026-01-24T09:27:14.681978,15cedc7a9730972b927f01fdf3bc98946ca1b50a,lifetime_reward,32x32,10899,-0.6192295551300049,0.04112892257209751,1.0,0,0,0,,,0.4208978592585979
20260124_084550,2026-01-24T09:27:17.238862,15cedc7a9730972b927f01fdf3bc98946ca1b50a,lifetime_reward,32x32,10999,-0.6068297028541565,0.04294032767007593,1.0,0,0,0,,,0.42081374109958963
20260124_084550,2026-01-24T09:27:19.782865,15cedc7a9730972b927f01fdf3bc98946ca1b50a,lifetime_reward,32x32,11099,-0.4520197808742523,0.04229454957443522,1.0,0,0,0,,,0.4208605122097236
20260124_084550,2026-01-24T09:27:22.609117,15cedc7a9730972b927f01fdf3bc98946ca1b50a,lifetime_reward,32x32,11199,-0.3422585427761078,0.03928212124417769,1.0,0,0,0,,,0.4203377439903879
20260124_084550,2026-01-24T09:27:25.486346,15cedc7a9730972b927f01fdf3bc98946ca1b50a,lifetime_reward,32x32,11299,-0.10779590159654617,0.042524525535773135,1.0,0,0,0,,,0.4206968909609375
20260124_084550,2026-01-24T09:27:28.064770,15cedc7a9730972b927f01fdf3bc98946ca1b50a,lifetime_reward,32x32,11399,-0.40385186672210693,0.04274719377819565,1.0,0,0,0,,,0.42066818512024406
20260124_084550,2026-01-24T09:27:30.673137,15cedc7a9730972b927f01fdf3bc98946ca1b50a,lifetime_reward,32x32,11499,-0.27200689911842346,0.04290323559944227,1.0,0,0,0,,,0.4206671206306948
20260124_084550,2026-01-24T09:27:33.438368,15cedc7a9730972b927f01fdf3bc98946ca1b50a,lifetime_reward,32x32,11599,-0.4141150116920471,0.04009602404352336,1.0,0,0,0,,,0.4208133171666062
20260124_084550,2026-01-24T09:27:36.080382,15cedc7a9730972b927f01fdf3bc98946ca1b50a,lifetime_reward,32x32,11699,-0.3196595311164856,0.039825456831167685,1.0,0,0,0,,,0.42083415826763415
20260124_084550,2026-01-24T09:27:38.670670,15cedc7a9730972b927f01fdf3bc98946ca1b50a,lifetime_reward,32x32,11799,-0.049795880913734436,0.04201757156799431,1.0,0,0,0,,,0.4208753895756679
20260124_084550,2026-01-24T09:27:41.163926,15cedc7a9730972b927f01fdf3bc98946ca1b50a,lifetime_reward,32x32,11899,-0.6365923881530762,0.0406670119415503,1.0,0,0,0,,,0.4209073830324759
20260124_084550,2026-01-24T09:27:43.890675,15cedc7a9730972b927f01fdf3bc98946ca1b50a,lifetime_reward,32x32,11999,-0.3060051202774048,0.040210273821285225,1.0,0,0,0,,,0.42079901820101073
20260124_084550,2026-01-24T09:27:46.322427,15cedc7a9730972b927f01fdf3bc98946ca1b50a,lifetime_reward,32x32,12099,-0.35238873958587646,0.04115534291122458,1.0,0,0,0,,,0.4209104528209072
20260124_084550,2026-01-24T09:27:48.903228,15cedc7a9730972b927f01fdf3bc98946ca1b50a,lifetime_reward,32x32,12199,-0.5042040944099426,0.040829831011724306,1.0,0,0,0,,,0.4207212832053153
20260124_084550,2026-01-24T09:27:51.361346,15cedc7a9730972b927f01fdf3bc98946ca1b50a,lifetime_reward,32x32,12299,-0.4231469929218292,0.04139993536919064,1.0,0,0,0,,,0.42074812393919137
20260124_084550,2026-01-24T09:27:53.990560,15cedc7a9730972b927f01fdf3bc98946ca1b50a,lifetime_reward,32x32,12399,-0.476112425327301,0.039944429941460836,1.0,0,0,0,,,0.42079031638230346
20260124_084550,2026-01-24T09:27:56.600431,15cedc7a9730972b927f01fdf3bc98946ca1b50a,lifetime_reward,32x32,12499,-0.09120616316795349,0.04096144818366156,1.0,0,0,0,,,0.4209095985233692
20260124_084550,2026-01-24T09:27:59.154309,15cedc7a9730972b927f01fdf3bc98946ca1b50a,lifetime_reward,32x32,12599,-0.2440653145313263,0.04041439965316385,1.0,0,0,0,,,0.4208500117381139
20260124_084550,2026-01-24T09:28:01.725651,15cedc7a9730972b927f01fdf3bc98946ca1b50a,lifetime_reward,32x32,12699,-0.5663398504257202,0.042118232328502925,1.0,0,0,0,,,0.4209183637171405
20260124_084550,2026-01-24T09:28:04.309332,15cedc7a9730972b927f01fdf3bc98946ca1b50a,lifetime_reward,32x32,12799,-0.5782126188278198,0.03857710267846414,1.0,0,0,0,,,0.4205537503641772
20260124_084550,2026-01-24T09:28:06.747138,15cedc7a9730972b927f01fdf3bc98946ca1b50a,lifetime_reward,32x32,12899,-0.18869231641292572,0.04273862737827585,1.0,0,0,0,,,0.420880909271818
20260124_084550,2026-01-24T09:28:09.194328,15cedc7a9730972b927f01fdf3bc98946ca1b50a,lifetime_reward,32x32,12999,-0.12656767666339874,0.041622491335656375,1.0,0,0,0,,,0.4209335439158123
20260124_084550,2026-01-24T09:28:11.799045,15cedc7a9730972b927f01fdf3bc98946ca1b50a,lifetime_reward,32x32,13099,-0.4758473336696625,0.03966476969559153,1.0,0,0,0,,,0.4208047718678194
20260124_084550,2026-01-24T09:28:14.365023,15cedc7a9730972b927f01fdf3bc98946ca1b50a,lifetime_reward,32x32,13199,-0.5074569582939148,0.040971751746328666,1.0,0,0,0,,,0.4209381857067222
20260124_084550,2026-01-24T09:28:16.977341,15cedc7a9730972b927f01fdf3bc98946ca1b50a,lifetime_reward,32x32,13299,-0.41539716720581055,0.042170322322344876,1.0,0,0,0,,,0.4208545226666969
20260124_084550,2026-01-24T09:28:19.390310,15cedc7a9730972b927f01fdf3bc98946ca1b50a,lifetime_reward,32x32,13399,-0.649616539478302,0.040794566603726705,1.0,0,0,0,,,0.4209315526259432
20260124_084550,2026-01-24T09:28:21.957182,15cedc7a9730972b927f01fdf3bc98946ca1b50a,lifetime_reward,32x32,13499,-0.1433335244655609,0.04257806883091689,1.0,0,0,0,,,0.42091573014201145
20260124_084550,2026-01-24T09:28:24.377232,15cedc7a9730972b927f01fdf3bc98946ca1b50a,lifetime_reward,32x32,13599,-0.35862594842910767,0.041377962329788714,1.0,0,0,0,,,0.42094580890929667
20260124_084550,2026-01-24T09:28:26.964094,15cedc7a9730972b927f01fdf3bc98946ca1b50a,lifetime_reward,32x32,13699,-0.45780816674232483,0.040947962520222064,1.0,0,0,0,,,0.4209313669966931
20260124_084550,2026-01-24T09:28:29.574504,15cedc7a9730972b927f01fdf3bc98946ca1b50a,lifetime_reward,32x32,13799,-0.001363702118396759,0.04304965532603092,1.0,0,0,0,,,0.4207853606443591
20260124_084550,2026-01-24T09:28:32.384948,15cedc7a9730972b927f01fdf3bc98946ca1b50a,lifetime_reward,32x32,13899,-0.6382290124893188,0.04075926113895548,1.0,0,0,0,,,0.420933405767171
20260124_084550,2026-01-24T09:28:35.144001,15cedc7a9730972b927f01fdf3bc98946ca1b50a,lifetime_reward,32x32,13999,-0.34913647174835205,0.041833781263412674,1.0,0,0,0,,,0.4208856908424626
20260124_084550,2026-01-24T09:28:37.934349,15cedc7a9730972b927f01fdf3bc98946ca1b50a,lifetime_reward,32x32,14099,-0.30421558022499084,0.042100893754613934,1.0,0,0,0,,,0.4209189011671695
20260124_084550,2026-01-24T09:28:40.593804,15cedc7a9730972b927f01fdf3bc98946ca1b50a,lifetime_reward,32x32,14199,-0.45833879709243774,0.0412830753462913,1.0,0,0,0,,,0.42095292955397345
20260124_084550,2026-01-24T09:28:43.067812,15cedc7a9730972b927f01fdf3bc98946ca1b50a,lifetime_reward,32x32,14299,-0.5910129547119141,0.04107813096627069,1.0,0,0,0,,,0.42089799173376286
20260124_084550,2026-01-24T09:28:45.665434,15cedc7a9730972b927f01fdf3bc98946ca1b50a,lifetime_reward,32x32,14399,-0.43619680404663086,0.04165946970548248,1.0,0,0,0,,,0.4208971446810366
20260124_084550,2026-01-24T09:28:48.329061,15cedc7a9730972b927f01fdf3bc98946ca1b50a,lifetime_reward,32x32,14499,-0.5382895469665527,0.040556135249280485,1.0,0,0,0,,,0.4209045609937958
20260124_084550,2026-01-24T09:28:50.806073,15cedc7a9730972b927f01fdf3bc98946ca1b50a,lifetime_reward,32x32,14599,-0.5257185697555542,0.04099055199694703,1.0,0,0,0,,,0.42095135241219667
20260124_084550,2026-01-24T09:28:53.380953,15cedc7a9730972b927f01fdf3bc98946ca1b50a,lifetime_reward,32x32,14699,-0.400951087474823,0.0416366387342714,1.0,0,0,0,,,0.42091771626270225
20260124_084550,2026-01-24T09:28:56.001933,15cedc7a9730972b927f01fdf3bc98946ca1b50a,lifetime_reward,32x32,14799,-0.36894577741622925,0.04189221773311146,1.0,0,0,0,,,0.4209371953672525
20260124_084550,2026-01-24T09:28:58.606918,15cedc7a9730972b927f01fdf3bc98946ca1b50a,lifetime_reward,32x32,14899,-0.5572793483734131,0.04132502480119001,1.0,0,0,0,,,0.42095028117871747
20260124_084550,2026-01-24T09:29:01.250708,15cedc7a9730972b927f01fdf3bc98946ca1b50a,lifetime_reward,32x32,14999,-0.5538733005523682,0.04115507579161203,1.0,0,0,0,,,0.42092216648356956
20260124_084550,2026-01-24T09:29:03.792473,15cedc7a9730972b927f01fdf3bc98946ca1b50a,lifetime_reward,32x32,15099,-0.37366992235183716,0.040613885460988965,1.0,0,0,0,,,0.4209255450357694
20260124_084550,2026-01-24T09:29:06.218170,15cedc7a9730972b927f01fdf3bc98946ca1b50a,lifetime_reward,32x32,15199,-0.30778777599334717,0.040365992421211555,1.0,0,0,0,,,0.42076737631939953
20260124_084550,2026-01-24T09:29:08.750791,15cedc7a9730972b927f01fdf3bc98946ca1b50a,lifetime_reward,32x32,15299,-0.3297056555747986,0.04042064963286975,1.0,0,0,0,,,0.42092497692602593
20260124_084550,2026-01-24T09:29:11.451667,15cedc7a9730972b927f01fdf3bc98946ca1b50a,lifetime_reward,32x32,15399,-0.4929647743701935,0.0402654297537083,1.0,0,0,0,,,0.4209247344384398
20260124_084550,2026-01-24T09:29:14.060948,15cedc7a9730972b927f01fdf3bc98946ca1b50a,lifetime_reward,32x32,15499,-0.42836788296699524,0.04050933160913701,1.0,0,0,0,,,0.4208526242579473
20260124_084550,2026-01-24T09:29:16.500809,15cedc7a9730972b927f01fdf3bc98946ca1b50a,lifetime_reward,32x32,15599,-0.6040558815002441,0.03912434172576468,1.0,0,0,0,,,0.420443469309948
20260124_084550,2026-01-24T09:29:19.137276,15cedc7a9730972b927f01fdf3bc98946ca1b50a,lifetime_reward,32x32,15699,-0.23629797995090485,0.04077768688141077,1.0,0,0,0,,,0.42094122187549365
20260124_084550,2026-01-24T09:29:21.585324,15cedc7a9730972b927f01fdf3bc98946ca1b50a,lifetime_reward,32x32,15799,-0.40095072984695435,0.04083307697022974,1.0,0,0,0,,,0.4209487676492992
20260124_084550,2026-01-24T09:29:24.318468,15cedc7a9730972b927f01fdf3bc98946ca1b50a,lifetime_reward,32x32,15899,-0.5499135255813599,0.0413014199672034,1.0,0,0,0,,,0.4209250696475851
20260124_084550,2026-01-24T09:29:26.732814,15cedc7a9730972b927f01fdf3bc98946ca1b50a,lifetime_reward,32x32,15999,-0.5828652381896973,0.04199774018896278,1.0,0,0,0,,,0.4209170702410075
20260124_084550,2026-01-24T09:29:29.300337,15cedc7a9730972b927f01fdf3bc98946ca1b50a,lifetime_reward,32x32,16099,-0.045731786638498306,0.040361173454948586,1.0,0,0,0,,,0.420778021563988
20260124_084550,2026-01-24T09:29:31.903142,15cedc7a9730972b927f01fdf3bc98946ca1b50a,lifetime_reward,32x32,16199,-0.7717099189758301,0.041076376948694815,1.0,0,0,0,,,0.42094081041962333
20260124_084550,2026-01-24T09:29:34.499922,15cedc7a9730972b927f01fdf3bc98946ca1b50a,lifetime_reward,32x32,16299,-0.3957672119140625,0.04047578058794898,1.0,0,0,0,,,0.4209233926722543
20260124_084550,2026-01-24T09:29:37.274042,15cedc7a9730972b927f01fdf3bc98946ca1b50a,lifetime_reward,32x32,16399,-0.13738946616649628,0.04145614196866518,1.0,0,0,0,,,0.4209688123102524
20260124_084550,2026-01-24T09:29:39.918490,15cedc7a9730972b927f01fdf3bc98946ca1b50a,lifetime_reward,32x32,16499,-0.10944177210330963,0.03984075202490203,1.0,0,0,0,,,0.42073746973932136
20260124_084550,2026-01-24T09:29:42.501477,15cedc7a9730972b927f01fdf3bc98946ca1b50a,lifetime_reward,32x32,16599,-0.08478672802448273,0.04119995063883834,1.0,0,0,0,,,0.420971249466622
20260124_084550,2026-01-24T09:29:45.092254,15cedc7a9730972b927f01fdf3bc98946ca1b50a,lifetime_reward,32x32,16699,-0.38495349884033203,0.04163078499106632,1.0,0,0,0,,,0.4209563715751288
20260124_084550,2026-01-24T09:29:47.701374,15cedc7a9730972b927f01fdf3bc98946ca1b50a,lifetime_reward,32x32,16799,-0.5153086185455322,0.04245337718442897,1.0,0,0,0,,,0.42094214706691363
20260124_084550,2026-01-24T09:29:50.131498,15cedc7a9730972b927f01fdf3bc98946ca1b50a,lifetime_reward,32x32,16899,-0.619848370552063,0.04000885157664016,1.0,0,0,0,,,0.4208170308775829
20260124_084550,2026-01-24T09:29:52.939862,15cedc7a9730972b927f01fdf3bc98946ca1b50a,lifetime_reward,32x32,16999,-0.4470258951187134,0.04287252926689689,1.0,0,0,0,,,0.42049535260412996
20260124_084550,2026-01-24T09:29:55.529686,15cedc7a9730972b927f01fdf3bc98946ca1b50a,lifetime_reward,32x32,17099,-0.11049134284257889,0.04352268548711436,1.0,0,0,0,,,0.42062278268937736
20260124_084550,2026-01-24T09:29:58.129043,15cedc7a9730972b927f01fdf3bc98946ca1b50a,lifetime_reward,32x32,17199,-0.7557333111763,0.042648311628363446,1.0,0,0,0,,,0.42094761702922107
20260124_084550,2026-01-24T09:30:00.718042,15cedc7a9730972b927f01fdf3bc98946ca1b50a,lifetime_reward,32x32,17299,-0.7057713866233826,0.04177071552265261,1.0,0,0,0,,,0.4209579202967375
20260124_084550,2026-01-24T09:30:03.289835,15cedc7a9730972b927f01fdf3bc98946ca1b50a,lifetime_reward,32x32,17399,-0.44174113869667053,0.041963871430052674,1.0,0,0,0,,,0.4209500310942973
20260124_084550,2026-01-24T09:30:05.825138,15cedc7a9730972b927f01fdf3bc98946ca1b50a,lifetime_reward,32x32,17499,-0.18789993226528168,0.041557301213979374,1.0,0,0,0,,,0.4209304246247578
20260124_084550,2026-01-24T09:30:08.497425,15cedc7a9730972b927f01fdf3bc98946ca1b50a,lifetime_reward,32x32,17599,-0.31791436672210693,0.04164689643563179,1.0,0,0,0,,,0.42097507488042646
20260124_084550,2026-01-24T09:30:11.020420,15cedc7a9730972b927f01fdf3bc98946ca1b50a,lifetime_reward,32x32,17699,-0.7853314280509949,0.04159953567628691,1.0,0,0,0,,,0.4209411324402334
20260124_084550,2026-01-24T09:30:13.640310,15cedc7a9730972b927f01fdf3bc98946ca1b50a,lifetime_reward,32x32,17799,-0.7091094255447388,0.0425066928043816,1.0,0,0,0,,,0.42083934734983036
20260124_084550,2026-01-24T09:30:16.219190,15cedc7a9730972b927f01fdf3bc98946ca1b50a,lifetime_reward,32x32,17899,-0.4134030044078827,0.04272295473900158,1.0,0,0,0,,,0.4209310520262623
20260124_084550,2026-01-24T09:30:18.638752,15cedc7a9730972b927f01fdf3bc98946ca1b50a,lifetime_reward,32x32,17999,-0.38397252559661865,0.04006295248116658,1.0,0,0,0,,,0.4208246084378304
20260124_084550,2026-01-24T09:30:21.166213,15cedc7a9730972b927f01fdf3bc98946ca1b50a,lifetime_reward,32x32,18099,-0.6570222973823547,0.0412803532716498,1.0,0,0,0,,,0.420975572010987
20260124_084550,2026-01-24T09:30:23.906846,15cedc7a9730972b927f01fdf3bc98946ca1b50a,lifetime_reward,32x32,18199,-0.633429765701294,0.042299460978392746,1.0,0,0,0,,,0.4209444027709077
20260124_084550,2026-01-24T09:30:26.498955,15cedc7a9730972b927f01fdf3bc98946ca1b50a,lifetime_reward,32x32,18299,-0.4944201707839966,0.040340745836874706,1.0,0,0,0,,,0.4209645792783462
20260124_084550,2026-01-24T09:30:29.068700,15cedc7a9730972b927f01fdf3bc98946ca1b50a,lifetime_reward,32x32,18399,-0.6648886203765869,0.04165604917689052,1.0,0,0,0,,,0.42093947364259154
20260124_084550,2026-01-24T09:30:31.674647,15cedc7a9730972b927f01fdf3bc98946ca1b50a,lifetime_reward,32x32,18499,-0.31699424982070923,0.042795606516374395,1.0,0,0,0,,,0.42087290105995234
20260124_084550,2026-01-24T09:30:34.157104,15cedc7a9730972b927f01fdf3bc98946ca1b50a,lifetime_reward,32x32,18599,-0.37514543533325195,0.03965685251510877,1.0,0,0,0,,,0.42076342207786444
20260124_084550,2026-01-24T09:30:36.724232,15cedc7a9730972b927f01fdf3bc98946ca1b50a,lifetime_reward,32x32,18699,-0.3989429175853729,0.04175155490207544,1.0,0,0,0,,,0.4209793724795484
20260124_084550,2026-01-24T09:30:39.471858,15cedc7a9730972b927f01fdf3bc98946ca1b50a,lifetime_reward,32x32,18799,-0.3653564155101776,0.04101673463017505,1.0,0,0,0,,,0.42098160299111775
20260124_084550,2026-01-24T09:30:41.955007,15cedc7a9730972b927f01fdf3bc98946ca1b50a,lifetime_reward,32x32,18899,-0.2679922878742218,0.04113176272112469,1.0,0,0,0,,,0.42095642469935945
20260124_084550,2026-01-24T09:30:44.707146,15cedc7a9730972b927f01fdf3bc98946ca1b50a,lifetime_reward,32x32,18999,-0.49886631965637207,0.040910902966279535,1.0,0,0,0,,,0.4209551118562377
20260124_084550,2026-01-24T09:30:47.166517,15cedc7a9730972b927f01fdf3bc98946ca1b50a,lifetime_reward,32x32,19099,-0.4618126153945923,0.04136028787070245,1.0,0,0,0,,,0.4209480338931392
20260124_084550,2026-01-24T09:30:49.720388,15cedc7a9730972b927f01fdf3bc98946ca1b50a,lifetime_reward,32x32,19199,-0.11253409832715988,0.04087546799222764,1.0,0,0,0,,,0.42096019480188546
20260124_084550,2026-01-24T09:30:52.238027,15cedc7a9730972b927f01fdf3bc98946ca1b50a,lifetime_reward,32x32,19299,-0.35761237144470215,0.0417198426608229,1.0,0,0,0,,,0.42091796600253023
20260124_084550,2026-01-24T09:30:54.771676,15cedc7a9730972b927f01fdf3bc98946ca1b50a,lifetime_reward,32x32,19399,0.07578486949205399,0.040231647729087855,1.0,0,0,0,,,0.4209037468343867
20260124_084550,2026-01-24T09:30:57.570508,15cedc7a9730972b927f01fdf3bc98946ca1b50a,lifetime_reward,32x32,19499,-0.631928563117981,0.043122058660010225,1.0,0,0,0,,,0.4208289649040935
20260124_084550,2026-01-24T09:31:00.156426,15cedc7a9730972b927f01fdf3bc98946ca1b50a,lifetime_reward,32x32,19599,-0.2478947639465332,0.044200166492883,1.0,0,0,0,,,0.42047977043158774
20260124_084550,2026-01-24T09:31:02.741054,15cedc7a9730972b927f01fdf3bc98946ca1b50a,lifetime_reward,32x32,19699,-0.3657447099685669,0.04044512227956147,1.0,0,0,0,,,0.4209751036610256
20260124_084550,2026-01-24T09:31:05.337529,15cedc7a9730972b927f01fdf3bc98946ca1b50a,lifetime_reward,32x32,19799,-0.5092729330062866,0.041495231815570154,1.0,0,0,0,,,0.4209740259586956
20260124_084550,2026-01-24T09:31:07.930165,15cedc7a9730972b927f01fdf3bc98946ca1b50a,lifetime_reward,32x32,19899,-0.35753852128982544,0.03966068647969223,1.0,0,0,0,,,0.4208879228454089
20260124_084550,2026-01-24T09:31:10.523396,15cedc7a9730972b927f01fdf3bc98946ca1b50a,lifetime_reward,32x32,19999,-0.5381993055343628,0.041353879762828,1.0,0,0,0,,,0.42095034623176186
20260124_084550,2026-01-24T09:31:13.111825,15cedc7a9730972b927f01fdf3bc98946ca1b50a,lifetime_reward,32x32,20099,-0.1793934851884842,0.040228768101878816,1.0,0,0,0,,,0.42096385945119674
20260124_084550,2026-01-24T09:31:15.530793,15cedc7a9730972b927f01fdf3bc98946ca1b50a,lifetime_reward,32x32,20199,-0.40583011507987976,0.04195245407987386,1.0,0,0,0,,,0.42094189459844533
20260124_084550,2026-01-24T09:31:18.125281,15cedc7a9730972b927f01fdf3bc98946ca1b50a,lifetime_reward,32x32,20299,-0.4662313461303711,0.04280039517878322,1.0,0,0,0,,,0.4207226333704113
20260124_084550,2026-01-24T09:31:20.707691,15cedc7a9730972b927f01fdf3bc98946ca1b50a,lifetime_reward,32x32,20399,-0.7261439561843872,0.04280918833472242,1.0,0,0,0,,,0.4209529543194518
20260124_084550,2026-01-24T09:31:23.316029,15cedc7a9730972b927f01fdf3bc98946ca1b50a,lifetime_reward,32x32,20499,-0.09820470958948135,0.04189622332334693,1.0,0,0,0,,,0.42079879058785197
20260124_084550,2026-01-24T09:31:25.922461,15cedc7a9730972b927f01fdf3bc98946ca1b50a,lifetime_reward,32x32,20599,-0.42305728793144226,0.040032140643234015,1.0,0,0,0,,,0.42086374143797683
20260124_084550,2026-01-24T09:31:28.522499,15cedc7a9730972b927f01fdf3bc98946ca1b50a,lifetime_reward,32x32,20699,-0.28992563486099243,0.04082680686609819,1.0,0,0,0,,,0.4209925836272145
20260124_084550,2026-01-24T09:31:31.114597,15cedc7a9730972b927f01fdf3bc98946ca1b50a,lifetime_reward,32x32,20799,-0.14309540390968323,0.04224618795633432,1.0,0,0,0,,,0.4207985765077994
20260124_084550,2026-01-24T09:31:33.785217,15cedc7a9730972b927f01fdf3bc98946ca1b50a,lifetime_reward,32x32,20899,-0.5307234525680542,0.04077574293296493,1.0,0,0,0,,,0.4209675745561927
20260124_084550,2026-01-24T09:31:36.418972,15cedc7a9730972b927f01fdf3bc98946ca1b50a,lifetime_reward,32x32,20999,-0.49091243743896484,0.04293095193635963,1.0,0,0,0,,,0.42056455977130947
20260124_084550,2026-01-24T09:31:39.002316,15cedc7a9730972b927f01fdf3bc98946ca1b50a,lifetime_reward,32x32,21099,-0.26660192012786865,0.04008549153237254,1.0,0,0,0,,,0.42086006575595225
20260124_084550,2026-01-24T09:31:41.600878,15cedc7a9730972b927f01fdf3bc98946ca1b50a,lifetime_reward,32x32,21199,-0.23141346871852875,0.04272154337370011,1.0,0,0,0,,,0.42094649102649084
20260124_084550,2026-01-24T09:31:44.198856,15cedc7a9730972b927f01fdf3bc98946ca1b50a,lifetime_reward,32x32,21299,-0.4243868887424469,0.04052892268737196,1.0,0,0,0,,,0.42087937801740505
20260124_084550,2026-01-24T09:31:46.773289,15cedc7a9730972b927f01fdf3bc98946ca1b50a,lifetime_reward,32x32,21399,-0.5749738216400146,0.041737410878195075,1.0,0,0,0,,,0.4209858191424799
20260124_084550,2026-01-24T09:31:49.532132,15cedc7a9730972b927f01fdf3bc98946ca1b50a,lifetime_reward,32x32,21499,-0.5849688053131104,0.04199046754096344,1.0,0,0,0,,,0.4209700438765917
20260124_084550,2026-01-24T09:31:52.158665,15cedc7a9730972b927f01fdf3bc98946ca1b50a,lifetime_reward,32x32,21599,-0.4399712085723877,0.040934303671165254,1.0,0,0,0,,,0.4209854866809599
20260124_084550,2026-01-24T09:31:54.585411,15cedc7a9730972b927f01fdf3bc98946ca1b50a,lifetime_reward,32x32,21699,-0.35637423396110535,0.040999946787851516,1.0,0,0,0,,,0.42099360295358
20260124_084550,2026-01-24T09:31:57.168672,15cedc7a9730972b927f01fdf3bc98946ca1b50a,lifetime_reward,32x32,21799,-0.4722968339920044,0.04238804825094121,1.0,0,0,0,,,0.42097500857483267
20260124_084550,2026-01-24T09:31:59.615061,15cedc7a9730972b927f01fdf3bc98946ca1b50a,lifetime_reward,32x32,21899,-0.33079737424850464,0.040564573427036524,1.0,0,0,0,,,0.4209781210086004
20260124_084550,2026-01-24T09:32:02.270860,15cedc7a9730972b927f01fdf3bc98946ca1b50a,lifetime_reward,32x32,21999,-0.537295937538147,0.04294635330399615,1.0,0,0,0,,,0.4208330191561814
20260124_084550,2026-01-24T09:32:04.918883,15cedc7a9730972b927f01fdf3bc98946ca1b50a,lifetime_reward,32x32,22099,-0.39241671562194824,0.04024227588401118,1.0,0,0,0,,,0.42074519838384317
20260124_084550,2026-01-24T09:32:07.506096,15cedc7a9730972b927f01fdf3bc98946ca1b50a,lifetime_reward,32x32,22199,-0.48365557193756104,0.04197060122809489,1.0,0,0,0,,,0.4209862702874562
20260124_084550,2026-01-24T09:32:09.970941,15cedc7a9730972b927f01fdf3bc98946ca1b50a,lifetime_reward,32x32,22299,-0.6367225050926208,0.04231744002288906,1.0,0,0,0,,,0.4209104316702947
20260124_084550,2026-01-24T09:32:12.631179,15cedc7a9730972b927f01fdf3bc98946ca1b50a,lifetime_reward,32x32,22399,-0.1601119488477707,0.04120391601369192,1.0,0,0,0,,,0.42099304993803793
20260124_084550,2026-01-24T09:32:15.108207,15cedc7a9730972b927f01fdf3bc98946ca1b50a,lifetime_reward,32x32,22499,-0.4900273084640503,0.04201928374815907,1.0,0,0,0,,,0.4209014475665578
20260124_084550,2026-01-24T09:32:17.574005,15cedc7a9730972b927f01fdf3bc98946ca1b50a,lifetime_reward,32x32,22599,-0.19849690794944763,0.041708036332493065,1.0,0,0,0,,,0.4209713128705158
20260124_084550,2026-01-24T09:32:20.068113,15cedc7a9730972b927f01fdf3bc98946ca1b50a,lifetime_reward,32x32,22699,-0.49742254614830017,0.04258543315263523,1.0,0,0,0,,,0.4209608770878891
20260124_084550,2026-01-24T09:32:22.441309,15cedc7a9730972b927f01fdf3bc98946ca1b50a,lifetime_reward,32x32,22799,-0.2643909156322479,0.04054568401625147,1.0,0,0,0,,,0.42093487819187875
20260124_084550,2026-01-24T09:32:24.912229,15cedc7a9730972b927f01fdf3bc98946ca1b50a,lifetime_reward,32x32,22899,-0.3990113437175751,0.04034369634202448,1.0,0,0,0,,,0.4209470735800095
20260124_084550,2026-01-24T09:32:27.317601,15cedc7a9730972b927f01fdf3bc98946ca1b50a,lifetime_reward,32x32,22999,-0.712493896484375,0.0391650488229061,1.0,0,0,0,,,0.420778206183318
20260124_084550,2026-01-24T09:32:29.897639,15cedc7a9730972b927f01fdf3bc98946ca1b50a,lifetime_reward,32x32,23099,-0.27403682470321655,0.0415738158980821,1.0,0,0,0,,,0.4209967526891269
20260124_084550,2026-01-24T09:32:32.543874,15cedc7a9730972b927f01fdf3bc98946ca1b50a,lifetime_reward,32x32,23199,-0.4322737157344818,0.041204718516819415,1.0,0,0,0,,,0.42098324859325853
20260124_084550,2026-01-24T09:32:34.961185,15cedc7a9730972b927f01fdf3bc98946ca1b50a,lifetime_reward,32x32,23299,-0.3051016330718994,0.04326460936790681,1.0,0,0,0,,,0.4206097288618367
20260124_084550,2026-01-24T09:32:37.665865,15cedc7a9730972b927f01fdf3bc98946ca1b50a,lifetime_reward,32x32,23399,-0.33976152539253235,0.04325987467847881,1.0,0,0,0,,,0.42084286407089677
20260124_084550,2026-01-24T09:32:40.114799,15cedc7a9730972b927f01fdf3bc98946ca1b50a,lifetime_reward,32x32,23499,-0.14483055472373962,0.04165740361836054,1.0,0,0,0,,,0.42088098025497017
20260124_084550,2026-01-24T09:32:42.830927,15cedc7a9730972b927f01fdf3bc98946ca1b50a,lifetime_reward,32x32,23599,-0.42083877325057983,0.04369663599092746,1.0,0,0,0,,,0.42048341755803
20260124_084550,2026-01-24T09:32:45.455719,15cedc7a9730972b927f01fdf3bc98946ca1b50a,lifetime_reward,32x32,23699,-0.6016452312469482,0.04216509346617386,1.0,0,0,0,,,0.42095465789422626
20260124_084550,2026-01-24T09:32:48.147159,15cedc7a9730972b927f01fdf3bc98946ca1b50a,lifetime_reward,32x32,23799,-0.37657666206359863,0.041929247520383794,1.0,0,0,0,,,0.42098670741250177
20260124_084550,2026-01-24T09:32:50.706002,15cedc7a9730972b927f01fdf3bc98946ca1b50a,lifetime_reward,32x32,23899,-0.33553996682167053,0.04218437363015255,1.0,0,0,0,,,0.42093781818734444
20260124_084550,2026-01-24T09:32:53.306357,15cedc7a9730972b927f01fdf3bc98946ca1b50a,lifetime_reward,32x32,23999,-0.4150833487510681,0.04021925780863967,1.0,0,0,0,,,0.4209801854630364
20260124_084550,2026-01-24T09:32:55.864248,15cedc7a9730972b927f01fdf3bc98946ca1b50a,lifetime_reward,32x32,24099,-0.3044988512992859,0.040974239339557246,1.0,0,0,0,,,0.420910240483618
20260124_084550,2026-01-24T09:32:58.412890,15cedc7a9730972b927f01fdf3bc98946ca1b50a,lifetime_reward,32x32,24199,0.049619488418102264,0.041235180251096605,1.0,0,0,0,,,0.4210084316690085
20260124_084550,2026-01-24T09:33:00.811828,15cedc7a9730972b927f01fdf3bc98946ca1b50a,lifetime_reward,32x32,24299,-0.4563542306423187,0.040180153681867524,1.0,0,0,0,,,0.4207120399335761
20260124_084550,2026-01-24T09:33:03.537200,15cedc7a9730972b927f01fdf3bc98946ca1b50a,lifetime_reward,32x32,24399,-0.19142712652683258,0.041332437608434705,1.0,0,0,0,,,0.4209207904197754
20260124_084550,2026-01-24T09:33:06.089428,15cedc7a9730972b927f01fdf3bc98946ca1b50a,lifetime_reward,32x32,24499,-0.4210602343082428,0.04006881353845529,1.0,0,0,0,,,0.4209223319100722
20260124_084550,2026-01-24T09:33:08.563543,15cedc7a9730972b927f01fdf3bc98946ca1b50a,lifetime_reward,32x32,24599,-0.506314754486084,0.04154371410921158,1.0,0,0,0,,,0.4209613563485943
20260124_084550,2026-01-24T09:33:11.125094,15cedc7a9730972b927f01fdf3bc98946ca1b50a,lifetime_reward,32x32,24699,-0.2896423935890198,0.041676423875615,1.0,0,0,0,,,0.42100787105616555
20260124_084550,2026-01-24T09:33:13.554217,15cedc7a9730972b927f01fdf3bc98946ca1b50a,lifetime_reward,32x32,24799,-0.5519182085990906,0.04171114547971229,1.0,0,0,0,,,0.420987043612983
20260124_084550,2026-01-24T09:33:16.290079,15cedc7a9730972b927f01fdf3bc98946ca1b50a,lifetime_reward,32x32,24899,-0.596882164478302,0.041840626901757785,1.0,0,0,0,,,0.421003980583526
20260124_084550,2026-01-24T09:33:18.854859,15cedc7a9730972b927f01fdf3bc98946ca1b50a,lifetime_reward,32x32,24999,-0.29164060950279236,0.041742328212858414,1.0,0,0,0,,,0.4210049883074759
20260124_084550,2026-01-24T09:33:21.418466,15cedc7a9730972b927f01fdf3bc98946ca1b50a,lifetime_reward,32x32,25099,-0.24020087718963623,0.04103593485466263,1.0,0,0,0,,,0.42094358297344325
20260124_084550,2026-01-24T09:33:23.983290,15cedc7a9730972b927f01fdf3bc98946ca1b50a,lifetime_reward,32x32,25199,-0.07703118026256561,0.041561665232657106,1.0,0,0,0,,,0.4210139401101857
20260124_084550,2026-01-24T09:33:26.384529,15cedc7a9730972b927f01fdf3bc98946ca1b50a,lifetime_reward,32x32,25299,-0.12098366767168045,0.0404717975249514,1.0,0,0,0,,,0.4210007221116713
20260124_084550,2026-01-24T09:33:29.115762,15cedc7a9730972b927f01fdf3bc98946ca1b50a,lifetime_reward,32x32,25399,-0.497186541557312,0.04195354869531002,1.0,0,0,0,,,0.4210125412126109
20260124_084550,2026-01-24T09:33:31.694499,15cedc7a9730972b927f01fdf3bc98946ca1b50a,lifetime_reward,32x32,25499,0.04475059360265732,0.0411632373159955,1.0,0,0,0,,,0.42102232464765904
20260124_084550,2026-01-24T09:33:34.256325,15cedc7a9730972b927f01fdf3bc98946ca1b50a,lifetime_reward,32x32,25599,-0.6328604221343994,0.041094546400927356,1.0,0,0,0,,,0.420999668854381
20260124_084550,2026-01-24T09:33:36.826212,15cedc7a9730972b927f01fdf3bc98946ca1b50a,lifetime_reward,32x32,25699,-0.5937739610671997,0.04066887821914861,1.0,0,0,0,,,0.4210032863625347
20260124_084550,2026-01-24T09:33:39.547931,15cedc7a9730972b927f01fdf3bc98946ca1b50a,lifetime_reward,32x32,25799,-0.27420005202293396,0.04137423256186594,1.0,0,0,0,,,0.42101209131755923
20260124_084550,2026-01-24T09:33:42.204064,15cedc7a9730972b927f01fdf3bc98946ca1b50a,lifetime_reward,32x32,25899,-0.5764132738113403,0.040733426996375784,1.0,0,0,0,,,0.4210157683096075
20260124_084550,2026-01-24T09:33:44.922784,15cedc7a9730972b927f01fdf3bc98946ca1b50a,lifetime_reward,32x32,25999,-0.4531986117362976,0.04009547887668305,1.0,0,0,0,,,0.42085705661603734
20260124_084550,2026-01-24T09:33:47.356578,15cedc7a9730972b927f01fdf3bc98946ca1b50a,lifetime_reward,32x32,26099,-0.6919491291046143,0.04073943024042819,1.0,0,0,0,,,0.42100560543977394
20260124_084550,2026-01-24T09:33:49.964040,15cedc7a9730972b927f01fdf3bc98946ca1b50a,lifetime_reward,32x32,26199,-0.22977149486541748,0.040774944420190876,1.0,0,0,0,,,0.421007735071394
20260124_084550,2026-01-24T09:33:52.603211,15cedc7a9730972b927f01fdf3bc98946ca1b50a,lifetime_reward,32x32,26299,-0.37548643350601196,0.04083760320827423,1.0,0,0,0,,,0.42101838824380716
20260124_084550,2026-01-24T09:33:55.150128,15cedc7a9730972b927f01fdf3bc98946ca1b50a,lifetime_reward,32x32,26399,-0.26715293526649475,0.039931589090338095,1.0,0,0,0,,,0.42094476143270987
20260124_084550,2026-01-24T09:33:57.691053,15cedc7a9730972b927f01fdf3bc98946ca1b50a,lifetime_reward,32x32,26499,-0.2642494738101959,0.04204262957813626,1.0,0,0,0,,,0.42101277641442625
20260124_084550,2026-01-24T09:34:00.099023,15cedc7a9730972b927f01fdf3bc98946ca1b50a,lifetime_reward,32x32,26599,-0.5441789627075195,0.04108736218520789,1.0,0,0,0,,,0.42101467347454347
20260124_084550,2026-01-24T09:34:02.678942,15cedc7a9730972b927f01fdf3bc98946ca1b50a,lifetime_reward,32x32,26699,-0.40414875745773315,0.04161119275813689,1.0,0,0,0,,,0.42098556996457603
20260124_084550,2026-01-24T09:34:05.245657,15cedc7a9730972b927f01fdf3bc98946ca1b50a,lifetime_reward,32x32,26799,-0.7729843258857727,0.041937760460641585,1.0,0,0,0,,,0.42100783940417835
20260124_084550,2026-01-24T09:34:07.832325,15cedc7a9730972b927f01fdf3bc98946ca1b50a,lifetime_reward,32x32,26899,-0.2779991626739502,0.04225370649946854,1.0,0,0,0,,,0.42098267338332296
20260124_084550,2026-01-24T09:34:10.417593,15cedc7a9730972b927f01fdf3bc98946ca1b50a,lifetime_reward,32x32,26999,-0.542988121509552,0.03884802857217437,1.0,0,0,0,,,0.4207515867088443
20260124_084550,2026-01-24T09:34:12.841534,15cedc7a9730972b927f01fdf3bc98946ca1b50a,lifetime_reward,32x32,27099,-0.2645829916000366,0.04068823823574348,1.0,0,0,0,,,0.4209809492347658
20260124_084550,2026-01-24T09:34:15.555866,15cedc7a9730972b927f01fdf3bc98946ca1b50a,lifetime_reward,32x32,27199,-0.38197487592697144,0.04194660206703702,1.0,0,0,0,,,0.42097898351626917
20260124_084550,2026-01-24T09:34:18.120207,15cedc7a9730972b927f01fdf3bc98946ca1b50a,lifetime_reward,32x32,27299,-0.7923116087913513,0.03978017301742511,1.0,0,0,0,,,0.42094954123797895
20260124_084550,2026-01-24T09:34:20.667289,15cedc7a9730972b927f01fdf3bc98946ca1b50a,lifetime_reward,32x32,27399,-0.5644446611404419,0.04128799822479778,1.0,0,0,0,,,0.42094455212329607
20260124_084550,2026-01-24T09:34:23.235968,15cedc7a9730972b927f01fdf3bc98946ca1b50a,lifetime_reward,32x32,27499,-0.17813406884670258,0.041578531710183594,1.0,0,0,0,,,0.421016585777205
20260124_084550,2026-01-24T09:34:25.635525,15cedc7a9730972b927f01fdf3bc98946ca1b50a,lifetime_reward,32x32,27599,-0.23343539237976074,0.04198401335845119,1.0,0,0,0,,,0.42101439474023594
20260124_084550,2026-01-24T09:34:28.203762,15cedc7a9730972b927f01fdf3bc98946ca1b50a,lifetime_reward,32x32,27699,-0.3730318546295166,0.04096888060521451,1.0,0,0,0,,,0.42102733666286063
20260124_084550,2026-01-24T09:34:30.944396,15cedc7a9730972b927f01fdf3bc98946ca1b50a,lifetime_reward,32x32,27799,-0.322251558303833,0.043124121375221876,1.0,0,0,0,,,0.4207011404224656
20260124_084550,2026-01-24T09:34:33.375213,15cedc7a9730972b927f01fdf3bc98946ca1b50a,lifetime_reward,32x32,27899,-0.3723852038383484,0.04119777754458483,1.0,0,0,0,,,0.42097763276182065
20260124_084550,2026-01-24T09:34:35.930314,15cedc7a9730972b927f01fdf3bc98946ca1b50a,lifetime_reward,32x32,27999,-0.35512879490852356,0.04095538875379134,1.0,0,0,0,,,0.42101795727688046
20260124_084550,2026-01-24T09:34:38.566956,15cedc7a9730972b927f01fdf3bc98946ca1b50a,lifetime_reward,32x32,28099,-0.6284093856811523,0.04172143205069005,1.0,0,0,0,,,0.42097669606412125
20260124_084550,2026-01-24T09:34:41.180660,15cedc7a9730972b927f01fdf3bc98946ca1b50a,lifetime_reward,32x32,28199,-0.3088977336883545,0.04081512191660295,1.0,0,0,0,,,0.42097951114891097
20260124_084550,2026-01-24T09:34:43.966371,15cedc7a9730972b927f01fdf3bc98946ca1b50a,lifetime_reward,32x32,28299,-0.193662628531456,0.04406559093979013,1.0,0,0,0,,,0.420846726777521
20260124_084550,2026-01-24T09:34:46.517580,15cedc7a9730972b927f01fdf3bc98946ca1b50a,lifetime_reward,32x32,28399,0.00012256205081939697,0.04163987115141936,1.0,0,0,0,,,0.42102962045544257
20260124_084550,2026-01-24T09:34:49.160721,15cedc7a9730972b927f01fdf3bc98946ca1b50a,lifetime_reward,32x32,28499,-0.46616607904434204,0.03934875407292566,1.0,0,0,0,,,0.4208037726390613
20260124_084550,2026-01-24T09:34:51.672777,15cedc7a9730972b927f01fdf3bc98946ca1b50a,lifetime_reward,32x32,28599,-0.43204447627067566,0.04079582934638893,1.0,0,0,0,,,0.42102164745341186
20260124_084550,2026-01-24T09:34:54.213261,15cedc7a9730972b927f01fdf3bc98946ca1b50a,lifetime_reward,32x32,28699,-0.35488635301589966,0.040708688479935515,1.0,0,0,0,,,0.42102912678609183
20260124_084550,2026-01-24T09:34:56.636723,15cedc7a9730972b927f01fdf3bc98946ca1b50a,lifetime_reward,32x32,28799,-0.36601483821868896,0.039742062740187975,1.0,0,0,0,,,0.420917614535585
20260124_084550,2026-01-24T09:34:59.213972,15cedc7a9730972b927f01fdf3bc98946ca1b50a,lifetime_reward,32x32,28899,-0.5462930202484131,0.041615914328867805,1.0,0,0,0,,,0.420896069070711
20260124_084550,2026-01-24T09:35:01.926933,15cedc7a9730972b927f01fdf3bc98946ca1b50a,lifetime_reward,32x32,28999,-0.8347189426422119,0.04007809849143087,1.0,0,0,0,,,0.42099184199904016
20260124_084550,2026-01-24T09:35:04.493200,15cedc7a9730972b927f01fdf3bc98946ca1b50a,lifetime_reward,32x32,29099,-0.44728147983551025,0.04006191516025865,1.0,0,0,0,,,0.42101724229307785
20260124_084550,2026-01-24T09:35:07.078251,15cedc7a9730972b927f01fdf3bc98946ca1b50a,lifetime_reward,32x32,29199,-0.6869255304336548,0.04106636598808109,1.0,0,0,0,,,0.4210046591739709
20260124_084550,2026-01-24T09:35:09.489532,15cedc7a9730972b927f01fdf3bc98946ca1b50a,lifetime_reward,32x32,29299,-0.34031441807746887,0.04227284622953448,1.0,0,0,0,,,0.4208503306481147
20260124_084550,2026-01-24T09:35:12.095123,15cedc7a9730972b927f01fdf3bc98946ca1b50a,lifetime_reward,32x32,29399,-0.2098437249660492,0.04037615434208419,1.0,0,0,0,,,0.4208879117966625
20260124_084550,2026-01-24T09:35:14.805004,15cedc7a9730972b927f01fdf3bc98946ca1b50a,lifetime_reward,32x32,29499,-0.5576278567314148,0.04145791946808458,1.0,0,0,0,,,0.42102896269104845
20260124_084550,2026-01-24T09:35:17.406579,15cedc7a9730972b927f01fdf3bc98946ca1b50a,lifetime_reward,32x32,29599,-0.4349217414855957,0.04027684865104675,1.0,0,0,0,,,0.4210144665689758
20260124_084550,2026-01-24T09:35:19.853437,15cedc7a9730972b927f01fdf3bc98946ca1b50a,lifetime_reward,32x32,29699,0.3156015872955322,0.04039589710031578,1.0,0,0,0,,,0.42100445292009175
20260124_084550,2026-01-24T09:35:22.425150,15cedc7a9730972b927f01fdf3bc98946ca1b50a,lifetime_reward,32x32,29799,-0.6675785779953003,0.042338948972392244,1.0,0,0,0,,,0.42092971333065177
20260124_084550,2026-01-24T09:35:25.073495,15cedc7a9730972b927f01fdf3bc98946ca1b50a,lifetime_reward,32x32,29899,-0.5469375848770142,0.041248504992036035,1.0,0,0,0,,,0.421030553671067
20260124_084550,2026-01-24T09:35:27.657883,15cedc7a9730972b927f01fdf3bc98946ca1b50a,lifetime_reward,32x32,29999,-0.6226895451545715,0.04125525295879925,1.0,0,0,0,,,0.4210351015137253
20260124_084550,2026-01-24T09:35:30.249737,15cedc7a9730972b927f01fdf3bc98946ca1b50a,lifetime_reward,32x32,30099,-0.28421303629875183,0.04082113704149379,1.0,0,0,0,,,0.4209416815628937
20260124_084550,2026-01-24T09:35:32.816502,15cedc7a9730972b927f01fdf3bc98946ca1b50a,lifetime_reward,32x32,30199,-0.1055145114660263,0.04015109273808776,1.0,0,0,0,,,0.42101187062761736
20260124_084550,2026-01-24T09:35:35.541364,15cedc7a9730972b927f01fdf3bc98946ca1b50a,lifetime_reward,32x32,30299,-0.7408837080001831,0.04284431183252309,1.0,0,0,0,,,0.4208730525578439
20260124_084550,2026-01-24T09:35:38.102741,15cedc7a9730972b927f01fdf3bc98946ca1b50a,lifetime_reward,32x32,30399,-0.6067883968353271,0.04125273333498626,1.0,0,0,0,,,0.42102231938346985
20260124_084550,2026-01-24T09:35:40.808190,15cedc7a9730972b927f01fdf3bc98946ca1b50a,lifetime_reward,32x32,30499,-0.055293574929237366,0.03984438576873799,1.0,0,0,0,,,0.42096624324410603
20260124_084550,2026-01-24T09:35:43.368242,15cedc7a9730972b927f01fdf3bc98946ca1b50a,lifetime_reward,32x32,30599,-0.4976084530353546,0.04109423544403398,1.0,0,0,0,,,0.4210338746057477
20260124_084550,2026-01-24T09:35:45.953353,15cedc7a9730972b927f01fdf3bc98946ca1b50a,lifetime_reward,32x32,30699,-0.46571895480155945,0.04137642907131522,1.0,0,0,0,,,0.4209738997166617
20260124_084550,2026-01-24T09:35:48.545678,15cedc7a9730972b927f01fdf3bc98946ca1b50a,lifetime_reward,32x32,30799,-0.5539476871490479,0.03964734011206019,1.0,0,0,0,,,0.42088928643521806
20260124_084550,2026-01-24T09:35:51.271101,15cedc7a9730972b927f01fdf3bc98946ca1b50a,lifetime_reward,32x32,30899,-0.30764222145080566,0.04073957914239145,1.0,0,0,0,,,0.4210368348393184
20260124_084550,2026-01-24T09:35:53.837161,15cedc7a9730972b927f01fdf3bc98946ca1b50a,lifetime_reward,32x32,30999,-0.6546435952186584,0.041220316401595486,1.0,0,0,0,,,0.42103334891716393
20260124_084550,2026-01-24T09:35:56.570564,15cedc7a9730972b927f01fdf3bc98946ca1b50a,lifetime_reward,32x32,31099,-0.09117861092090607,0.04199848479394859,1.0,0,0,0,,,0.421023706031063
20260124_084550,2026-01-24T09:35:59.195170,15cedc7a9730972b927f01fdf3bc98946ca1b50a,lifetime_reward,32x32,31199,-0.7586865425109863,0.04237728846645041,1.0,0,0,0,,,0.42094402086871363
20260124_084550,2026-01-24T09:36:01.900107,15cedc7a9730972b927f01fdf3bc98946ca1b50a,lifetime_reward,32x32,31299,-0.500913679599762,0.04088278270537558,1.0,0,0,0,,,0.42103002607591217
20260124_084550,2026-01-24T09:36:04.469123,15cedc7a9730972b927f01fdf3bc98946ca1b50a,lifetime_reward,32x32,31399,-0.398425817489624,0.04095959252736066,1.0,0,0,0,,,0.42102867654761444
20260124_084550,2026-01-24T09:36:06.871669,15cedc7a9730972b927f01fdf3bc98946ca1b50a,lifetime_reward,32x32,31499,-0.5076965093612671,0.04123705273676023,1.0,0,0,0,,,0.4210103578872201
20260124_084550,2026-01-24T09:36:09.297836,15cedc7a9730972b927f01fdf3bc98946ca1b50a,lifetime_reward,32x32,31599,-0.5077770948410034,0.04273409311186697,1.0,0,0,0,,,0.4208966947668733
20260124_084550,2026-01-24T09:36:11.880951,15cedc7a9730972b927f01fdf3bc98946ca1b50a,lifetime_reward,32x32,31699,-0.3380303680896759,0.04183086387878575,1.0,0,0,0,,,0.42101134341372004
20260124_084550,2026-01-24T09:36:14.272174,15cedc7a9730972b927f01fdf3bc98946ca1b50a,lifetime_reward,32x32,31799,-0.2319614589214325,0.04161869875293633,1.0,0,0,0,,,0.42095911107034106
20260124_084550,2026-01-24T09:36:16.682354,15cedc7a9730972b927f01fdf3bc98946ca1b50a,lifetime_reward,32x32,31899,-0.4921083152294159,0.0402181410711637,1.0,0,0,0,,,0.4209535601679264
20260124_084550,2026-01-24T09:36:19.417236,15cedc7a9730972b927f01fdf3bc98946ca1b50a,lifetime_reward,32x32,31999,-0.43550223112106323,0.04093510424245324,1.0,0,0,0,,,0.4208621341756045
20260124_084550,2026-01-24T09:36:21.856077,15cedc7a9730972b927f01fdf3bc98946ca1b50a,lifetime_reward,32x32,32099,-0.20903652906417847,0.042235589130505104,1.0,0,0,0,,,0.42099597745250056
20260124_084550,2026-01-24T09:36:24.416869,15cedc7a9730972b927f01fdf3bc98946ca1b50a,lifetime_reward,32x32,32199,-0.27674418687820435,0.040412368522229375,1.0,0,0,0,,,0.4210148306979912
20260124_084550,2026-01-24T09:36:27.129782,15cedc7a9730972b927f01fdf3bc98946ca1b50a,lifetime_reward,32x32,32299,-0.3682587444782257,0.042637395924757585,1.0,0,0,0,,,0.4209474462857279
20260124_084550,2026-01-24T09:36:29.574031,15cedc7a9730972b927f01fdf3bc98946ca1b50a,lifetime_reward,32x32,32399,-0.7748445272445679,0.04071679630891595,1.0,0,0,0,,,0.4209199300341073
20260124_084550,2026-01-24T09:36:32.282715,15cedc7a9730972b927f01fdf3bc98946ca1b50a,lifetime_reward,32x32,32499,-0.5883382558822632,0.042595611681317674,1.0,0,0,0,,,0.4208496810741772
20260124_084550,2026-01-24T09:36:34.729751,15cedc7a9730972b927f01fdf3bc98946ca1b50a,lifetime_reward,32x32,32599,-0.46597713232040405,0.04109255284529354,1.0,0,0,0,,,0.4210379993883627
20260124_084550,2026-01-24T09:36:37.308666,15cedc7a9730972b927f01fdf3bc98946ca1b50a,lifetime_reward,32x32,32699,-0.5204190015792847,0.04165463912104315,1.0,0,0,0,,,0.4209689786957791
20260124_084550,2026-01-24T09:36:40.034336,15cedc7a9730972b927f01fdf3bc98946ca1b50a,lifetime_reward,32x32,32799,-0.4489518404006958,0.04097635728780005,1.0,0,0,0,,,0.4210361626512904
20260124_084550,2026-01-24T09:36:42.431193,15cedc7a9730972b927f01fdf3bc98946ca1b50a,lifetime_reward,32x32,32899,-0.3935020864009857,0.04182289039054012,1.0,0,0,0,,,0.42101726213624235
20260124_084550,2026-01-24T09:36:44.969936,15cedc7a9730972b927f01fdf3bc98946ca1b50a,lifetime_reward,32x32,32999,-0.5717971920967102,0.04116704157902859,1.0,0,0,0,,,0.4210296796393056
20260124_084550,2026-01-24T09:36:47.416363,15cedc7a9730972b927f01fdf3bc98946ca1b50a,lifetime_reward,32x32,33099,-0.5062237977981567,0.04341996054608899,1.0,0,0,0,,,0.42081646179464705
20260124_084550,2026-01-24T09:36:50.118429,15cedc7a9730972b927f01fdf3bc98946ca1b50a,lifetime_reward,32x32,33199,-0.07088054716587067,0.040519996580624135,1.0,0,0,0,,,0.42102219846147027
20260124_084550,2026-01-24T09:36:52.558885,15cedc7a9730972b927f01fdf3bc98946ca1b50a,lifetime_reward,32x32,33299,-0.6217060685157776,0.0411412428933545,1.0,0,0,0,,,0.42102109896185447
20260124_084550,2026-01-24T09:36:55.150003,15cedc7a9730972b927f01fdf3bc98946ca1b50a,lifetime_reward,32x32,33399,-0.5649076700210571,0.04075111336329428,1.0,0,0,0,,,0.42096848396676223
20260124_084550,2026-01-24T09:36:57.642853,15cedc7a9730972b927f01fdf3bc98946ca1b50a,lifetime_reward,32x32,33499,-0.5310858488082886,0.0407662479148712,1.0,0,0,0,,,0.42101780542676565
20260124_084550,2026-01-24T09:37:00.343371,15cedc7a9730972b927f01fdf3bc98946ca1b50a,lifetime_reward,32x32,33599,-0.45029059052467346,0.04113489480521821,1.0,0,0,0,,,0.4210124544315059
20260124_084550,2026-01-24T09:37:02.912389,15cedc7a9730972b927f01fdf3bc98946ca1b50a,lifetime_reward,32x32,33699,-0.2878573536872864,0.04152770047323429,1.0,0,0,0,,,0.42103386007579624
20260124_084550,2026-01-24T09:37:05.467755,15cedc7a9730972b927f01fdf3bc98946ca1b50a,lifetime_reward,32x32,33799,-0.3362230658531189,0.04058786196859728,1.0,0,0,0,,,0.4210253296229144
20260124_084550,2026-01-24T09:37:07.918014,15cedc7a9730972b927f01fdf3bc98946ca1b50a,lifetime_reward,32x32,33899,-0.4146669805049896,0.040893304120036195,1.0,0,0,0,,,0.42103382996654387
20260124_084550,2026-01-24T09:37:10.501716,15cedc7a9730972b927f01fdf3bc98946ca1b50a,lifetime_reward,32x32,33999,-0.3498765230178833,0.0425294513967674,1.0,0,0,0,,,0.4208062960126505
20260124_084550,2026-01-24T09:37:13.069289,15cedc7a9730972b927f01fdf3bc98946ca1b50a,lifetime_reward,32x32,34099,-0.4224410057067871,0.041217624264681944,1.0,0,0,0,,,0.42103000064059404
20260124_084550,2026-01-24T09:37:15.609341,15cedc7a9730972b927f01fdf3bc98946ca1b50a,lifetime_reward,32x32,34199,0.024648480117321014,0.039998904375243,1.0,0,0,0,,,0.42090602737870464
20260124_084550,2026-01-24T09:37:18.181497,15cedc7a9730972b927f01fdf3bc98946ca1b50a,lifetime_reward,32x32,34299,-0.23958644270896912,0.04161890280389344,1.0,0,0,0,,,0.4210352846244519
20260124_084550,2026-01-24T09:37:20.937592,15cedc7a9730972b927f01fdf3bc98946ca1b50a,lifetime_reward,32x32,34399,-0.38946348428726196,0.040697570994670966,1.0,0,0,0,,,0.42093010847527795
20260124_084550,2026-01-24T09:37:23.504355,15cedc7a9730972b927f01fdf3bc98946ca1b50a,lifetime_reward,32x32,34499,-0.35800641775131226,0.040523651992480154,1.0,0,0,0,,,0.4210216737184992
20260124_084550,2026-01-24T09:37:26.059962,15cedc7a9730972b927f01fdf3bc98946ca1b50a,lifetime_reward,32x32,34599,-0.48451387882232666,0.04113877073410549,1.0,0,0,0,,,0.4210419541534396
20260124_084550,2026-01-24T09:37:28.646473,15cedc7a9730972b927f01fdf3bc98946ca1b50a,lifetime_reward,32x32,34699,-0.525700569152832,0.0412612745702063,1.0,0,0,0,,,0.421007206121772
20260124_084550,2026-01-24T09:37:31.304709,15cedc7a9730972b927f01fdf3bc98946ca1b50a,lifetime_reward,32x32,34799,-0.19182266294956207,0.04170082001321134,1.0,0,0,0,,,0.4210252676324835
20260124_084550,2026-01-24T09:37:33.794716,15cedc7a9730972b927f01fdf3bc98946ca1b50a,lifetime_reward,32x32,34899,-0.14071010053157806,0.03983246573858196,1.0,0,0,0,,,0.4209049247412725
20260124_084550,2026-01-24T09:37:36.457961,15cedc7a9730972b927f01fdf3bc98946ca1b50a,lifetime_reward,32x32,34999,-0.6245825290679932,0.03997276532580145,1.0,0,0,0,,,0.4207393988491556
20260124_084550,2026-01-24T09:37:39.030411,15cedc7a9730972b927f01fdf3bc98946ca1b50a,lifetime_reward,32x32,35099,-0.5753474831581116,0.0423067043768242,1.0,0,0,0,,,0.4210206503543268
20260124_084550,2026-01-24T09:37:41.423703,15cedc7a9730972b927f01fdf3bc98946ca1b50a,lifetime_reward,32x32,35199,-0.549509584903717,0.041667678639641964,1.0,0,0,0,,,0.4210255847477453
20260124_084550,2026-01-24T09:37:44.020246,15cedc7a9730972b927f01fdf3bc98946ca1b50a,lifetime_reward,32x32,35299,-0.6739901304244995,0.04052642633680079,1.0,0,0,0,,,0.42102023084956786
20260124_084550,2026-01-24T09:37:46.582372,15cedc7a9730972b927f01fdf3bc98946ca1b50a,lifetime_reward,32x32,35399,-0.540692925453186,0.04171305432719237,1.0,0,0,0,,,0.42103758923897233
20260124_084550,2026-01-24T09:37:49.107510,15cedc7a9730972b927f01fdf3bc98946ca1b50a,lifetime_reward,32x32,35499,-0.71346116065979,0.04001307618571445,1.0,0,0,0,,,0.4209178152794436
20260124_084550,2026-01-24T09:37:51.650580,15cedc7a9730972b927f01fdf3bc98946ca1b50a,lifetime_reward,32x32,35599,-0.5271955132484436,0.04193704398574482,1.0,0,0,0,,,0.4210295813209486
20260124_084550,2026-01-24T09:37:54.235116,15cedc7a9730972b927f01fdf3bc98946ca1b50a,lifetime_reward,32x32,35699,-0.5161725282669067,0.04233250663390208,1.0,0,0,0,,,0.42101298480566124
20260124_084550,2026-01-24T09:37:56.995014,15cedc7a9730972b927f01fdf3bc98946ca1b50a,lifetime_reward,32x32,35799,-0.25151222944259644,0.041926086512685284,1.0,0,0,0,,,0.4210281662160821
20260124_084550,2026-01-24T09:37:59.675343,15cedc7a9730972b927f01fdf3bc98946ca1b50a,lifetime_reward,32x32,35899,-0.1947285383939743,0.04030860735780152,1.0,0,0,0,,,0.421030601243376
20260124_084550,2026-01-24T09:38:02.220219,15cedc7a9730972b927f01fdf3bc98946ca1b50a,lifetime_reward,32x32,35999,-0.5349895358085632,0.04187759657848801,1.0,0,0,0,,,0.4210236394930519
20260124_084550,2026-01-24T09:38:04.624728,15cedc7a9730972b927f01fdf3bc98946ca1b50a,lifetime_reward,32x32,36099,-0.08136067539453506,0.04103578977526922,1.0,0,0,0,,,0.42104118465022655
20260124_084550,2026-01-24T09:38:07.210670,15cedc7a9730972b927f01fdf3bc98946ca1b50a,lifetime_reward,32x32,36199,-0.41755902767181396,0.039639197466749466,1.0,0,0,0,,,0.42088786479839607
20260124_084550,2026-01-24T09:38:09.612025,15cedc7a9730972b927f01fdf3bc98946ca1b50a,lifetime_reward,32x32,36299,-0.3527069091796875,0.04100188804171921,1.0,0,0,0,,,0.4210265273177978
20260124_084550,2026-01-24T09:38:12.025014,15cedc7a9730972b927f01fdf3bc98946ca1b50a,lifetime_reward,32x32,36399,-0.6245778799057007,0.04112510723032756,1.0,0,0,0,,,0.4210371462851191
20260124_084550,2026-01-24T09:38:14.745738,15cedc7a9730972b927f01fdf3bc98946ca1b50a,lifetime_reward,32x32,36499,-0.5244398713111877,0.041523299122782194,1.0,0,0,0,,,0.4210280648015157
20260124_084550,2026-01-24T09:38:17.297184,15cedc7a9730972b927f01fdf3bc98946ca1b50a,lifetime_reward,32x32,36599,-0.48709139227867126,0.04132744040005491,1.0,0,0,0,,,0.42098535240921536
20260124_084550,2026-01-24T09:38:19.863121,15cedc7a9730972b927f01fdf3bc98946ca1b50a,lifetime_reward,32x32,36699,-0.3328858017921448,0.04042070343450178,1.0,0,0,0,,,0.4210000558373962
20260124_084550,2026-01-24T09:38:22.415959,15cedc7a9730972b927f01fdf3bc98946ca1b50a,lifetime_reward,32x32,36799,-0.3794061541557312,0.04239949922564847,1.0,0,0,0,,,0.42102064691836405
20260124_084550,2026-01-24T09:38:24.868470,15cedc7a9730972b927f01fdf3bc98946ca1b50a,lifetime_reward,32x32,36899,-0.5495684146881104,0.04086622112336045,1.0,0,0,0,,,0.42100891088764736
20260124_084550,2026-01-24T09:38:27.459093,15cedc7a9730972b927f01fdf3bc98946ca1b50a,lifetime_reward,32x32,36999,-0.5780693292617798,0.04062600023651612,1.0,0,0,0,,,0.421030199929905
20260124_084550,2026-01-24T09:38:30.216560,15cedc7a9730972b927f01fdf3bc98946ca1b50a,lifetime_reward,32x32,37099,-0.6151485443115234,0.04012271247636818,1.0,0,0,0,,,0.4209788720143543
20260124_084550,2026-01-24T09:38:32.629621,15cedc7a9730972b927f01fdf3bc98946ca1b50a,lifetime_reward,32x32,37199,-0.2838837504386902,0.04052867269951094,1.0,0,0,0,,,0.4210091096178874
20260124_084550,2026-01-24T09:38:35.208634,15cedc7a9730972b927f01fdf3bc98946ca1b50a,lifetime_reward,32x32,37299,-0.26129817962646484,0.042035641060501804,1.0,0,0,0,,,0.4209737094889048
20260124_084550,2026-01-24T09:38:37.825639,15cedc7a9730972b927f01fdf3bc98946ca1b50a,lifetime_reward,32x32,37399,-0.4396308660507202,0.040387410097173414,1.0,0,0,0,,,0.4209833673557242
20260124_084550,2026-01-24T09:38:40.269733,15cedc7a9730972b927f01fdf3bc98946ca1b50a,lifetime_reward,32x32,37499,-0.6605027914047241,0.04107344746000308,1.0,0,0,0,,,0.4210295295938434
20260124_084550,2026-01-24T09:38:42.825190,15cedc7a9730972b927f01fdf3bc98946ca1b50a,lifetime_reward,32x32,37599,-0.3318389654159546,0.04005898986266402,1.0,0,0,0,,,0.42101139112438624
20260124_084550,2026-01-24T09:38:45.339399,15cedc7a9730972b927f01fdf3bc98946ca1b50a,lifetime_reward,32x32,37699,0.03054537996649742,0.04223080450647103,1.0,0,0,0,,,0.42102620872573593
20260124_084550,2026-01-24T09:38:47.988066,15cedc7a9730972b927f01fdf3bc98946ca1b50a,lifetime_reward,32x32,37799,-0.21266743540763855,0.039389465007625406,1.0,0,0,0,,,0.4209852944317948
20260124_084550,2026-01-24T09:38:50.551787,15cedc7a9730972b927f01fdf3bc98946ca1b50a,lifetime_reward,32x32,37899,-0.21212221682071686,0.04014948291784094,1.0,0,0,0,,,0.42097831927543405
20260124_084550,2026-01-24T09:38:52.966242,15cedc7a9730972b927f01fdf3bc98946ca1b50a,lifetime_reward,32x32,37999,-0.7785766124725342,0.03952626836115087,1.0,0,0,0,,,0.42097662124669694
20260124_084550,2026-01-24T09:38:55.537578,15cedc7a9730972b927f01fdf3bc98946ca1b50a,lifetime_reward,32x32,38099,-0.34090757369995117,0.04055705982507789,1.0,0,0,0,,,0.42103171566009473
20260124_084550,2026-01-24T09:38:58.155181,15cedc7a9730972b927f01fdf3bc98946ca1b50a,lifetime_reward,32x32,38199,-0.08360544592142105,0.04201381024948205,1.0,0,0,0,,,0.4210144912313448
20260124_084550,2026-01-24T09:39:00.717959,15cedc7a9730972b927f01fdf3bc98946ca1b50a,lifetime_reward,32x32,38299,-0.5901795625686646,0.04110227683740959,1.0,0,0,0,,,0.42104832770903927
20260124_084550,2026-01-24T09:39:03.452577,15cedc7a9730972b927f01fdf3bc98946ca1b50a,lifetime_reward,32x32,38399,-0.36920836567878723,0.04205377031430544,1.0,0,0,0,,,0.42102235741955574
20260124_084550,2026-01-24T09:39:05.930367,15cedc7a9730972b927f01fdf3bc98946ca1b50a,lifetime_reward,32x32,38499,-0.2844957709312439,0.03979271843578317,1.0,0,0,0,,,0.4209897045204418
20260124_084550,2026-01-24T09:39:08.566986,15cedc7a9730972b927f01fdf3bc98946ca1b50a,lifetime_reward,32x32,38599,-0.20327258110046387,0.04038919002465263,1.0,0,0,0,,,0.42103657949347273
20260124_084550,2026-01-24T09:39:11.161145,15cedc7a9730972b927f01fdf3bc98946ca1b50a,lifetime_reward,32x32,38699,-0.2534834146499634,0.04175187502245535,1.0,0,0,0,,,0.4209748445036527
20260124_084550,2026-01-24T09:39:13.765779,15cedc7a9730972b927f01fdf3bc98946ca1b50a,lifetime_reward,32x32,38799,-0.4245191216468811,0.041520254905408366,1.0,0,0,0,,,0.42104000761111876
20260124_084550,2026-01-24T09:39:16.525930,15cedc7a9730972b927f01fdf3bc98946ca1b50a,lifetime_reward,32x32,38899,-0.7665088176727295,0.040230988868061104,1.0,0,0,0,,,0.42102187980387884
20260124_084550,2026-01-24T09:39:19.112624,15cedc7a9730972b927f01fdf3bc98946ca1b50a,lifetime_reward,32x32,38999,-0.45582008361816406,0.0422771106230357,1.0,0,0,0,,,0.4207648029382648
20260124_084550,2026-01-24T09:39:21.695954,15cedc7a9730972b927f01fdf3bc98946ca1b50a,lifetime_reward,32x32,39099,-0.3024888336658478,0.04123644793900894,1.0,0,0,0,,,0.42102466834860547
20260124_084550,2026-01-24T09:39:24.271967,15cedc7a9730972b927f01fdf3bc98946ca1b50a,lifetime_reward,32x32,39199,-0.4066002666950226,0.04014506894265651,1.0,0,0,0,,,0.42095427161752375
20260124_084550,2026-01-24T09:39:26.707262,15cedc7a9730972b927f01fdf3bc98946ca1b50a,lifetime_reward,32x32,39299,-0.33957794308662415,0.04098285888052487,1.0,0,0,0,,,0.4210495771996884
20260124_084550,2026-01-24T09:39:29.232152,15cedc7a9730972b927f01fdf3bc98946ca1b50a,lifetime_reward,32x32,39399,-0.22303739190101624,0.040086781398276795,1.0,0,0,0,,,0.42098104541497283
20260124_084550,2026-01-24T09:39:31.903995,15cedc7a9730972b927f01fdf3bc98946ca1b50a,lifetime_reward,32x32,39499,-0.3601725697517395,0.040253062419797064,1.0,0,0,0,,,0.42094157759542283
20260124_084550,2026-01-24T09:39:34.640917,15cedc7a9730972b927f01fdf3bc98946ca1b50a,lifetime_reward,32x32,39599,-0.6378539800643921,0.04089055669370282,1.0,0,0,0,,,0.4210300640005069
20260124_084550,2026-01-24T09:39:37.098440,15cedc7a9730972b927f01fdf3bc98946ca1b50a,lifetime_reward,32x32,39699,-0.16183778643608093,0.04090237263371819,1.0,0,0,0,,,0.42101286695117024
20260124_084550,2026-01-24T09:39:39.702788,15cedc7a9730972b927f01fdf3bc98946ca1b50a,lifetime_reward,32x32,39799,-0.3436054587364197,0.03924283656742773,1.0,0,0,0,,,0.4208851462020988
20260124_084550,2026-01-24T09:39:42.278267,15cedc7a9730972b927f01fdf3bc98946ca1b50a,lifetime_reward,32x32,39899,-0.25485578179359436,0.04061278492197744,1.0,0,0,0,,,0.4210408685326762
20260124_084550,2026-01-24T09:39:44.996563,15cedc7a9730972b927f01fdf3bc98946ca1b50a,lifetime_reward,32x32,39999,-0.2354622185230255,0.041738541156155405,1.0,0,0,0,,,0.4210084616631037
20260124_084550,2026-01-24T09:39:47.563776,15cedc7a9730972b927f01fdf3bc98946ca1b50a,lifetime_reward,32x32,40099,-0.4904690980911255,0.0398722885625466,1.0,0,0,0,,,0.4206722987528356
20260124_084550,2026-01-24T09:39:50.147990,15cedc7a9730972b927f01fdf3bc98946ca1b50a,lifetime_reward,32x32,40199,-0.20476236939430237,0.04206274856856908,1.0,0,0,0,,,0.4209980362156109
20260124_084550,2026-01-24T09:39:52.908076,15cedc7a9730972b927f01fdf3bc98946ca1b50a,lifetime_reward,32x32,40299,-0.14114640653133392,0.04117417887064221,1.0,0,0,0,,,0.4210318938343996
20260124_084550,2026-01-24T09:39:55.457355,15cedc7a9730972b927f01fdf3bc98946ca1b50a,lifetime_reward,32x32,40399,-0.2371790111064911,0.041188912352517947,1.0,0,0,0,,,0.42104438702193503
20260124_084550,2026-01-24T09:39:57.909321,15cedc7a9730972b927f01fdf3bc98946ca1b50a,lifetime_reward,32x32,40499,-0.25089266896247864,0.04164433204001398,1.0,0,0,0,,,0.4208509118213742
20260124_084550,2026-01-24T09:40:00.548563,15cedc7a9730972b927f01fdf3bc98946ca1b50a,lifetime_reward,32x32,40599,-0.6666423678398132,0.04035923593808548,1.0,0,0,0,,,0.42103175408673926
20260124_084550,2026-01-24T09:40:03.204950,15cedc7a9730972b927f01fdf3bc98946ca1b50a,lifetime_reward,32x32,40699,-0.1626846045255661,0.04174600907521381,1.0,0,0,0,,,0.42098974297587166
20260124_084550,2026-01-24T09:40:05.620331,15cedc7a9730972b927f01fdf3bc98946ca1b50a,lifetime_reward,32x32,40799,-0.29215550422668457,0.040713495364543634,1.0,0,0,0,,,0.42103969289994825
20260124_084550,2026-01-24T09:40:08.039863,15cedc7a9730972b927f01fdf3bc98946ca1b50a,lifetime_reward,32x32,40899,-0.5729065537452698,0.04285713018587558,1.0,0,0,0,,,0.42097088325731197
20260124_084550,2026-01-24T09:40:10.653153,15cedc7a9730972b927f01fdf3bc98946ca1b50a,lifetime_reward,32x32,40999,-0.2667914927005768,0.040944602087474774,1.0,0,0,0,,,0.42104809446378577
20260124_084550,2026-01-24T09:40:13.370482,15cedc7a9730972b927f01fdf3bc98946ca1b50a,lifetime_reward,32x32,41099,-0.743167519569397,0.04104372442743624,1.0,0,0,0,,,0.42105110306423144
20260124_084550,2026-01-24T09:40:15.932957,15cedc7a9730972b927f01fdf3bc98946ca1b50a,lifetime_reward,32x32,41199,-0.3618793785572052,0.040607139505373195,1.0,0,0,0,,,0.42102919375335135
20260124_084550,2026-01-24T09:40:18.452606,15cedc7a9730972b927f01fdf3bc98946ca1b50a,lifetime_reward,32x32,41299,-0.7031542062759399,0.040015344417770396,1.0,0,0,0,,,0.42082282313652547
20260124_084550,2026-01-24T09:40:21.193775,15cedc7a9730972b927f01fdf3bc98946ca1b50a,lifetime_reward,32x32,41399,-0.3108873963356018,0.04083765940988087,1.0,0,0,0,,,0.4209976507769288
20260124_084550,2026-01-24T09:40:23.763828,15cedc7a9730972b927f01fdf3bc98946ca1b50a,lifetime_reward,32x32,41499,-0.5070231556892395,0.0405969947095582,1.0,0,0,0,,,0.4209898364395137
20260124_084550,2026-01-24T09:40:26.323476,15cedc7a9730972b927f01fdf3bc98946ca1b50a,lifetime_reward,32x32,41599,-0.33833232522010803,0.04261787281888246,1.0,0,0,0,,,0.4209327716316962
20260124_084550,2026-01-24T09:40:28.916482,15cedc7a9730972b927f01fdf3bc98946ca1b50a,lifetime_reward,32x32,41699,-0.6807476282119751,0.04060270208283327,1.0,0,0,0,,,0.42104335839800944
20260124_084550,2026-01-24T09:40:31.479316,15cedc7a9730972b927f01fdf3bc98946ca1b50a,lifetime_reward,32x32,41799,-0.36621710658073425,0.041389207534011804,1.0,0,0,0,,,0.4210436786250373
20260124_084550,2026-01-24T09:40:34.041930,15cedc7a9730972b927f01fdf3bc98946ca1b50a,lifetime_reward,32x32,41899,-0.37550675868988037,0.040479265336180105,1.0,0,0,0,,,0.4209658348259172
20260124_084550,2026-01-24T09:40:36.638816,15cedc7a9730972b927f01fdf3bc98946ca1b50a,lifetime_reward,32x32,41999,-0.38226786255836487,0.0405851187423832,1.0,0,0,0,,,0.42103779145397113
20260124_084550,2026-01-24T09:40:39.062008,15cedc7a9730972b927f01fdf3bc98946ca1b50a,lifetime_reward,32x32,42099,-0.11566580086946487,0.040185422633512644,1.0,0,0,0,,,0.4210117605637768
20260124_084550,2026-01-24T09:40:41.633931,15cedc7a9730972b927f01fdf3bc98946ca1b50a,lifetime_reward,32x32,42199,-0.21854326128959656,0.04054039993105107,1.0,0,0,0,,,0.4210371840597098
20260124_084550,2026-01-24T09:40:44.222067,15cedc7a9730972b927f01fdf3bc98946ca1b50a,lifetime_reward,32x32,42299,-0.4353867769241333,0.040471150762896285,1.0,0,0,0,,,0.4210251983034512
20260124_084550,2026-01-24T09:40:46.642604,15cedc7a9730972b927f01fdf3bc98946ca1b50a,lifetime_reward,32x32,42399,-0.38528454303741455,0.04251900077731989,1.0,0,0,0,,,0.4209388024364681
20260124_084550,2026-01-24T09:40:49.231343,15cedc7a9730972b927f01fdf3bc98946ca1b50a,lifetime_reward,32x32,42499,-0.24390682578086853,0.042657135907065824,1.0,0,0,0,,,0.4209681795311193
20260124_084550,2026-01-24T09:40:51.820499,15cedc7a9730972b927f01fdf3bc98946ca1b50a,lifetime_reward,32x32,42599,-0.5860428810119629,0.042063230618296074,1.0,0,0,0,,,0.42103223251561295
20260124_084550,2026-01-24T09:40:54.422442,15cedc7a9730972b927f01fdf3bc98946ca1b50a,lifetime_reward,32x32,42699,-0.8057535886764526,0.04100066609942587,1.0,0,0,0,,,0.42105119296215976
20260124_084550,2026-01-24T09:40:57.023559,15cedc7a9730972b927f01fdf3bc98946ca1b50a,lifetime_reward,32x32,42799,-0.19383466243743896,0.04186938494254719,1.0,0,0,0,,,0.4210389625546087
20260124_084550,2026-01-24T09:40:59.631458,15cedc7a9730972b927f01fdf3bc98946ca1b50a,lifetime_reward,32x32,42899,-0.4020156264305115,0.041841231846119625,1.0,0,0,0,,,0.4210337735665402
20260124_084550,2026-01-24T09:41:02.365057,15cedc7a9730972b927f01fdf3bc98946ca1b50a,lifetime_reward,32x32,42999,-0.6767356395721436,0.041061494938403484,1.0,0,0,0,,,0.42101396647156447
20260124_084550,2026-01-24T09:41:04.946560,15cedc7a9730972b927f01fdf3bc98946ca1b50a,lifetime_reward,32x32,43099,-0.22373537719249725,0.041200950108541294,1.0,0,0,0,,,0.42105244388151675
20260124_084550,2026-01-24T09:41:07.393313,15cedc7a9730972b927f01fdf3bc98946ca1b50a,lifetime_reward,32x32,43199,-0.4119574725627899,0.0419333852307318,1.0,0,0,0,,,0.42103467442648823
20260124_084550,2026-01-24T09:41:09.992576,15cedc7a9730972b927f01fdf3bc98946ca1b50a,lifetime_reward,32x32,43299,-0.34002476930618286,0.04149413174054643,1.0,0,0,0,,,0.4210121460484798
20260124_084550,2026-01-24T09:41:12.755291,15cedc7a9730972b927f01fdf3bc98946ca1b50a,lifetime_reward,32x32,43399,-0.7518106698989868,0.042592123276845084,1.0,0,0,0,,,0.42095781366385887
20260124_084550,2026-01-24T09:41:15.217274,15cedc7a9730972b927f01fdf3bc98946ca1b50a,lifetime_reward,32x32,43499,-0.25858598947525024,0.04076302892142849,1.0,0,0,0,,,0.42095930784189983
20260124_084550,2026-01-24T09:41:17.682888,15cedc7a9730972b927f01fdf3bc98946ca1b50a,lifetime_reward,32x32,43599,-0.7469725608825684,0.04097579942375887,1.0,0,0,0,,,0.42103241519744716
20260124_084550,2026-01-24T09:41:20.350689,15cedc7a9730972b927f01fdf3bc98946ca1b50a,lifetime_reward,32x32,43699,-0.2787110209465027,0.04159778726003424,1.0,0,0,0,,,0.4209748388821867
20260124_084550,2026-01-24T09:41:22.945600,15cedc7a9730972b927f01fdf3bc98946ca1b50a,lifetime_reward,32x32,43799,-0.43499574065208435,0.041230518679658414,1.0,0,0,0,,,0.4210355847077831
20260124_084550,2026-01-24T09:41:25.497099,15cedc7a9730972b927f01fdf3bc98946ca1b50a,lifetime_reward,32x32,43899,-0.4474802613258362,0.041699327595124486,1.0,0,0,0,,,0.4209859706429824
20260124_084550,2026-01-24T09:41:27.990717,15cedc7a9730972b927f01fdf3bc98946ca1b50a,lifetime_reward,32x32,43999,-0.280754029750824,0.04190091929260234,1.0,0,0,0,,,0.4210390671011349
20260124_084550,2026-01-24T09:41:30.547358,15cedc7a9730972b927f01fdf3bc98946ca1b50a,lifetime_reward,32x32,44099,-0.4036868214607239,0.04082440762904298,1.0,0,0,0,,,0.4210367074439449
20260124_084550,2026-01-24T09:41:33.098808,15cedc7a9730972b927f01fdf3bc98946ca1b50a,lifetime_reward,32x32,44199,-0.302734375,0.040803135811875106,1.0,0,0,0,,,0.4210479167936755
20260124_084550,2026-01-24T09:41:35.862117,15cedc7a9730972b927f01fdf3bc98946ca1b50a,lifetime_reward,32x32,44299,-0.32977545261383057,0.04251726715810946,1.0,0,0,0,,,0.42072126598185733
20260124_084550,2026-01-24T09:41:38.480001,15cedc7a9730972b927f01fdf3bc98946ca1b50a,lifetime_reward,32x32,44399,-0.2905135154724121,0.04077838380071626,1.0,0,0,0,,,0.4210179535759066
20260124_084550,2026-01-24T09:41:41.063353,15cedc7a9730972b927f01fdf3bc98946ca1b50a,lifetime_reward,32x32,44499,-0.24111592769622803,0.04138753326973529,1.0,0,0,0,,,0.42105053385576197
20260124_084550,2026-01-24T09:41:43.658108,15cedc7a9730972b927f01fdf3bc98946ca1b50a,lifetime_reward,32x32,44599,-0.5125997066497803,0.04271554326413025,1.0,0,0,0,,,0.4209921950027805
20260124_084550,2026-01-24T09:41:46.194403,15cedc7a9730972b927f01fdf3bc98946ca1b50a,lifetime_reward,32x32,44699,-0.6468977332115173,0.04137541556767246,1.0,0,0,0,,,0.42103181214651775
20260124_084550,2026-01-24T09:41:48.605366,15cedc7a9730972b927f01fdf3bc98946ca1b50a,lifetime_reward,32x32,44799,-0.35846081376075745,0.04164119321896578,1.0,0,0,0,,,0.42097064187722033
20260124_084550,2026-01-24T09:41:51.100655,15cedc7a9730972b927f01fdf3bc98946ca1b50a,lifetime_reward,32x32,44899,-0.5485533475875854,0.04058654747954279,1.0,0,0,0,,,0.42101618942506547
20260124_084550,2026-01-24T09:41:53.609928,15cedc7a9730972b927f01fdf3bc98946ca1b50a,lifetime_reward,32x32,44999,-0.4999183714389801,0.040997699436702534,1.0,0,0,0,,,0.42104322224456736
20260124_084550,2026-01-24T09:41:56.212912,15cedc7a9730972b927f01fdf3bc98946ca1b50a,lifetime_reward,32x32,45099,-0.20251083374023438,0.041064056182294736,1.0,0,0,0,,,0.42104699329597106
20260124_084550,2026-01-24T09:41:59.041806,15cedc7a9730972b927f01fdf3bc98946ca1b50a,lifetime_reward,32x32,45199,-0.547132670879364,0.041241801335854686,1.0,0,0,0,,,0.42105431857442643
20260124_084550,2026-01-24T09:42:01.786772,15cedc7a9730972b927f01fdf3bc98946ca1b50a,lifetime_reward,32x32,45299,-0.5443333983421326,0.03920179453329183,1.0,0,0,0,,,0.42079815669720233
20260124_084550,2026-01-24T09:42:04.363375,15cedc7a9730972b927f01fdf3bc98946ca1b50a,lifetime_reward,32x32,45399,-0.3989903926849365,0.04202662503121246,1.0,0,0,0,,,0.42100670460026557
20260124_084550,2026-01-24T09:42:06.778273,15cedc7a9730972b927f01fdf3bc98946ca1b50a,lifetime_reward,32x32,45499,-0.39379000663757324,0.04243579496534949,1.0,0,0,0,,,0.4209023500346196
20260124_084550,2026-01-24T09:42:09.360871,15cedc7a9730972b927f01fdf3bc98946ca1b50a,lifetime_reward,32x32,45599,-0.6893815994262695,0.041896290320146364,1.0,0,0,0,,,0.4209838111697719
20260124_084550,2026-01-24T09:42:12.005029,15cedc7a9730972b927f01fdf3bc98946ca1b50a,lifetime_reward,32x32,45699,-0.38296380639076233,0.04218334892764688,1.0,0,0,0,,,0.4210233176980558
20260124_084550,2026-01-24T09:42:14.547429,15cedc7a9730972b927f01fdf3bc98946ca1b50a,lifetime_reward,32x32,45799,-0.4028467535972595,0.04070815801853314,1.0,0,0,0,,,0.4210291587382905
20260124_084550,2026-01-24T09:42:16.997325,15cedc7a9730972b927f01fdf3bc98946ca1b50a,lifetime_reward,32x32,45899,-0.6359395384788513,0.04217109634882945,1.0,0,0,0,,,0.4210338601600778
20260124_084550,2026-01-24T09:42:19.577142,15cedc7a9730972b927f01fdf3bc98946ca1b50a,lifetime_reward,32x32,45999,-0.3563777804374695,0.041004936837780406,1.0,0,0,0,,,0.42104923287146645
20260124_084550,2026-01-24T09:42:22.125171,15cedc7a9730972b927f01fdf3bc98946ca1b50a,lifetime_reward,32x32,46099,-0.14447954297065735,0.041623214121500496,1.0,0,0,0,,,0.42099972235014305
20260124_084550,2026-01-24T09:42:24.587511,15cedc7a9730972b927f01fdf3bc98946ca1b50a,lifetime_reward,32x32,46199,-0.2844949960708618,0.0408765988452069,1.0,0,0,0,,,0.4210500441066988
20260124_084550,2026-01-24T09:42:27.159063,15cedc7a9730972b927f01fdf3bc98946ca1b50a,lifetime_reward,32x32,46299,-0.4018090069293976,0.04177669769560453,1.0,0,0,0,,,0.42096295562605546
20260124_084550,2026-01-24T09:42:29.896804,15cedc7a9730972b927f01fdf3bc98946ca1b50a,lifetime_reward,32x32,46399,-0.24681071937084198,0.040665461610915374,1.0,0,0,0,,,0.421017352435964
20260124_084550,2026-01-24T09:42:32.476269,15cedc7a9730972b927f01fdf3bc98946ca1b50a,lifetime_reward,32x32,46499,-0.2744104266166687,0.040681353890468015,1.0,0,0,0,,,0.42103958109407524
20260124_084550,2026-01-24T09:42:34.938807,15cedc7a9730972b927f01fdf3bc98946ca1b50a,lifetime_reward,32x32,46599,-0.3336406350135803,0.04013347934975173,1.0,0,0,0,,,0.4209685389744936
20260124_084550,2026-01-24T09:42:37.415503,15cedc7a9730972b927f01fdf3bc98946ca1b50a,lifetime_reward,32x32,46699,-0.13682805001735687,0.040754363128726254,1.0,0,0,0,,,0.42104540853351713
20260124_084550,2026-01-24T09:42:40.090387,15cedc7a9730972b927f01fdf3bc98946ca1b50a,lifetime_reward,32x32,46799,-0.2044106423854828,0.04033328790457744,1.0,0,0,0,,,0.4209774848890431
20260124_084550,2026-01-24T09:42:42.653993,15cedc7a9730972b927f01fdf3bc98946ca1b50a,lifetime_reward,32x32,46899,-0.4723185896873474,0.042827892216300824,1.0,0,0,0,,,0.42091917855873306
20260124_084550,2026-01-24T09:42:45.222921,15cedc7a9730972b927f01fdf3bc98946ca1b50a,lifetime_reward,32x32,46999,-0.4686409533023834,0.04088770526308508,1.0,0,0,0,,,0.4210428298340706
20260124_084550,2026-01-24T09:42:47.659787,15cedc7a9730972b927f01fdf3bc98946ca1b50a,lifetime_reward,32x32,47099,-0.6778367757797241,0.04068133619737637,1.0,0,0,0,,,0.4210450030977584
20260124_084550,2026-01-24T09:42:50.243501,15cedc7a9730972b927f01fdf3bc98946ca1b50a,lifetime_reward,32x32,47199,-0.44361966848373413,0.04218865578237455,1.0,0,0,0,,,0.42103232028574783
20260124_084550,2026-01-24T09:42:52.832606,15cedc7a9730972b927f01fdf3bc98946ca1b50a,lifetime_reward,32x32,47299,-0.36493152379989624,0.04356320548169606,1.0,0,0,0,,,0.42071596381493614
20260124_084550,2026-01-24T09:42:55.551653,15cedc7a9730972b927f01fdf3bc98946ca1b50a,lifetime_reward,32x32,47399,-0.46164005994796753,0.0418904363308684,1.0,0,0,0,,,0.42102240305396677
20260124_084550,2026-01-24T09:42:58.246974,15cedc7a9730972b927f01fdf3bc98946ca1b50a,lifetime_reward,32x32,47499,-0.31957030296325684,0.04235699609205767,1.0,0,0,0,,,0.42097636701811203
20260124_084550,2026-01-24T09:43:00.960014,15cedc7a9730972b927f01fdf3bc98946ca1b50a,lifetime_reward,32x32,47599,-0.4703429639339447,0.04017317629637546,1.0,0,0,0,,,0.4209658621452719
20260124_084550,2026-01-24T09:43:03.636822,15cedc7a9730972b927f01fdf3bc98946ca1b50a,lifetime_reward,32x32,47699,-0.1175554022192955,0.04009908175401506,1.0,0,0,0,,,0.4208939755590686
20260124_084550,2026-01-24T09:43:06.096494,15cedc7a9730972b927f01fdf3bc98946ca1b50a,lifetime_reward,32x32,47799,-0.1312691569328308,0.04252486435689207,1.0,0,0,0,,,0.42094561654087553
20260124_084550,2026-01-24T09:43:08.686124,15cedc7a9730972b927f01fdf3bc98946ca1b50a,lifetime_reward,32x32,47899,0.05043037235736847,0.04223251791729126,1.0,0,0,0,,,0.42100548780710045
20260124_084550,2026-01-24T09:43:11.248492,15cedc7a9730972b927f01fdf3bc98946ca1b50a,lifetime_reward,32x32,47999,-0.3752971887588501,0.04034868617018219,1.0,0,0,0,,,0.42093856486308623
20260124_084550,2026-01-24T09:43:13.674469,15cedc7a9730972b927f01fdf3bc98946ca1b50a,lifetime_reward,32x32,48099,-0.37820523977279663,0.041548966688351355,1.0,0,0,0,,,0.42105117891602295
20260124_084550,2026-01-24T09:43:16.194349,15cedc7a9730972b927f01fdf3bc98946ca1b50a,lifetime_reward,32x32,48199,-0.16331373155117035,0.04063059227519261,1.0,0,0,0,,,0.421027821788483
20260124_084550,2026-01-24T09:43:18.915170,15cedc7a9730972b927f01fdf3bc98946ca1b50a,lifetime_reward,32x32,48299,-0.5479649901390076,0.04151780853782839,1.0,0,0,0,,,0.4210405982117721
20260124_084550,2026-01-24T09:43:21.484883,15cedc7a9730972b927f01fdf3bc98946ca1b50a,lifetime_reward,32x32,48399,-0.6777447462081909,0.040284811487217666,1.0,0,0,0,,,0.4209761315071817
20260124_084550,2026-01-24T09:43:24.047875,15cedc7a9730972b927f01fdf3bc98946ca1b50a,lifetime_reward,32x32,48499,-0.058670222759246826,0.03994705448465538,1.0,0,0,0,,,0.4208772757894641
20260124_084550,2026-01-24T09:43:26.628363,15cedc7a9730972b927f01fdf3bc98946ca1b50a,lifetime_reward,32x32,48599,-0.5395513772964478,0.04050799968688807,1.0,0,0,0,,,0.4208765011540372
20260124_084550,2026-01-24T09:43:29.194696,15cedc7a9730972b927f01fdf3bc98946ca1b50a,lifetime_reward,32x32,48699,-0.27681100368499756,0.041437269467496665,1.0,0,0,0,,,0.4210010337391103
20260124_084550,2026-01-24T09:43:31.619783,15cedc7a9730972b927f01fdf3bc98946ca1b50a,lifetime_reward,32x32,48799,-0.49530839920043945,0.04006002183486999,1.0,0,0,0,,,0.4209972880736128
20260124_084550,2026-01-24T09:43:34.184470,15cedc7a9730972b927f01fdf3bc98946ca1b50a,lifetime_reward,32x32,48899,-0.34534281492233276,0.04055716760631185,1.0,0,0,0,,,0.42101735114215877
20260124_084550,2026-01-24T09:43:36.761485,15cedc7a9730972b927f01fdf3bc98946ca1b50a,lifetime_reward,32x32,48999,-0.5561352372169495,0.04083779145767039,1.0,0,0,0,,,0.4209667445045065
20260124_084550,2026-01-24T09:43:39.403678,15cedc7a9730972b927f01fdf3bc98946ca1b50a,lifetime_reward,32x32,49099,-0.7894201278686523,0.04089145136786101,1.0,0,0,0,,,0.4210380197285245
20260124_084550,2026-01-24T09:43:41.972668,15cedc7a9730972b927f01fdf3bc98946ca1b50a,lifetime_reward,32x32,49199,-0.5262100100517273,0.04010771276974992,1.0,0,0,0,,,0.42093857413845015
20260124_084550,2026-01-24T09:43:44.668286,15cedc7a9730972b927f01fdf3bc98946ca1b50a,lifetime_reward,32x32,49299,-0.2595078945159912,0.04010539779432293,1.0,0,0,0,,,0.42101442760065855
20260124_084550,2026-01-24T09:43:47.237255,15cedc7a9730972b927f01fdf3bc98946ca1b50a,lifetime_reward,32x32,49399,-0.3547385036945343,0.0411561226012418,1.0,0,0,0,,,0.4210492890575438
20260124_084550,2026-01-24T09:43:49.786852,15cedc7a9730972b927f01fdf3bc98946ca1b50a,lifetime_reward,32x32,49499,-0.22242280840873718,0.04321617057583353,1.0,0,0,0,,,0.4207655721421675
20260124_084550,2026-01-24T09:43:52.462799,15cedc7a9730972b927f01fdf3bc98946ca1b50a,lifetime_reward,32x32,49599,-0.40469586849212646,0.04217241846556135,1.0,0,0,0,,,0.421031476123441
20260124_084550,2026-01-24T09:43:55.174884,15cedc7a9730972b927f01fdf3bc98946ca1b50a,lifetime_reward,32x32,49699,-0.18890567123889923,0.04057718084426597,1.0,0,0,0,,,0.42105010113381225
20260124_084550,2026-01-24T09:43:57.746295,15cedc7a9730972b927f01fdf3bc98946ca1b50a,lifetime_reward,32x32,49799,-0.44152212142944336,0.03985995162089239,1.0,0,0,0,,,0.4209473681051975
20260124_084550,2026-01-24T09:44:00.341262,15cedc7a9730972b927f01fdf3bc98946ca1b50a,lifetime_reward,32x32,49899,-0.39132851362228394,0.04138103834753565,1.0,0,0,0,,,0.4209368684170487
20260124_084550,2026-01-24T09:44:02.937196,15cedc7a9730972b927f01fdf3bc98946ca1b50a,lifetime_reward,32x32,49999,-0.28670454025268555,0.04164575361966854,1.0,0,0,0,,,0.4210507737280208
20260124_084550,2026-01-24T09:44:03.902740,15cedc7a9730972b927f01fdf3bc98946ca1b50a,lifetime_reward,64x64,0,1.8689346313476562,0.4524436514885747,1.0,0,0,0,,,-1.2487834775745563
20260124_084550,2026-01-24T09:44:07.595349,15cedc7a9730972b927f01fdf3bc98946ca1b50a,lifetime_reward,64x64,99,-0.11780786514282227,0.11755571123678238,1.0,0,0,0,,,0.32500019753245746
20260124_084550,2026-01-24T09:44:11.447003,15cedc7a9730972b927f01fdf3bc98946ca1b50a,lifetime_reward,64x64,199,-0.6291279792785645,0.07935528854650328,1.0,0,0,0,,,0.38640373044690246
20260124_084550,2026-01-24T09:44:15.035042,15cedc7a9730972b927f01fdf3bc98946ca1b50a,lifetime_reward,64x64,299,-0.09365539252758026,0.0639957225820399,1.0,0,0,0,,,0.4014483388132825
20260124_084550,2026-01-24T09:44:18.597732,15cedc7a9730972b927f01fdf3bc98946ca1b50a,lifetime_reward,64x64,399,-0.29046905040740967,0.05829645989695564,1.0,0,0,0,,,0.4079333036689342
20260124_084550,2026-01-24T09:44:22.185858,15cedc7a9730972b927f01fdf3bc98946ca1b50a,lifetime_reward,64x64,499,-0.3067736029624939,0.053216664334904636,1.0,0,0,0,,,0.41158659588287516
20260124_084550,2026-01-24T09:44:25.805925,15cedc7a9730972b927f01fdf3bc98946ca1b50a,lifetime_reward,64x64,599,-0.14555056393146515,0.051423104289351616,1.0,0,0,0,,,0.4139655738665481
20260124_084550,2026-01-24T09:44:29.339018,15cedc7a9730972b927f01fdf3bc98946ca1b50a,lifetime_reward,64x64,699,-0.581635594367981,0.04807604171124694,1.0,0,0,0,,,0.41536584057123715
20260124_084550,2026-01-24T09:44:32.873520,15cedc7a9730972b927f01fdf3bc98946ca1b50a,lifetime_reward,64x64,799,-0.24546808004379272,0.04792187189785182,1.0,0,0,0,,,0.416577797849207
20260124_084550,2026-01-24T09:44:36.513827,15cedc7a9730972b927f01fdf3bc98946ca1b50a,lifetime_reward,64x64,899,-0.5344225764274597,0.0461921738559613,1.0,0,0,0,,,0.4173352562434161
20260124_084550,2026-01-24T09:44:40.242559,15cedc7a9730972b927f01fdf3bc98946ca1b50a,lifetime_reward,64x64,999,-0.46443578600883484,0.0460636998260452,1.0,0,0,0,,,0.4178461942039768
20260124_084550,2026-01-24T09:44:43.872039,15cedc7a9730972b927f01fdf3bc98946ca1b50a,lifetime_reward,64x64,1099,-0.3882683217525482,0.04402730301735573,1.0,0,0,0,,,0.4183332776219706
20260124_084550,2026-01-24T09:44:47.560807,15cedc7a9730972b927f01fdf3bc98946ca1b50a,lifetime_reward,64x64,1199,-0.45593342185020447,0.043290385365253314,1.0,0,0,0,,,0.4186599143226317
20260124_084550,2026-01-24T09:44:51.234098,15cedc7a9730972b927f01fdf3bc98946ca1b50a,lifetime_reward,64x64,1299,-0.24408194422721863,0.0452571380178415,1.0,0,0,0,,,0.41885839546424847
20260124_084550,2026-01-24T09:44:54.776804,15cedc7a9730972b927f01fdf3bc98946ca1b50a,lifetime_reward,64x64,1399,-0.4501204788684845,0.04497972605458926,1.0,0,0,0,,,0.41918507570034824
20260124_084550,2026-01-24T09:44:58.318616,15cedc7a9730972b927f01fdf3bc98946ca1b50a,lifetime_reward,64x64,1499,-0.46003440022468567,0.04340384020055353,1.0,0,0,0,,,0.41939398464922806
20260124_084550,2026-01-24T09:45:01.992388,15cedc7a9730972b927f01fdf3bc98946ca1b50a,lifetime_reward,64x64,1599,-0.2922367453575134,0.04168301550402248,1.0,0,0,0,,,0.41934454398301846
20260124_084550,2026-01-24T09:45:05.716994,15cedc7a9730972b927f01fdf3bc98946ca1b50a,lifetime_reward,64x64,1699,-0.2597704529762268,0.04312846978013113,1.0,0,0,0,,,0.4196932259207168
20260124_084550,2026-01-24T09:45:09.363540,15cedc7a9730972b927f01fdf3bc98946ca1b50a,lifetime_reward,64x64,1799,-0.5173885226249695,0.04169977979021496,1.0,0,0,0,,,0.41969557092313725
20260124_084550,2026-01-24T09:45:12.966020,15cedc7a9730972b927f01fdf3bc98946ca1b50a,lifetime_reward,64x64,1899,-0.40561914443969727,0.043116339415937545,1.0,0,0,0,,,0.4199087672601645
20260124_084550,2026-01-24T09:45:16.613643,15cedc7a9730972b927f01fdf3bc98946ca1b50a,lifetime_reward,64x64,1999,-0.19514667987823486,0.04002978853241075,1.0,0,0,0,,,0.419425496630795
20260124_084550,2026-01-24T09:45:20.198560,15cedc7a9730972b927f01fdf3bc98946ca1b50a,lifetime_reward,64x64,2099,-0.6517922878265381,0.041585965180493074,1.0,0,0,0,,,0.41999280385758253
20260124_084550,2026-01-24T09:45:23.767372,15cedc7a9730972b927f01fdf3bc98946ca1b50a,lifetime_reward,64x64,2199,-0.6318641901016235,0.04260591452504741,1.0,0,0,0,,,0.42013165309533723
20260124_084550,2026-01-24T09:45:27.312008,15cedc7a9730972b927f01fdf3bc98946ca1b50a,lifetime_reward,64x64,2299,-0.2883331775665283,0.04004708908149041,1.0,0,0,0,,,0.4199721380326833
20260124_084550,2026-01-24T09:45:30.926743,15cedc7a9730972b927f01fdf3bc98946ca1b50a,lifetime_reward,64x64,2399,-0.334816575050354,0.04215243039128836,1.0,0,0,0,,,0.4202593085869099
20260124_084550,2026-01-24T09:45:34.608372,15cedc7a9730972b927f01fdf3bc98946ca1b50a,lifetime_reward,64x64,2499,-0.33918821811676025,0.04053448117847438,1.0,0,0,0,,,0.42021040839469426
20260124_084550,2026-01-24T09:45:38.182191,15cedc7a9730972b927f01fdf3bc98946ca1b50a,lifetime_reward,64x64,2599,-0.5167040228843689,0.04315917812884436,1.0,0,0,0,,,0.4203263814128202
20260124_084550,2026-01-24T09:45:41.873800,15cedc7a9730972b927f01fdf3bc98946ca1b50a,lifetime_reward,64x64,2699,-0.31360018253326416,0.04216025093024655,1.0,0,0,0,,,0.4203793829030742
20260124_084550,2026-01-24T09:45:45.518145,15cedc7a9730972b927f01fdf3bc98946ca1b50a,lifetime_reward,64x64,2799,-0.21531301736831665,0.044314047388979816,1.0,0,0,0,,,0.41991809653648815
20260124_084550,2026-01-24T09:45:49.034034,15cedc7a9730972b927f01fdf3bc98946ca1b50a,lifetime_reward,64x64,2899,-0.280989408493042,0.0404385904668743,1.0,0,0,0,,,0.420301663059618
20260124_084550,2026-01-24T09:45:52.592081,15cedc7a9730972b927f01fdf3bc98946ca1b50a,lifetime_reward,64x64,2999,-0.17204320430755615,0.0426732080252259,1.0,0,0,0,,,0.420465556193512
20260124_084550,2026-01-24T09:45:56.107611,15cedc7a9730972b927f01fdf3bc98946ca1b50a,lifetime_reward,64x64,3099,-0.0719808042049408,0.04249360733447247,1.0,0,0,0,,,0.4204655361101526
20260124_084550,2026-01-24T09:45:59.807307,15cedc7a9730972b927f01fdf3bc98946ca1b50a,lifetime_reward,64x64,3199,-0.3881697654724121,0.0401504879201093,1.0,0,0,0,,,0.4202829777932997
20260124_084550,2026-01-24T09:46:03.340071,15cedc7a9730972b927f01fdf3bc98946ca1b50a,lifetime_reward,64x64,3299,-0.3353279232978821,0.04334082080036751,1.0,0,0,0,,,0.42027186434416464
20260124_084550,2026-01-24T09:46:06.856575,15cedc7a9730972b927f01fdf3bc98946ca1b50a,lifetime_reward,64x64,3399,-0.30749157071113586,0.04018243255719426,1.0,0,0,0,,,0.4201090584002908
20260124_084550,2026-01-24T09:46:10.358580,15cedc7a9730972b927f01fdf3bc98946ca1b50a,lifetime_reward,64x64,3499,-0.5445334911346436,0.04316000347665977,1.0,0,0,0,,,0.4205077412556697
20260124_084550,2026-01-24T09:46:13.981331,15cedc7a9730972b927f01fdf3bc98946ca1b50a,lifetime_reward,64x64,3599,-0.5869765877723694,0.04134375177003676,1.0,0,0,0,,,0.42059001039819127
20260124_084550,2026-01-24T09:46:17.486058,15cedc7a9730972b927f01fdf3bc98946ca1b50a,lifetime_reward,64x64,3699,-0.10238339751958847,0.04154476240117219,1.0,0,0,0,,,0.4206129203026555
20260124_084550,2026-01-24T09:46:21.047562,15cedc7a9730972b927f01fdf3bc98946ca1b50a,lifetime_reward,64x64,3799,-0.4721992015838623,0.04275967594992835,1.0,0,0,0,,,0.4206124068138386
20260124_084550,2026-01-24T09:46:24.580723,15cedc7a9730972b927f01fdf3bc98946ca1b50a,lifetime_reward,64x64,3899,0.06327980756759644,0.041453270380807226,1.0,0,0,0,,,0.42063256537120325
20260124_084550,2026-01-24T09:46:28.201481,15cedc7a9730972b927f01fdf3bc98946ca1b50a,lifetime_reward,64x64,3999,-0.35046371817588806,0.04091436760769284,1.0,0,0,0,,,0.4206412231517242
20260124_084550,2026-01-24T09:46:31.740068,15cedc7a9730972b927f01fdf3bc98946ca1b50a,lifetime_reward,64x64,4099,-0.28497928380966187,0.041796851150138536,1.0,0,0,0,,,0.42066621170561747
20260124_084550,2026-01-24T09:46:35.312080,15cedc7a9730972b927f01fdf3bc98946ca1b50a,lifetime_reward,64x64,4199,-0.31776779890060425,0.04470619294370408,1.0,0,0,0,,,0.4201974300182677
20260124_084550,2026-01-24T09:46:38.929503,15cedc7a9730972b927f01fdf3bc98946ca1b50a,lifetime_reward,64x64,4299,-0.3119541108608246,0.04113305964881874,1.0,0,0,0,,,0.4206570243083717
20260124_084550,2026-01-24T09:46:42.517925,15cedc7a9730972b927f01fdf3bc98946ca1b50a,lifetime_reward,64x64,4399,-0.4800402820110321,0.041516229471781116,1.0,0,0,0,,,0.42064632828714643
20260124_084550,2026-01-24T09:46:46.102047,15cedc7a9730972b927f01fdf3bc98946ca1b50a,lifetime_reward,64x64,4499,-0.37988778948783875,0.04322479270402255,1.0,0,0,0,,,0.4205441335870439
20260124_084550,2026-01-24T09:46:49.724070,15cedc7a9730972b927f01fdf3bc98946ca1b50a,lifetime_reward,64x64,4599,-0.314330518245697,0.041845547279517635,1.0,0,0,0,,,0.4207100840220982
20260124_084550,2026-01-24T09:46:53.330492,15cedc7a9730972b927f01fdf3bc98946ca1b50a,lifetime_reward,64x64,4699,0.1419929414987564,0.04187922949731728,1.0,0,0,0,,,0.42072911742301455
20260124_084550,2026-01-24T09:46:56.864543,15cedc7a9730972b927f01fdf3bc98946ca1b50a,lifetime_reward,64x64,4799,-0.2864915430545807,0.0406519991141613,1.0,0,0,0,,,0.42065076709676197
20260124_084550,2026-01-24T09:47:00.487078,15cedc7a9730972b927f01fdf3bc98946ca1b50a,lifetime_reward,64x64,4899,-0.5440497994422913,0.04451514830281667,1.0,0,0,0,,,0.4203209846043666
20260124_084550,2026-01-24T09:47:04.153564,15cedc7a9730972b927f01fdf3bc98946ca1b50a,lifetime_reward,64x64,4999,-0.5958219766616821,0.04131674937954813,1.0,0,0,0,,,0.4207284038524531
20260124_084550,2026-01-24T09:47:07.834372,15cedc7a9730972b927f01fdf3bc98946ca1b50a,lifetime_reward,64x64,5099,-0.7222064733505249,0.04115920550459123,1.0,0,0,0,,,0.42063819458492935
20260124_084550,2026-01-24T09:47:11.434930,15cedc7a9730972b927f01fdf3bc98946ca1b50a,lifetime_reward,64x64,5199,-0.6735356450080872,0.041805480328876,1.0,0,0,0,,,0.42077013028892124
20260124_084550,2026-01-24T09:47:15.032196,15cedc7a9730972b927f01fdf3bc98946ca1b50a,lifetime_reward,64x64,5299,-0.11400091648101807,0.04539549748704303,1.0,0,0,0,,,0.4199643074262724
20260124_084550,2026-01-24T09:47:18.591821,15cedc7a9730972b927f01fdf3bc98946ca1b50a,lifetime_reward,64x64,5399,-0.3157265782356262,0.04350565278295107,1.0,0,0,0,,,0.42045396623363857
20260124_084550,2026-01-24T09:47:22.286263,15cedc7a9730972b927f01fdf3bc98946ca1b50a,lifetime_reward,64x64,5499,-0.6363906860351562,0.04281835754489293,1.0,0,0,0,,,0.42063043243096876
20260124_084550,2026-01-24T09:47:25.877086,15cedc7a9730972b927f01fdf3bc98946ca1b50a,lifetime_reward,64x64,5599,-0.41360902786254883,0.04058737275776366,1.0,0,0,0,,,0.42067105363984786
20260124_084550,2026-01-24T09:47:29.497247,15cedc7a9730972b927f01fdf3bc98946ca1b50a,lifetime_reward,64x64,5699,-0.16652947664260864,0.042827010499568136,1.0,0,0,0,,,0.4205370057813778
20260124_084550,2026-01-24T09:47:33.012349,15cedc7a9730972b927f01fdf3bc98946ca1b50a,lifetime_reward,64x64,5799,-0.47041597962379456,0.041005973447281574,1.0,0,0,0,,,0.4207859906501823
20260124_084550,2026-01-24T09:47:36.579412,15cedc7a9730972b927f01fdf3bc98946ca1b50a,lifetime_reward,64x64,5899,-0.651213526725769,0.041036538209809806,1.0,0,0,0,,,0.42080629671649067
20260124_084550,2026-01-24T09:47:40.203305,15cedc7a9730972b927f01fdf3bc98946ca1b50a,lifetime_reward,64x64,5999,-0.533381998538971,0.041922356669783764,1.0,0,0,0,,,0.4207309289624279
20260124_084550,2026-01-24T09:47:43.736599,15cedc7a9730972b927f01fdf3bc98946ca1b50a,lifetime_reward,64x64,6099,-0.3578609228134155,0.04190412984786235,1.0,0,0,0,,,0.42079254996102633
20260124_084550,2026-01-24T09:47:47.440302,15cedc7a9730972b927f01fdf3bc98946ca1b50a,lifetime_reward,64x64,6199,-0.25619056820869446,0.041787522313316006,1.0,0,0,0,,,0.4207742658418734
20260124_084550,2026-01-24T09:47:50.975711,15cedc7a9730972b927f01fdf3bc98946ca1b50a,lifetime_reward,64x64,6299,-0.5521327257156372,0.0418050439903891,1.0,0,0,0,,,0.4207854356708174
20260124_084550,2026-01-24T09:47:54.588225,15cedc7a9730972b927f01fdf3bc98946ca1b50a,lifetime_reward,64x64,6399,-0.413657546043396,0.04209517451319698,1.0,0,0,0,,,0.42083296110639323
20260124_084550,2026-01-24T09:47:58.132023,15cedc7a9730972b927f01fdf3bc98946ca1b50a,lifetime_reward,64x64,6499,-0.504193902015686,0.042263040016623565,1.0,0,0,0,,,0.420803086598455
20260124_084550,2026-01-24T09:48:01.779269,15cedc7a9730972b927f01fdf3bc98946ca1b50a,lifetime_reward,64x64,6599,-0.6696383357048035,0.042073083421964835,1.0,0,0,0,,,0.42083926773581193
20260124_084550,2026-01-24T09:48:05.320858,15cedc7a9730972b927f01fdf3bc98946ca1b50a,lifetime_reward,64x64,6699,-0.11787396669387817,0.04150292600406828,1.0,0,0,0,,,0.42080590946002794
20260124_084550,2026-01-24T09:48:08.920661,15cedc7a9730972b927f01fdf3bc98946ca1b50a,lifetime_reward,64x64,6799,-0.6421063542366028,0.04110895085148513,1.0,0,0,0,,,0.42082136283315275
20260124_084550,2026-01-24T09:48:12.513744,15cedc7a9730972b927f01fdf3bc98946ca1b50a,lifetime_reward,64x64,6899,-0.22469870746135712,0.03941736533983203,1.0,0,0,0,,,0.4205838617355725
20260124_084550,2026-01-24T09:48:16.047201,15cedc7a9730972b927f01fdf3bc98946ca1b50a,lifetime_reward,64x64,6999,-0.3950326442718506,0.04151416653185151,1.0,0,0,0,,,0.42075573646481396
20260124_084550,2026-01-24T09:48:19.591161,15cedc7a9730972b927f01fdf3bc98946ca1b50a,lifetime_reward,64x64,7099,-0.43266236782073975,0.04135826278150489,1.0,0,0,0,,,0.42082590747503845
20260124_084550,2026-01-24T09:48:23.279280,15cedc7a9730972b927f01fdf3bc98946ca1b50a,lifetime_reward,64x64,7199,-0.3683910667896271,0.04230678929456189,1.0,0,0,0,,,0.4208404199669108
20260124_084550,2026-01-24T09:48:26.895652,15cedc7a9730972b927f01fdf3bc98946ca1b50a,lifetime_reward,64x64,7299,-0.5703074932098389,0.042305938871031686,1.0,0,0,0,,,0.4207726219689196
20260124_084550,2026-01-24T09:48:30.447371,15cedc7a9730972b927f01fdf3bc98946ca1b50a,lifetime_reward,64x64,7399,-0.1593620777130127,0.041467554463961276,1.0,0,0,0,,,0.4207830829768654
20260124_084550,2026-01-24T09:48:34.038011,15cedc7a9730972b927f01fdf3bc98946ca1b50a,lifetime_reward,64x64,7499,-0.49128955602645874,0.04155600890648202,1.0,0,0,0,,,0.4208797995172465
20260124_084550,2026-01-24T09:48:37.595905,15cedc7a9730972b927f01fdf3bc98946ca1b50a,lifetime_reward,64x64,7599,-0.14732007682323456,0.04392013479679008,1.0,0,0,0,,,0.4202791903974923
20260124_084550,2026-01-24T09:48:41.302626,15cedc7a9730972b927f01fdf3bc98946ca1b50a,lifetime_reward,64x64,7699,-0.23048734664916992,0.040519841151472065,1.0,0,0,0,,,0.4208358227476908
20260124_084550,2026-01-24T09:48:44.902450,15cedc7a9730972b927f01fdf3bc98946ca1b50a,lifetime_reward,64x64,7799,-0.7569880485534668,0.04130768884835561,1.0,0,0,0,,,0.4208091425767649
20260124_084550,2026-01-24T09:48:48.554579,15cedc7a9730972b927f01fdf3bc98946ca1b50a,lifetime_reward,64x64,7899,-0.1420016884803772,0.0419461794498784,1.0,0,0,0,,,0.42087206070087313
20260124_084550,2026-01-24T09:48:52.141134,15cedc7a9730972b927f01fdf3bc98946ca1b50a,lifetime_reward,64x64,7999,-0.45075616240501404,0.04005196193378652,1.0,0,0,0,,,0.4208016316142037
20260124_084550,2026-01-24T09:48:55.654135,15cedc7a9730972b927f01fdf3bc98946ca1b50a,lifetime_reward,64x64,8099,-0.5992391109466553,0.04186540581722511,1.0,0,0,0,,,0.42088691711267323
20260124_084550,2026-01-24T09:48:59.240916,15cedc7a9730972b927f01fdf3bc98946ca1b50a,lifetime_reward,64x64,8199,-0.442645788192749,0.042587426372920165,1.0,0,0,0,,,0.4207530908574937
20260124_084550,2026-01-24T09:49:02.873917,15cedc7a9730972b927f01fdf3bc98946ca1b50a,lifetime_reward,64x64,8299,-0.5030512809753418,0.04017478125242633,1.0,0,0,0,,,0.4205268982860365
20260124_084550,2026-01-24T09:49:06.495033,15cedc7a9730972b927f01fdf3bc98946ca1b50a,lifetime_reward,64x64,8399,-0.14500144124031067,0.04201106567688839,1.0,0,0,0,,,0.42069913155133676
20260124_084550,2026-01-24T09:49:10.270951,15cedc7a9730972b927f01fdf3bc98946ca1b50a,lifetime_reward,64x64,8499,-0.2998347878456116,0.04188536819747242,1.0,0,0,0,,,0.42090017155443216
20260124_084550,2026-01-24T09:49:13.901754,15cedc7a9730972b927f01fdf3bc98946ca1b50a,lifetime_reward,64x64,8599,-0.3892471194267273,0.04076139260669152,1.0,0,0,0,,,0.42083241721591946
20260124_084550,2026-01-24T09:49:17.433568,15cedc7a9730972b927f01fdf3bc98946ca1b50a,lifetime_reward,64x64,8699,-0.37180471420288086,0.04207130167727882,1.0,0,0,0,,,0.42063145325198914
20260124_084550,2026-01-24T09:49:21.004209,15cedc7a9730972b927f01fdf3bc98946ca1b50a,lifetime_reward,64x64,8799,-0.04387715458869934,0.042196493546362034,1.0,0,0,0,,,0.4208999473790601
20260124_084550,2026-01-24T09:49:24.701114,15cedc7a9730972b927f01fdf3bc98946ca1b50a,lifetime_reward,64x64,8899,-0.6327124834060669,0.04247259662366559,1.0,0,0,0,,,0.4207715054502938
20260124_084550,2026-01-24T09:49:28.237809,15cedc7a9730972b927f01fdf3bc98946ca1b50a,lifetime_reward,64x64,8999,-0.4272235035896301,0.03898534801290225,1.0,0,0,0,,,0.420439905911191
20260124_084550,2026-01-24T09:49:31.843231,15cedc7a9730972b927f01fdf3bc98946ca1b50a,lifetime_reward,64x64,9099,-0.2987591624259949,0.04230582793032227,1.0,0,0,0,,,0.420850998203157
20260124_084550,2026-01-24T09:49:35.496270,15cedc7a9730972b927f01fdf3bc98946ca1b50a,lifetime_reward,64x64,9199,-0.3341652452945709,0.04239819379690744,1.0,0,0,0,,,0.42060773902637594
20260124_084550,2026-01-24T09:49:39.144677,15cedc7a9730972b927f01fdf3bc98946ca1b50a,lifetime_reward,64x64,9299,-0.441552996635437,0.04293695082662453,1.0,0,0,0,,,0.42069852104264294
20260124_084550,2026-01-24T09:49:42.726948,15cedc7a9730972b927f01fdf3bc98946ca1b50a,lifetime_reward,64x64,9399,-0.7983260154724121,0.04125805644114735,1.0,0,0,0,,,0.42091981326486017
20260124_084550,2026-01-24T09:49:46.267844,15cedc7a9730972b927f01fdf3bc98946ca1b50a,lifetime_reward,64x64,9499,-0.6186558604240417,0.04071017023841705,1.0,0,0,0,,,0.42091875518167265
20260124_084550,2026-01-24T09:49:49.772438,15cedc7a9730972b927f01fdf3bc98946ca1b50a,lifetime_reward,64x64,9599,-0.32684946060180664,0.04309152558340429,1.0,0,0,0,,,0.42064614397616557
20260124_084550,2026-01-24T09:49:53.421273,15cedc7a9730972b927f01fdf3bc98946ca1b50a,lifetime_reward,64x64,9699,-0.30536922812461853,0.03908362344154739,1.0,0,0,0,,,0.4208301083316218
20260124_084550,2026-01-24T09:49:57.082097,15cedc7a9730972b927f01fdf3bc98946ca1b50a,lifetime_reward,64x64,9799,-0.5881252288818359,0.040083130847742725,1.0,0,0,0,,,0.42091499316908493
20260124_084550,2026-01-24T09:50:00.645933,15cedc7a9730972b927f01fdf3bc98946ca1b50a,lifetime_reward,64x64,9899,-0.39977988600730896,0.03894045226254093,1.0,0,0,0,,,0.4204334629981511
20260124_084550,2026-01-24T09:50:04.282246,15cedc7a9730972b927f01fdf3bc98946ca1b50a,lifetime_reward,64x64,9999,-0.3364419937133789,0.040302204944528054,1.0,0,0,0,,,0.4209207693929531
20260124_084550,2026-01-24T09:50:07.875542,15cedc7a9730972b927f01fdf3bc98946ca1b50a,lifetime_reward,64x64,10099,-0.6797391176223755,0.04266273498036753,1.0,0,0,0,,,0.42090171652276454
20260124_084550,2026-01-24T09:50:11.393696,15cedc7a9730972b927f01fdf3bc98946ca1b50a,lifetime_reward,64x64,10199,-0.39665690064430237,0.040957705422588336,1.0,0,0,0,,,0.4209379168149683
20260124_084550,2026-01-24T09:50:14.951780,15cedc7a9730972b927f01fdf3bc98946ca1b50a,lifetime_reward,64x64,10299,-0.12155319005250931,0.041910917627210435,1.0,0,0,0,,,0.42092974312584064
20260124_084550,2026-01-24T09:50:18.477801,15cedc7a9730972b927f01fdf3bc98946ca1b50a,lifetime_reward,64x64,10399,-0.3206370770931244,0.04140746316446894,1.0,0,0,0,,,0.42085706746821727
20260124_084550,2026-01-24T09:50:22.050028,15cedc7a9730972b927f01fdf3bc98946ca1b50a,lifetime_reward,64x64,10499,-0.480007529258728,0.04086515148424951,1.0,0,0,0,,,0.4209393742811134
20260124_084550,2026-01-24T09:50:25.665054,15cedc7a9730972b927f01fdf3bc98946ca1b50a,lifetime_reward,64x64,10599,-0.6409801840782166,0.04155884965079167,1.0,0,0,0,,,0.42054194335073247
20260124_084550,2026-01-24T09:50:29.251516,15cedc7a9730972b927f01fdf3bc98946ca1b50a,lifetime_reward,64x64,10699,-0.7523422241210938,0.04293436445776024,1.0,0,0,0,,,0.42036719153598484
20260124_084550,2026-01-24T09:50:32.819541,15cedc7a9730972b927f01fdf3bc98946ca1b50a,lifetime_reward,64x64,10799,-0.6037194728851318,0.04123294618668297,1.0,0,0,0,,,0.4209583335322863
20260124_084550,2026-01-24T09:50:36.401349,15cedc7a9730972b927f01fdf3bc98946ca1b50a,lifetime_reward,64x64,10899,-0.6193493008613586,0.04041723863258085,1.0,0,0,0,,,0.4209464654781604
20260124_084550,2026-01-24T09:50:40.058418,15cedc7a9730972b927f01fdf3bc98946ca1b50a,lifetime_reward,64x64,10999,-0.6072741150856018,0.04105973693716805,1.0,0,0,0,,,0.42091920039338904
20260124_084550,2026-01-24T09:50:43.594428,15cedc7a9730972b927f01fdf3bc98946ca1b50a,lifetime_reward,64x64,11099,-0.452081561088562,0.04025326327071525,1.0,0,0,0,,,0.42086622653852324
20260124_084550,2026-01-24T09:50:47.291871,15cedc7a9730972b927f01fdf3bc98946ca1b50a,lifetime_reward,64x64,11199,-0.34224843978881836,0.040599272982144614,1.0,0,0,0,,,0.4209485055883866
20260124_084550,2026-01-24T09:50:50.835949,15cedc7a9730972b927f01fdf3bc98946ca1b50a,lifetime_reward,64x64,11299,-0.1072879433631897,0.040771793944659296,1.0,0,0,0,,,0.42096049010404984
20260124_084550,2026-01-24T09:50:54.440538,15cedc7a9730972b927f01fdf3bc98946ca1b50a,lifetime_reward,64x64,11399,-0.4040515124797821,0.04023303342739382,1.0,0,0,0,,,0.42093619745985045
20260124_084550,2026-01-24T09:50:58.130119,15cedc7a9730972b927f01fdf3bc98946ca1b50a,lifetime_reward,64x64,11499,-0.27203527092933655,0.042864790958483355,1.0,0,0,0,,,0.4206826921994147
20260124_084550,2026-01-24T09:51:01.745369,15cedc7a9730972b927f01fdf3bc98946ca1b50a,lifetime_reward,64x64,11599,-0.41406184434890747,0.04051012736956181,1.0,0,0,0,,,0.4209457211745219
20260124_084550,2026-01-24T09:51:05.311808,15cedc7a9730972b927f01fdf3bc98946ca1b50a,lifetime_reward,64x64,11699,-0.3197372257709503,0.039570656679643434,1.0,0,0,0,,,0.4208933418267341
20260124_084550,2026-01-24T09:51:08.889637,15cedc7a9730972b927f01fdf3bc98946ca1b50a,lifetime_reward,64x64,11799,-0.049776047468185425,0.04132429854729708,1.0,0,0,0,,,0.42093320280517943
20260124_084550,2026-01-24T09:51:12.457806,15cedc7a9730972b927f01fdf3bc98946ca1b50a,lifetime_reward,64x64,11899,-0.6364651918411255,0.040479775274652637,1.0,0,0,0,,,0.4209431824946085
20260124_084550,2026-01-24T09:51:15.992525,15cedc7a9730972b927f01fdf3bc98946ca1b50a,lifetime_reward,64x64,11999,-0.3061615228652954,0.042070569107345364,1.0,0,0,0,,,0.4209174727646239
20260124_084550,2026-01-24T09:51:19.563270,15cedc7a9730972b927f01fdf3bc98946ca1b50a,lifetime_reward,64x64,12099,-0.352790504693985,0.041863808246780536,1.0,0,0,0,,,0.4209089347466116
20260124_084550,2026-01-24T09:51:23.247973,15cedc7a9730972b927f01fdf3bc98946ca1b50a,lifetime_reward,64x64,12199,-0.5037498474121094,0.03923820591200638,1.0,0,0,0,,,0.42033585681881747
20260124_084550,2026-01-24T09:51:26.861668,15cedc7a9730972b927f01fdf3bc98946ca1b50a,lifetime_reward,64x64,12299,-0.42291712760925293,0.03967390344050727,1.0,0,0,0,,,0.4208956268904621
20260124_084550,2026-01-24T09:51:30.443846,15cedc7a9730972b927f01fdf3bc98946ca1b50a,lifetime_reward,64x64,12399,-0.4767797589302063,0.04185596064911806,1.0,0,0,0,,,0.4209120723110362
20260124_084550,2026-01-24T09:51:34.022910,15cedc7a9730972b927f01fdf3bc98946ca1b50a,lifetime_reward,64x64,12499,-0.09136046469211578,0.0430583180695794,1.0,0,0,0,,,0.42063196853193274
20260124_084550,2026-01-24T09:51:37.624939,15cedc7a9730972b927f01fdf3bc98946ca1b50a,lifetime_reward,64x64,12599,-0.24353326857089996,0.03962529615835592,1.0,0,0,0,,,0.420797924741389
20260124_084550,2026-01-24T09:51:41.314547,15cedc7a9730972b927f01fdf3bc98946ca1b50a,lifetime_reward,64x64,12699,-0.5665669441223145,0.04305031862568285,1.0,0,0,0,,,0.42074864042537896
20260124_084550,2026-01-24T09:51:44.849788,15cedc7a9730972b927f01fdf3bc98946ca1b50a,lifetime_reward,64x64,12799,-0.5778771638870239,0.0395677899772636,1.0,0,0,0,,,0.4208663996030678
20260124_084550,2026-01-24T09:51:48.375685,15cedc7a9730972b927f01fdf3bc98946ca1b50a,lifetime_reward,64x64,12899,-0.18874987959861755,0.044578133350914866,1.0,0,0,0,,,0.4201744961794786
20260124_084550,2026-01-24T09:51:52.035733,15cedc7a9730972b927f01fdf3bc98946ca1b50a,lifetime_reward,64x64,12999,-0.12654609978199005,0.041966002038752774,1.0,0,0,0,,,0.42096746011486574
20260124_084550,2026-01-24T09:51:55.558549,15cedc7a9730972b927f01fdf3bc98946ca1b50a,lifetime_reward,64x64,13099,-0.47587287425994873,0.03917820780201509,1.0,0,0,0,,,0.4209130482204597
20260124_084550,2026-01-24T09:51:59.216573,15cedc7a9730972b927f01fdf3bc98946ca1b50a,lifetime_reward,64x64,13199,-0.5075998306274414,0.040885085727859406,1.0,0,0,0,,,0.4209886167616568
20260124_084550,2026-01-24T09:52:03.094861,15cedc7a9730972b927f01fdf3bc98946ca1b50a,lifetime_reward,64x64,13299,-0.41551610827445984,0.04035185370819818,1.0,0,0,0,,,0.4209709709593985
20260124_084550,2026-01-24T09:52:06.997388,15cedc7a9730972b927f01fdf3bc98946ca1b50a,lifetime_reward,64x64,13399,-0.6487479209899902,0.03872727900747122,1.0,0,0,0,,,0.4207738999302103
20260124_084550,2026-01-24T09:52:10.726615,15cedc7a9730972b927f01fdf3bc98946ca1b50a,lifetime_reward,64x64,13499,-0.14343194663524628,0.0432168140784961,1.0,0,0,0,,,0.420841482863309
20260124_084550,2026-01-24T09:52:14.459008,15cedc7a9730972b927f01fdf3bc98946ca1b50a,lifetime_reward,64x64,13599,-0.3586276173591614,0.04054159093353519,1.0,0,0,0,,,0.4209807795853613
20260124_084550,2026-01-24T09:52:18.142359,15cedc7a9730972b927f01fdf3bc98946ca1b50a,lifetime_reward,64x64,13699,-0.45770150423049927,0.04009262990586649,1.0,0,0,0,,,0.4209170492859643
20260124_084550,2026-01-24T09:52:21.765537,15cedc7a9730972b927f01fdf3bc98946ca1b50a,lifetime_reward,64x64,13799,-0.001658909022808075,0.04125457397802165,1.0,0,0,0,,,0.42093571102901184
20260124_084550,2026-01-24T09:52:25.341425,15cedc7a9730972b927f01fdf3bc98946ca1b50a,lifetime_reward,64x64,13899,-0.6381453275680542,0.04018865856460252,1.0,0,0,0,,,0.4209628416782296
20260124_084550,2026-01-24T09:52:29.068157,15cedc7a9730972b927f01fdf3bc98946ca1b50a,lifetime_reward,64x64,13999,-0.34930336475372314,0.040776570280104354,1.0,0,0,0,,,0.4209581976836959
20260124_084550,2026-01-24T09:52:32.699862,15cedc7a9730972b927f01fdf3bc98946ca1b50a,lifetime_reward,64x64,14099,-0.30422443151474,0.04060294156239252,1.0,0,0,0,,,0.42094716705902324
20260124_084550,2026-01-24T09:52:36.279883,15cedc7a9730972b927f01fdf3bc98946ca1b50a,lifetime_reward,64x64,14199,-0.4583020508289337,0.040324981074245446,1.0,0,0,0,,,0.4209663888994907
20260124_084550,2026-01-24T09:52:39.955573,15cedc7a9730972b927f01fdf3bc98946ca1b50a,lifetime_reward,64x64,14299,-0.5910809636116028,0.04019513345974701,1.0,0,0,0,,,0.42084762099166245
20260124_084550,2026-01-24T09:52:43.664433,15cedc7a9730972b927f01fdf3bc98946ca1b50a,lifetime_reward,64x64,14399,-0.4362311363220215,0.04028879842513561,1.0,0,0,0,,,0.4208973409903422
20260124_084550,2026-01-24T09:52:47.344634,15cedc7a9730972b927f01fdf3bc98946ca1b50a,lifetime_reward,64x64,14499,-0.5384840965270996,0.03868306772343203,1.0,0,0,0,,,0.42063779023612946
20260124_084550,2026-01-24T09:52:50.941921,15cedc7a9730972b927f01fdf3bc98946ca1b50a,lifetime_reward,64x64,14599,-0.5260950326919556,0.04257196516118711,1.0,0,0,0,,,0.4207724571961328
20260124_084550,2026-01-24T09:52:54.539641,15cedc7a9730972b927f01fdf3bc98946ca1b50a,lifetime_reward,64x64,14699,-0.40153929591178894,0.03988980223459294,1.0,0,0,0,,,0.4209493109126875
20260124_084550,2026-01-24T09:52:58.157647,15cedc7a9730972b927f01fdf3bc98946ca1b50a,lifetime_reward,64x64,14799,-0.3692452609539032,0.0410607528629771,1.0,0,0,0,,,0.4209932682689435
20260124_084550,2026-01-24T09:53:01.738881,15cedc7a9730972b927f01fdf3bc98946ca1b50a,lifetime_reward,64x64,14899,-0.5572322010993958,0.04028559107537148,1.0,0,0,0,,,0.4209362289254356
20260124_084550,2026-01-24T09:53:05.373127,15cedc7a9730972b927f01fdf3bc98946ca1b50a,lifetime_reward,64x64,14999,-0.5539490580558777,0.03948386901647609,1.0,0,0,0,,,0.4209066158243023
20260124_084550,2026-01-24T09:53:08.942798,15cedc7a9730972b927f01fdf3bc98946ca1b50a,lifetime_reward,64x64,15099,-0.3743293285369873,0.041204026112536665,1.0,0,0,0,,,0.4209776066366067
20260124_084550,2026-01-24T09:53:12.507723,15cedc7a9730972b927f01fdf3bc98946ca1b50a,lifetime_reward,64x64,15199,-0.3077285587787628,0.039723107083791544,1.0,0,0,0,,,0.4208183362139345
20260124_084550,2026-01-24T09:53:16.056191,15cedc7a9730972b927f01fdf3bc98946ca1b50a,lifetime_reward,64x64,15299,-0.3288814425468445,0.03996934848637466,1.0,0,0,0,,,0.4208553381436434
20260124_084550,2026-01-24T09:53:19.602986,15cedc7a9730972b927f01fdf3bc98946ca1b50a,lifetime_reward,64x64,15399,-0.49362316727638245,0.04181424110928674,1.0,0,0,0,,,0.4208838981285122
20260124_084550,2026-01-24T09:53:23.153287,15cedc7a9730972b927f01fdf3bc98946ca1b50a,lifetime_reward,64x64,15499,-0.4279971718788147,0.03957363458966938,1.0,0,0,0,,,0.42084472736604506
20260124_084550,2026-01-24T09:53:26.761025,15cedc7a9730972b927f01fdf3bc98946ca1b50a,lifetime_reward,64x64,15599,-0.6041378974914551,0.040157948655996735,1.0,0,0,0,,,0.42096155131232604
20260124_084550,2026-01-24T09:53:30.340574,15cedc7a9730972b927f01fdf3bc98946ca1b50a,lifetime_reward,64x64,15699,-0.23619964718818665,0.03922344077588605,1.0,0,0,0,,,0.4209106963007697
20260124_084550,2026-01-24T09:53:33.952261,15cedc7a9730972b927f01fdf3bc98946ca1b50a,lifetime_reward,64x64,15799,-0.4015446901321411,0.04433688937599072,1.0,0,0,0,,,0.4194867144054306
20260124_084550,2026-01-24T09:53:37.528310,15cedc7a9730972b927f01fdf3bc98946ca1b50a,lifetime_reward,64x64,15899,-0.5499221086502075,0.03911037203488377,1.0,0,0,0,,,0.4209575468878758
20260124_084550,2026-01-24T09:53:41.252326,15cedc7a9730972b927f01fdf3bc98946ca1b50a,lifetime_reward,64x64,15999,-0.5831388235092163,0.0411219950310624,1.0,0,0,0,,,0.4208966294678954
20260124_084550,2026-01-24T09:53:44.906232,15cedc7a9730972b927f01fdf3bc98946ca1b50a,lifetime_reward,64x64,16099,-0.045582156628370285,0.038127464749159116,1.0,0,0,0,,,0.420501436021292
20260124_084550,2026-01-24T09:53:48.504023,15cedc7a9730972b927f01fdf3bc98946ca1b50a,lifetime_reward,64x64,16199,-0.7717690467834473,0.040384168188447804,1.0,0,0,0,,,0.4210046095246893
20260124_084550,2026-01-24T09:53:52.032705,15cedc7a9730972b927f01fdf3bc98946ca1b50a,lifetime_reward,64x64,16299,-0.39579808712005615,0.03808651337014453,1.0,0,0,0,,,0.42072796781287036
20260124_084550,2026-01-24T09:53:55.571704,15cedc7a9730972b927f01fdf3bc98946ca1b50a,lifetime_reward,64x64,16399,-0.13739730417728424,0.041012875099497706,1.0,0,0,0,,,0.420849323300322
20260124_084550,2026-01-24T09:53:59.147691,15cedc7a9730972b927f01fdf3bc98946ca1b50a,lifetime_reward,64x64,16499,-0.1094130277633667,0.039943334005038196,1.0,0,0,0,,,0.42100597836838377
20260124_084550,2026-01-24T09:54:02.725699,15cedc7a9730972b927f01fdf3bc98946ca1b50a,lifetime_reward,64x64,16599,-0.08475940674543381,0.04058319868886656,1.0,0,0,0,,,0.42100392082548055
20260124_084550,2026-01-24T09:54:06.650155,15cedc7a9730972b927f01fdf3bc98946ca1b50a,lifetime_reward,64x64,16699,-0.3844103217124939,0.0403144396721757,1.0,0,0,0,,,0.4209846288799046
20260124_084550,2026-01-24T09:54:10.194399,15cedc7a9730972b927f01fdf3bc98946ca1b50a,lifetime_reward,64x64,16799,-0.5151283740997314,0.04110585363432165,1.0,0,0,0,,,0.4209304243921222
20260124_084550,2026-01-24T09:54:13.792035,15cedc7a9730972b927f01fdf3bc98946ca1b50a,lifetime_reward,64x64,16899,-0.6192609071731567,0.038194145657730584,1.0,0,0,0,,,0.42076019472496606
20260124_084550,2026-01-24T09:54:17.365271,15cedc7a9730972b927f01fdf3bc98946ca1b50a,lifetime_reward,64x64,16999,-0.44761979579925537,0.038922178821770785,1.0,0,0,0,,,0.420942231623309
20260124_084550,2026-01-24T09:54:21.076481,15cedc7a9730972b927f01fdf3bc98946ca1b50a,lifetime_reward,64x64,17099,-0.11045414209365845,0.04184383850686799,1.0,0,0,0,,,0.4208696527256046
20260124_084550,2026-01-24T09:54:24.637914,15cedc7a9730972b927f01fdf3bc98946ca1b50a,lifetime_reward,64x64,17199,-0.7557516098022461,0.0415782843115494,1.0,0,0,0,,,0.42096974287344313
20260124_084550,2026-01-24T09:54:28.156518,15cedc7a9730972b927f01fdf3bc98946ca1b50a,lifetime_reward,64x64,17299,-0.7058658599853516,0.041581549876962075,1.0,0,0,0,,,0.42074823744244
20260124_084550,2026-01-24T09:54:31.852892,15cedc7a9730972b927f01fdf3bc98946ca1b50a,lifetime_reward,64x64,17399,-0.44174256920814514,0.04051558278934692,1.0,0,0,0,,,0.42098640417860633
20260124_084550,2026-01-24T09:54:35.501686,15cedc7a9730972b927f01fdf3bc98946ca1b50a,lifetime_reward,64x64,17499,-0.18755103647708893,0.040387488456142366,1.0,0,0,0,,,0.4209690634835165
20260124_084550,2026-01-24T09:54:39.126969,15cedc7a9730972b927f01fdf3bc98946ca1b50a,lifetime_reward,64x64,17599,-0.31770795583724976,0.03891715453375468,1.0,0,0,0,,,0.4209862733020189
20260124_084550,2026-01-24T09:54:42.770307,15cedc7a9730972b927f01fdf3bc98946ca1b50a,lifetime_reward,64x64,17699,-0.7853245735168457,0.04096316917495301,1.0,0,0,0,,,0.42099391567045996
20260124_084550,2026-01-24T09:54:46.336327,15cedc7a9730972b927f01fdf3bc98946ca1b50a,lifetime_reward,64x64,17799,-0.7094404697418213,0.040494771607250186,1.0,0,0,0,,,0.42101160792505077
20260124_084550,2026-01-24T09:54:49.923696,15cedc7a9730972b927f01fdf3bc98946ca1b50a,lifetime_reward,64x64,17899,-0.41325998306274414,0.04364632979060616,1.0,0,0,0,,,0.42047900888129064
20260124_084550,2026-01-24T09:54:53.424586,15cedc7a9730972b927f01fdf3bc98946ca1b50a,lifetime_reward,64x64,17999,-0.38393792510032654,0.03895229308739658,1.0,0,0,0,,,0.42082160626506615
20260124_084550,2026-01-24T09:54:57.132342,15cedc7a9730972b927f01fdf3bc98946ca1b50a,lifetime_reward,64x64,18099,-0.656882643699646,0.038808096869929615,1.0,0,0,0,,,0.42095472790795285
20260124_084550,2026-01-24T09:55:00.805397,15cedc7a9730972b927f01fdf3bc98946ca1b50a,lifetime_reward,64x64,18199,-0.6333626508712769,0.04183791697910692,1.0,0,0,0,,,0.4207481365635882
20260124_084550,2026-01-24T09:55:04.429704,15cedc7a9730972b927f01fdf3bc98946ca1b50a,lifetime_reward,64x64,18299,-0.49441802501678467,0.03852951450365339,1.0,0,0,0,,,0.4209641039077546
20260124_084550,2026-01-24T09:55:08.057877,15cedc7a9730972b927f01fdf3bc98946ca1b50a,lifetime_reward,64x64,18399,-0.664914608001709,0.040895384502033776,1.0,0,0,0,,,0.42085405641222884
20260124_084550,2026-01-24T09:55:11.760390,15cedc7a9730972b927f01fdf3bc98946ca1b50a,lifetime_reward,64x64,18499,-0.31700563430786133,0.041304988665839065,1.0,0,0,0,,,0.4209253267542156
20260124_084550,2026-01-24T09:55:15.432380,15cedc7a9730972b927f01fdf3bc98946ca1b50a,lifetime_reward,64x64,18599,-0.37525466084480286,0.03940585654268148,1.0,0,0,0,,,0.42100289773260413
20260124_084550,2026-01-24T09:55:19.109483,15cedc7a9730972b927f01fdf3bc98946ca1b50a,lifetime_reward,64x64,18699,-0.39906200766563416,0.039546024817965986,1.0,0,0,0,,,0.4210139285661646
20260124_084550,2026-01-24T09:55:22.799822,15cedc7a9730972b927f01fdf3bc98946ca1b50a,lifetime_reward,64x64,18799,-0.3653929829597473,0.03845038552781901,1.0,0,0,0,,,0.42097654112204863
20260124_084550,2026-01-24T09:55:26.540543,15cedc7a9730972b927f01fdf3bc98946ca1b50a,lifetime_reward,64x64,18899,-0.26797574758529663,0.03978563733204936,1.0,0,0,0,,,0.42100951662705915
20260124_084550,2026-01-24T09:55:30.106072,15cedc7a9730972b927f01fdf3bc98946ca1b50a,lifetime_reward,64x64,18999,-0.49876102805137634,0.03876312187641972,1.0,0,0,0,,,0.42098493596216363
20260124_084550,2026-01-24T09:55:33.650766,15cedc7a9730972b927f01fdf3bc98946ca1b50a,lifetime_reward,64x64,19099,-0.4621252715587616,0.04060474245557955,1.0,0,0,0,,,0.4210042074636748
20260124_084550,2026-01-24T09:55:37.333259,15cedc7a9730972b927f01fdf3bc98946ca1b50a,lifetime_reward,64x64,19199,-0.11271101236343384,0.03995377885497518,1.0,0,0,0,,,0.4210143813704126
20260124_084550,2026-01-24T09:55:40.861287,15cedc7a9730972b927f01fdf3bc98946ca1b50a,lifetime_reward,64x64,19299,-0.35776740312576294,0.0408810113317157,1.0,0,0,0,,,0.42077236547194474
20260124_084550,2026-01-24T09:55:44.517039,15cedc7a9730972b927f01fdf3bc98946ca1b50a,lifetime_reward,64x64,19399,0.07576770335435867,0.038478345989647875,1.0,0,0,0,,,0.4209003087715081
20260124_084550,2026-01-24T09:55:48.108873,15cedc7a9730972b927f01fdf3bc98946ca1b50a,lifetime_reward,64x64,19499,-0.6316781640052795,0.04031204588630345,1.0,0,0,0,,,0.42090271545722135
20260124_084550,2026-01-24T09:55:51.805319,15cedc7a9730972b927f01fdf3bc98946ca1b50a,lifetime_reward,64x64,19599,-0.24790719151496887,0.04070228213023633,1.0,0,0,0,,,0.42088649811746426
20260124_084550,2026-01-24T09:55:55.410395,15cedc7a9730972b927f01fdf3bc98946ca1b50a,lifetime_reward,64x64,19699,-0.365726113319397,0.039314912704018,1.0,0,0,0,,,0.42102165002537695
20260124_084550,2026-01-24T09:55:59.014919,15cedc7a9730972b927f01fdf3bc98946ca1b50a,lifetime_reward,64x64,19799,-0.5091192722320557,0.03931192036252945,1.0,0,0,0,,,0.42102397318410945
20260124_084550,2026-01-24T09:56:02.644907,15cedc7a9730972b927f01fdf3bc98946ca1b50a,lifetime_reward,64x64,19899,-0.35741132497787476,0.03785317532459633,1.0,0,0,0,,,0.42098726018023735
20260124_084550,2026-01-24T09:56:06.200295,15cedc7a9730972b927f01fdf3bc98946ca1b50a,lifetime_reward,64x64,19999,-0.5379742980003357,0.040303826216457776,1.0,0,0,0,,,0.4209232254652522
20260124_084550,2026-01-24T09:56:09.831928,15cedc7a9730972b927f01fdf3bc98946ca1b50a,lifetime_reward,64x64,20099,-0.17947977781295776,0.03810300248813995,1.0,0,0,0,,,0.42096573158935857
20260124_084550,2026-01-24T09:56:13.466089,15cedc7a9730972b927f01fdf3bc98946ca1b50a,lifetime_reward,64x64,20199,-0.4058072865009308,0.04118783791805946,1.0,0,0,0,,,0.42087318905502913
20260124_084550,2026-01-24T09:56:17.068088,15cedc7a9730972b927f01fdf3bc98946ca1b50a,lifetime_reward,64x64,20299,-0.4665985107421875,0.04256966590475045,1.0,0,0,0,,,0.4202941701235511
20260124_084550,2026-01-24T09:56:20.660518,15cedc7a9730972b927f01fdf3bc98946ca1b50a,lifetime_reward,64x64,20399,-0.7262859344482422,0.03746612241162008,1.0,0,0,0,,,0.4207591120974381
20260124_084550,2026-01-24T09:56:24.274250,15cedc7a9730972b927f01fdf3bc98946ca1b50a,lifetime_reward,64x64,20499,-0.09837858378887177,0.04083876062166464,1.0,0,0,0,,,0.42041296047431187
20260124_084550,2026-01-24T09:56:27.895804,15cedc7a9730972b927f01fdf3bc98946ca1b50a,lifetime_reward,64x64,20599,-0.42309629917144775,0.037022254008202256,1.0,0,0,0,,,0.4207229399582739
20260124_084550,2026-01-24T09:56:31.506860,15cedc7a9730972b927f01fdf3bc98946ca1b50a,lifetime_reward,64x64,20699,-0.2897936701774597,0.03868438465705342,1.0,0,0,0,,,0.42101108351809313
20260124_084550,2026-01-24T09:56:35.043985,15cedc7a9730972b927f01fdf3bc98946ca1b50a,lifetime_reward,64x64,20799,-0.14271095395088196,0.03996227368976704,1.0,0,0,0,,,0.42083857041852346
20260124_084550,2026-01-24T09:56:38.582155,15cedc7a9730972b927f01fdf3bc98946ca1b50a,lifetime_reward,64x64,20899,-0.5305660963058472,0.03757523802275447,1.0,0,0,0,,,0.4209564129976071
20260124_084550,2026-01-24T09:56:42.272019,15cedc7a9730972b927f01fdf3bc98946ca1b50a,lifetime_reward,64x64,20999,-0.49099016189575195,0.040551906198958,1.0,0,0,0,,,0.4206168686460148
20260124_084550,2026-01-24T09:56:45.860190,15cedc7a9730972b927f01fdf3bc98946ca1b50a,lifetime_reward,64x64,21099,-0.2666274607181549,0.03667055370885884,1.0,0,0,0,,,0.42075356951295484
20260124_084550,2026-01-24T09:56:49.404412,15cedc7a9730972b927f01fdf3bc98946ca1b50a,lifetime_reward,64x64,21199,-0.2313799113035202,0.039828241682672384,1.0,0,0,0,,,0.4209725971403665
20260124_084550,2026-01-24T09:56:53.017033,15cedc7a9730972b927f01fdf3bc98946ca1b50a,lifetime_reward,64x64,21299,-0.4243059754371643,0.03712831864883803,1.0,0,0,0,,,0.4208203082930727
20260124_084550,2026-01-24T09:56:56.737989,15cedc7a9730972b927f01fdf3bc98946ca1b50a,lifetime_reward,64x64,21399,-0.5751470327377319,0.03753150492258547,1.0,0,0,0,,,0.4209888630411224
20260124_084550,2026-01-24T09:57:00.406757,15cedc7a9730972b927f01fdf3bc98946ca1b50a,lifetime_reward,64x64,21499,-0.5849185585975647,0.039227642064708176,1.0,0,0,0,,,0.4209068957637811
20260124_084550,2026-01-24T09:57:04.119396,15cedc7a9730972b927f01fdf3bc98946ca1b50a,lifetime_reward,64x64,21599,-0.44012150168418884,0.037745378751440094,1.0,0,0,0,,,0.42096476027186136
20260124_084550,2026-01-24T09:57:07.860911,15cedc7a9730972b927f01fdf3bc98946ca1b50a,lifetime_reward,64x64,21699,-0.3565640449523926,0.03674542575506659,1.0,0,0,0,,,0.420965685014841
20260124_084550,2026-01-24T09:57:11.556977,15cedc7a9730972b927f01fdf3bc98946ca1b50a,lifetime_reward,64x64,21799,-0.47224587202072144,0.03930961199073688,1.0,0,0,0,,,0.4209881657231719
20260124_084550,2026-01-24T09:57:15.224954,15cedc7a9730972b927f01fdf3bc98946ca1b50a,lifetime_reward,64x64,21899,-0.33097437024116516,0.037820101297312156,1.0,0,0,0,,,0.4210080391341583
20260124_084550,2026-01-24T09:57:18.927195,15cedc7a9730972b927f01fdf3bc98946ca1b50a,lifetime_reward,64x64,21999,-0.5373531579971313,0.03932038583908208,1.0,0,0,0,,,0.4208906507930511
20260124_084550,2026-01-24T09:57:22.689019,15cedc7a9730972b927f01fdf3bc98946ca1b50a,lifetime_reward,64x64,22099,-0.3924800157546997,0.037133647982149354,1.0,0,0,0,,,0.4209706271722359
20260124_084550,2026-01-24T09:57:26.367956,15cedc7a9730972b927f01fdf3bc98946ca1b50a,lifetime_reward,64x64,22199,-0.48354572057724,0.03878206161659613,1.0,0,0,0,,,0.42098448314810405
20260124_084550,2026-01-24T09:57:29.975383,15cedc7a9730972b927f01fdf3bc98946ca1b50a,lifetime_reward,64x64,22299,-0.6366833448410034,0.03820507899107673,1.0,0,0,0,,,0.4210057895381615
20260124_084550,2026-01-24T09:57:33.533055,15cedc7a9730972b927f01fdf3bc98946ca1b50a,lifetime_reward,64x64,22399,-0.16010898351669312,0.03818039502460964,1.0,0,0,0,,,0.4209996844655028
20260124_084550,2026-01-24T09:57:37.083381,15cedc7a9730972b927f01fdf3bc98946ca1b50a,lifetime_reward,64x64,22499,-0.49001070857048035,0.03850341729643188,1.0,0,0,0,,,0.4208715383602441
20260124_084550,2026-01-24T09:57:40.740983,15cedc7a9730972b927f01fdf3bc98946ca1b50a,lifetime_reward,64x64,22599,-0.1985393464565277,0.03774257666810426,1.0,0,0,0,,,0.4209698724307387
20260124_084550,2026-01-24T09:57:44.359336,15cedc7a9730972b927f01fdf3bc98946ca1b50a,lifetime_reward,64x64,22699,-0.4974743127822876,0.036876965502010334,1.0,0,0,0,,,0.4210091001363173
20260124_084550,2026-01-24T09:57:47.959592,15cedc7a9730972b927f01fdf3bc98946ca1b50a,lifetime_reward,64x64,22799,-0.26428085565567017,0.03690278947476225,1.0,0,0,0,,,0.42101062924148136
20260124_084550,2026-01-24T09:57:51.597456,15cedc7a9730972b927f01fdf3bc98946ca1b50a,lifetime_reward,64x64,22899,-0.39904966950416565,0.03706160195364956,1.0,0,0,0,,,0.421027801228161
20260124_084550,2026-01-24T09:57:55.200751,15cedc7a9730972b927f01fdf3bc98946ca1b50a,lifetime_reward,64x64,22999,-0.7125149965286255,0.034802296797078094,1.0,0,0,0,,,0.4206767582247044
20260124_084550,2026-01-24T09:57:58.741574,15cedc7a9730972b927f01fdf3bc98946ca1b50a,lifetime_reward,64x64,23099,-0.2740335464477539,0.03790619178751285,1.0,0,0,0,,,0.42099215662702993
20260124_084550,2026-01-24T09:58:02.425606,15cedc7a9730972b927f01fdf3bc98946ca1b50a,lifetime_reward,64x64,23199,-0.4323657155036926,0.035873233580760326,1.0,0,0,0,,,0.4208189046369612
20260124_084550,2026-01-24T09:58:06.106795,15cedc7a9730972b927f01fdf3bc98946ca1b50a,lifetime_reward,64x64,23299,-0.3050119876861572,0.03952602220295855,1.0,0,0,0,,,0.42058396087726757
20260124_084550,2026-01-24T09:58:09.779347,15cedc7a9730972b927f01fdf3bc98946ca1b50a,lifetime_reward,64x64,23399,-0.33989396691322327,0.03834372887467418,1.0,0,0,0,,,0.42099868407442254
20260124_084550,2026-01-24T09:58:13.329112,15cedc7a9730972b927f01fdf3bc98946ca1b50a,lifetime_reward,64x64,23499,-0.1448524296283722,0.038399555423328076,1.0,0,0,0,,,0.4209223613904814
20260124_084550,2026-01-24T09:58:16.932267,15cedc7a9730972b927f01fdf3bc98946ca1b50a,lifetime_reward,64x64,23599,-0.42084503173828125,0.03891150961761331,1.0,0,0,0,,,0.42055556068949673
20260124_084550,2026-01-24T09:58:20.595421,15cedc7a9730972b927f01fdf3bc98946ca1b50a,lifetime_reward,64x64,23699,-0.6016137599945068,0.03735264835539745,1.0,0,0,0,,,0.42103133679733884
20260124_084550,2026-01-24T09:58:24.148454,15cedc7a9730972b927f01fdf3bc98946ca1b50a,lifetime_reward,64x64,23799,-0.3765556812286377,0.03761793247187748,1.0,0,0,0,,,0.42102185288818456
20260124_084550,2026-01-24T09:58:27.752166,15cedc7a9730972b927f01fdf3bc98946ca1b50a,lifetime_reward,64x64,23899,-0.33551323413848877,0.037722795071588114,1.0,0,0,0,,,0.42100184395159657
20260124_084550,2026-01-24T09:58:31.305231,15cedc7a9730972b927f01fdf3bc98946ca1b50a,lifetime_reward,64x64,23999,-0.4149886965751648,0.037093072018518025,1.0,0,0,0,,,0.42084119044783397
20260124_084550,2026-01-24T09:58:34.932591,15cedc7a9730972b927f01fdf3bc98946ca1b50a,lifetime_reward,64x64,24099,-0.30453717708587646,0.03670125174526545,1.0,0,0,0,,,0.42098193285328434
20260124_084550,2026-01-24T09:58:38.600054,15cedc7a9730972b927f01fdf3bc98946ca1b50a,lifetime_reward,64x64,24199,0.049766603857278824,0.037856819686315685,1.0,0,0,0,,,0.4209663515244817
20260124_084550,2026-01-24T09:58:42.288277,15cedc7a9730972b927f01fdf3bc98946ca1b50a,lifetime_reward,64x64,24299,-0.45611685514450073,0.03480942997054218,1.0,0,0,0,,,0.42061817845684335
20260124_084550,2026-01-24T09:58:45.964609,15cedc7a9730972b927f01fdf3bc98946ca1b50a,lifetime_reward,64x64,24399,-0.1914435178041458,0.037006629053850985,1.0,0,0,0,,,0.42094815653904005
20260124_084550,2026-01-24T09:58:49.586174,15cedc7a9730972b927f01fdf3bc98946ca1b50a,lifetime_reward,64x64,24499,-0.42113614082336426,0.03587260021606587,1.0,0,0,0,,,0.4210107152089951
20260124_084550,2026-01-24T09:58:53.130764,15cedc7a9730972b927f01fdf3bc98946ca1b50a,lifetime_reward,64x64,24599,-0.5063506364822388,0.03747834549122684,1.0,0,0,0,,,0.4209666959913102
20260124_084550,2026-01-24T09:58:56.728306,15cedc7a9730972b927f01fdf3bc98946ca1b50a,lifetime_reward,64x64,24699,-0.2897348403930664,0.035047820143809194,1.0,0,0,0,,,0.4209656199447649
20260124_084550,2026-01-24T09:59:00.322328,15cedc7a9730972b927f01fdf3bc98946ca1b50a,lifetime_reward,64x64,24799,-0.5519686341285706,0.03650052288217292,1.0,0,0,0,,,0.42102964683206673
20260124_084550,2026-01-24T09:59:03.911775,15cedc7a9730972b927f01fdf3bc98946ca1b50a,lifetime_reward,64x64,24899,-0.5968900918960571,0.03624454484193953,1.0,0,0,0,,,0.4210329587912127
20260124_084550,2026-01-24T09:59:07.609112,15cedc7a9730972b927f01fdf3bc98946ca1b50a,lifetime_reward,64x64,24999,-0.2915601432323456,0.03722036165459057,1.0,0,0,0,,,0.4210077449487227
20260124_084550,2026-01-24T09:59:11.222244,15cedc7a9730972b927f01fdf3bc98946ca1b50a,lifetime_reward,64x64,25099,-0.24020573496818542,0.0363926254665429,1.0,0,0,0,,,0.4209114384650011
20260124_084550,2026-01-24T09:59:14.750609,15cedc7a9730972b927f01fdf3bc98946ca1b50a,lifetime_reward,64x64,25199,-0.07701864838600159,0.03699579295103365,1.0,0,0,0,,,0.42099257340788965
20260124_084550,2026-01-24T09:59:18.387726,15cedc7a9730972b927f01fdf3bc98946ca1b50a,lifetime_reward,64x64,25299,-0.12105663120746613,0.036546644790079304,1.0,0,0,0,,,0.421014577336929
20260124_084550,2026-01-24T09:59:22.389122,15cedc7a9730972b927f01fdf3bc98946ca1b50a,lifetime_reward,64x64,25399,-0.4973267912864685,0.036605968994772156,1.0,0,0,0,,,0.42101402924891107
20260124_084550,2026-01-24T09:59:25.982408,15cedc7a9730972b927f01fdf3bc98946ca1b50a,lifetime_reward,64x64,25499,0.04475043714046478,0.035573613575459365,1.0,0,0,0,,,0.42103708135614876
20260124_084550,2026-01-24T09:59:29.670282,15cedc7a9730972b927f01fdf3bc98946ca1b50a,lifetime_reward,64x64,25599,-0.6329094171524048,0.036469812301158755,1.0,0,0,0,,,0.4210246184163954
20260124_084550,2026-01-24T09:59:33.375396,15cedc7a9730972b927f01fdf3bc98946ca1b50a,lifetime_reward,64x64,25699,-0.5937455296516418,0.0375679782904579,1.0,0,0,0,,,0.4209624673768084
20260124_084550,2026-01-24T09:59:37.115593,15cedc7a9730972b927f01fdf3bc98946ca1b50a,lifetime_reward,64x64,25799,-0.27424949407577515,0.03692353441392359,1.0,0,0,0,,,0.42102694374249755
20260124_084550,2026-01-24T09:59:40.856984,15cedc7a9730972b927f01fdf3bc98946ca1b50a,lifetime_reward,64x64,25899,-0.5764406323432922,0.036601770305063445,1.0,0,0,0,,,0.4210378420855544
20260124_084550,2026-01-24T09:59:44.449122,15cedc7a9730972b927f01fdf3bc98946ca1b50a,lifetime_reward,64x64,25999,-0.4531588852405548,0.035927370207166735,1.0,0,0,0,,,0.42093342369716746
20260124_084550,2026-01-24T09:59:48.000300,15cedc7a9730972b927f01fdf3bc98946ca1b50a,lifetime_reward,64x64,26099,-0.6917577385902405,0.03745112220025433,1.0,0,0,0,,,0.42094076709443873
20260124_084550,2026-01-24T09:59:51.706348,15cedc7a9730972b927f01fdf3bc98946ca1b50a,lifetime_reward,64x64,26199,-0.2297000288963318,0.03654181146846606,1.0,0,0,0,,,0.42101473504578923
20260124_084550,2026-01-24T09:59:55.423335,15cedc7a9730972b927f01fdf3bc98946ca1b50a,lifetime_reward,64x64,26299,-0.37548643350601196,0.036604183068822765,1.0,0,0,0,,,0.42100068113752676
20260124_084550,2026-01-24T09:59:59.148521,15cedc7a9730972b927f01fdf3bc98946ca1b50a,lifetime_reward,64x64,26399,-0.2672826051712036,0.03521521182177768,1.0,0,0,0,,,0.4209986011155824
20260124_084550,2026-01-24T10:00:02.871363,15cedc7a9730972b927f01fdf3bc98946ca1b50a,lifetime_reward,64x64,26499,-0.26433688402175903,0.036329441298224685,1.0,0,0,0,,,0.42103906832999116
20260124_084550,2026-01-24T10:00:06.610779,15cedc7a9730972b927f01fdf3bc98946ca1b50a,lifetime_reward,64x64,26599,-0.5441458225250244,0.03595741165594517,1.0,0,0,0,,,0.42103159266186846
20260124_084550,2026-01-24T10:00:10.313248,15cedc7a9730972b927f01fdf3bc98946ca1b50a,lifetime_reward,64x64,26699,-0.4040745496749878,0.03650994914611286,1.0,0,0,0,,,0.4209935756662047
20260124_084550,2026-01-24T10:00:14.015238,15cedc7a9730972b927f01fdf3bc98946ca1b50a,lifetime_reward,64x64,26799,-0.7729941010475159,0.03646464150163335,1.0,0,0,0,,,0.4210207655392872
20260124_084550,2026-01-24T10:00:17.741504,15cedc7a9730972b927f01fdf3bc98946ca1b50a,lifetime_reward,64x64,26899,-0.27800998091697693,0.0369400375324624,1.0,0,0,0,,,0.42095714995469397
20260124_084550,2026-01-24T10:00:21.466997,15cedc7a9730972b927f01fdf3bc98946ca1b50a,lifetime_reward,64x64,26999,-0.5429260730743408,0.03360953648657548,1.0,0,0,0,,,0.4207608198748048
20260124_084550,2026-01-24T10:00:25.161650,15cedc7a9730972b927f01fdf3bc98946ca1b50a,lifetime_reward,64x64,27099,-0.26458409428596497,0.03521965603136987,1.0,0,0,0,,,0.42101564285982584
20260124_084550,2026-01-24T10:00:28.713586,15cedc7a9730972b927f01fdf3bc98946ca1b50a,lifetime_reward,64x64,27199,-0.38200873136520386,0.03609217795818967,1.0,0,0,0,,,0.4210160748723082
20260124_084550,2026-01-24T10:00:32.309352,15cedc7a9730972b927f01fdf3bc98946ca1b50a,lifetime_reward,64x64,27299,-0.7920078039169312,0.033245526518045,1.0,0,0,0,,,0.42072406955174
20260124_084550,2026-01-24T10:00:35.854825,15cedc7a9730972b927f01fdf3bc98946ca1b50a,lifetime_reward,64x64,27399,-0.5644169449806213,0.035868057593294575,1.0,0,0,0,,,0.4208833353024108
20260124_084550,2026-01-24T10:00:39.416099,15cedc7a9730972b927f01fdf3bc98946ca1b50a,lifetime_reward,64x64,27499,-0.1781051754951477,0.035291324935218936,1.0,0,0,0,,,0.4210404586231602
20260124_084550,2026-01-24T10:00:42.963195,15cedc7a9730972b927f01fdf3bc98946ca1b50a,lifetime_reward,64x64,27599,-0.233522430062294,0.03489806976786903,1.0,0,0,0,,,0.4209798116131753
20260124_084550,2026-01-24T10:00:46.594162,15cedc7a9730972b927f01fdf3bc98946ca1b50a,lifetime_reward,64x64,27699,-0.37301182746887207,0.03459927075388611,1.0,0,0,0,,,0.4210055339178209
20260124_084550,2026-01-24T10:00:50.232795,15cedc7a9730972b927f01fdf3bc98946ca1b50a,lifetime_reward,64x64,27799,-0.32201525568962097,0.03686703818904971,1.0,0,0,0,,,0.4207341387437312
20260124_084550,2026-01-24T10:00:53.783397,15cedc7a9730972b927f01fdf3bc98946ca1b50a,lifetime_reward,64x64,27899,-0.37240710854530334,0.03516235785590371,1.0,0,0,0,,,0.4210426350589112
20260124_084550,2026-01-24T10:00:57.356694,15cedc7a9730972b927f01fdf3bc98946ca1b50a,lifetime_reward,64x64,27999,-0.35514146089553833,0.03562328829190278,1.0,0,0,0,,,0.4210436006048825
20260124_084550,2026-01-24T10:01:00.989715,15cedc7a9730972b927f01fdf3bc98946ca1b50a,lifetime_reward,64x64,28099,-0.6286396980285645,0.034839949076285036,1.0,0,0,0,,,0.42097272369374605
20260124_084550,2026-01-24T10:01:04.615171,15cedc7a9730972b927f01fdf3bc98946ca1b50a,lifetime_reward,64x64,28199,-0.30888593196868896,0.034596900806818896,1.0,0,0,0,,,0.4209557417089078
20260124_084550,2026-01-24T10:01:08.193560,15cedc7a9730972b927f01fdf3bc98946ca1b50a,lifetime_reward,64x64,28299,-0.19368335604667664,0.03686931496516843,1.0,0,0,0,,,0.4208996957653682
20260124_084550,2026-01-24T10:01:11.792559,15cedc7a9730972b927f01fdf3bc98946ca1b50a,lifetime_reward,64x64,28399,8.238852024078369e-05,0.035338380090347836,1.0,0,0,0,,,0.42102827771979656
20260124_084550,2026-01-24T10:01:15.351749,15cedc7a9730972b927f01fdf3bc98946ca1b50a,lifetime_reward,64x64,28499,-0.46625012159347534,0.03366689156544758,1.0,0,0,0,,,0.42071021871936876
20260124_084550,2026-01-24T10:01:18.945744,15cedc7a9730972b927f01fdf3bc98946ca1b50a,lifetime_reward,64x64,28599,-0.43198078870773315,0.03561190804671359,1.0,0,0,0,,,0.4210316343714277
20260124_084550,2026-01-24T10:01:22.526412,15cedc7a9730972b927f01fdf3bc98946ca1b50a,lifetime_reward,64x64,28699,-0.3549070358276367,0.03593804824110856,1.0,0,0,0,,,0.42103247979769276
20260124_084550,2026-01-24T10:01:26.154577,15cedc7a9730972b927f01fdf3bc98946ca1b50a,lifetime_reward,64x64,28799,-0.3660087287425995,0.03464850697020649,1.0,0,0,0,,,0.42099373378498495
20260124_084550,2026-01-24T10:01:29.757327,15cedc7a9730972b927f01fdf3bc98946ca1b50a,lifetime_reward,64x64,28899,-0.5462572574615479,0.03670748772912589,1.0,0,0,0,,,0.42088216425383745
20260124_084550,2026-01-24T10:01:33.358284,15cedc7a9730972b927f01fdf3bc98946ca1b50a,lifetime_reward,64x64,28999,-0.8347258567810059,0.034591076857784724,1.0,0,0,0,,,0.42097801444018756
20260124_084550,2026-01-24T10:01:36.955233,15cedc7a9730972b927f01fdf3bc98946ca1b50a,lifetime_reward,64x64,29099,-0.44732213020324707,0.03424040116106603,1.0,0,0,0,,,0.42099275827063753
20260124_084550,2026-01-24T10:01:40.680933,15cedc7a9730972b927f01fdf3bc98946ca1b50a,lifetime_reward,64x64,29199,-0.6869065761566162,0.035274963696286576,1.0,0,0,0,,,0.4209916423167609
20260124_084550,2026-01-24T10:01:44.396406,15cedc7a9730972b927f01fdf3bc98946ca1b50a,lifetime_reward,64x64,29299,-0.3402911126613617,0.03695780388014316,1.0,0,0,0,,,0.4208144313083144
20260124_084550,2026-01-24T10:01:48.115099,15cedc7a9730972b927f01fdf3bc98946ca1b50a,lifetime_reward,64x64,29399,-0.2099226415157318,0.03474467245894207,1.0,0,0,0,,,0.42100382228956107
20260124_084550,2026-01-24T10:01:51.773224,15cedc7a9730972b927f01fdf3bc98946ca1b50a,lifetime_reward,64x64,29499,-0.5576640367507935,0.03540353197544274,1.0,0,0,0,,,0.42104091474212146
20260124_084550,2026-01-24T10:01:55.415915,15cedc7a9730972b927f01fdf3bc98946ca1b50a,lifetime_reward,64x64,29599,-0.4349735379219055,0.03466151421951569,1.0,0,0,0,,,0.4210306369066156
20260124_084550,2026-01-24T10:01:59.055023,15cedc7a9730972b927f01fdf3bc98946ca1b50a,lifetime_reward,64x64,29699,0.31563442945480347,0.034660446151615565,1.0,0,0,0,,,0.42103920453650817
20260124_084550,2026-01-24T10:02:02.809012,15cedc7a9730972b927f01fdf3bc98946ca1b50a,lifetime_reward,64x64,29799,-0.6676051616668701,0.0370904990101133,1.0,0,0,0,,,0.4208338514552892
20260124_084550,2026-01-24T10:02:06.527917,15cedc7a9730972b927f01fdf3bc98946ca1b50a,lifetime_reward,64x64,29899,-0.5469367504119873,0.034381450027568615,1.0,0,0,0,,,0.42103484880282105
20260124_084550,2026-01-24T10:02:10.086048,15cedc7a9730972b927f01fdf3bc98946ca1b50a,lifetime_reward,64x64,29999,-0.6227157115936279,0.03544026655106727,1.0,0,0,0,,,0.42104261583352554
20260124_084550,2026-01-24T10:02:13.692375,15cedc7a9730972b927f01fdf3bc98946ca1b50a,lifetime_reward,64x64,30099,-0.2842196524143219,0.035598327573660535,1.0,0,0,0,,,0.4209349169956744
20260124_084550,2026-01-24T10:02:17.272151,15cedc7a9730972b927f01fdf3bc98946ca1b50a,lifetime_reward,64x64,30199,-0.10553820431232452,0.03410924293160953,1.0,0,0,0,,,0.4209817439001222
20260124_084550,2026-01-24T10:02:20.928856,15cedc7a9730972b927f01fdf3bc98946ca1b50a,lifetime_reward,64x64,30299,-0.7410084009170532,0.03732922304022889,1.0,0,0,0,,,0.4207809664230988
20260124_084550,2026-01-24T10:02:24.663418,15cedc7a9730972b927f01fdf3bc98946ca1b50a,lifetime_reward,64x64,30399,-0.6067788600921631,0.03586133008160218,1.0,0,0,0,,,0.42101468276661236
20260124_084550,2026-01-24T10:02:28.212851,15cedc7a9730972b927f01fdf3bc98946ca1b50a,lifetime_reward,64x64,30499,-0.05527712404727936,0.033975790612109515,1.0,0,0,0,,,0.42092295401953644
20260124_084550,2026-01-24T10:02:31.882214,15cedc7a9730972b927f01fdf3bc98946ca1b50a,lifetime_reward,64x64,30599,-0.49761685729026794,0.03478936288329796,1.0,0,0,0,,,0.42104330755122094
20260124_084550,2026-01-24T10:02:35.528958,15cedc7a9730972b927f01fdf3bc98946ca1b50a,lifetime_reward,64x64,30699,-0.465690016746521,0.035427512887352186,1.0,0,0,0,,,0.4210180935692099
20260124_084550,2026-01-24T10:02:39.252072,15cedc7a9730972b927f01fdf3bc98946ca1b50a,lifetime_reward,64x64,30799,-0.5539703965187073,0.03371167102635932,1.0,0,0,0,,,0.4208820367688771
20260124_084550,2026-01-24T10:02:42.993288,15cedc7a9730972b927f01fdf3bc98946ca1b50a,lifetime_reward,64x64,30899,-0.3076607882976532,0.03450185496152877,1.0,0,0,0,,,0.4210492485239634
20260124_084550,2026-01-24T10:02:46.731109,15cedc7a9730972b927f01fdf3bc98946ca1b50a,lifetime_reward,64x64,30999,-0.6546794176101685,0.03443569604719733,1.0,0,0,0,,,0.4210422978214612
20260124_084550,2026-01-24T10:02:50.450749,15cedc7a9730972b927f01fdf3bc98946ca1b50a,lifetime_reward,64x64,31099,-0.09116415679454803,0.03502766896262176,1.0,0,0,0,,,0.4210254555467236
20260124_084550,2026-01-24T10:02:53.989123,15cedc7a9730972b927f01fdf3bc98946ca1b50a,lifetime_reward,64x64,31199,-0.7587700486183167,0.03571516292001308,1.0,0,0,0,,,0.4209632740661237
20260124_084550,2026-01-24T10:02:57.645583,15cedc7a9730972b927f01fdf3bc98946ca1b50a,lifetime_reward,64x64,31299,-0.5008701086044312,0.033649128607533864,1.0,0,0,0,,,0.42099479053750877
20260124_084550,2026-01-24T10:03:01.278602,15cedc7a9730972b927f01fdf3bc98946ca1b50a,lifetime_reward,64x64,31399,-0.3985061049461365,0.035006222562578244,1.0,0,0,0,,,0.4210447291822238
20260124_084550,2026-01-24T10:03:05.000060,15cedc7a9730972b927f01fdf3bc98946ca1b50a,lifetime_reward,64x64,31499,-0.5078516006469727,0.03570595184957271,1.0,0,0,0,,,0.421030214465845
20260124_084550,2026-01-24T10:03:08.744410,15cedc7a9730972b927f01fdf3bc98946ca1b50a,lifetime_reward,64x64,31599,-0.5077656507492065,0.035817831674327054,1.0,0,0,0,,,0.42097226998656895
20260124_084550,2026-01-24T10:03:12.491356,15cedc7a9730972b927f01fdf3bc98946ca1b50a,lifetime_reward,64x64,31699,-0.33805596828460693,0.03609667348601091,1.0,0,0,0,,,0.420963170397539
20260124_084550,2026-01-24T10:03:16.047365,15cedc7a9730972b927f01fdf3bc98946ca1b50a,lifetime_reward,64x64,31799,-0.23193663358688354,0.0358718556547523,1.0,0,0,0,,,0.42084405310431877
20260124_084550,2026-01-24T10:03:19.701038,15cedc7a9730972b927f01fdf3bc98946ca1b50a,lifetime_reward,64x64,31899,-0.4921426475048065,0.03383272148453401,1.0,0,0,0,,,0.42101086826022527
20260124_084550,2026-01-24T10:03:23.349882,15cedc7a9730972b927f01fdf3bc98946ca1b50a,lifetime_reward,64x64,31999,-0.43555742502212524,0.0340527330182444,1.0,0,0,0,,,0.4209659308572226
20260124_084550,2026-01-24T10:03:26.915753,15cedc7a9730972b927f01fdf3bc98946ca1b50a,lifetime_reward,64x64,32099,-0.20909853279590607,0.03562915276994867,1.0,0,0,0,,,0.4210251131462521
20260124_084550,2026-01-24T10:03:30.541701,15cedc7a9730972b927f01fdf3bc98946ca1b50a,lifetime_reward,64x64,32199,-0.27683186531066895,0.034382782585218784,1.0,0,0,0,,,0.4210463267188224
20260124_084550,2026-01-24T10:03:34.171284,15cedc7a9730972b927f01fdf3bc98946ca1b50a,lifetime_reward,64x64,32299,-0.36826997995376587,0.03568981807023331,1.0,0,0,0,,,0.4210110747658077
20260124_084550,2026-01-24T10:03:37.907453,15cedc7a9730972b927f01fdf3bc98946ca1b50a,lifetime_reward,64x64,32399,-0.7748292684555054,0.034236401336672946,1.0,0,0,0,,,0.42095632290683827
20260124_084550,2026-01-24T10:03:41.580497,15cedc7a9730972b927f01fdf3bc98946ca1b50a,lifetime_reward,64x64,32499,-0.5884056091308594,0.036224136233042444,1.0,0,0,0,,,0.4209362917013094
20260124_084550,2026-01-24T10:03:45.250806,15cedc7a9730972b927f01fdf3bc98946ca1b50a,lifetime_reward,64x64,32599,-0.4659886956214905,0.034741308368355456,1.0,0,0,0,,,0.4210272375035958
20260124_084550,2026-01-24T10:03:48.865014,15cedc7a9730972b927f01fdf3bc98946ca1b50a,lifetime_reward,64x64,32699,-0.5204265117645264,0.03590628384795122,1.0,0,0,0,,,0.420978343539426
20260124_084550,2026-01-24T10:03:52.612862,15cedc7a9730972b927f01fdf3bc98946ca1b50a,lifetime_reward,64x64,32799,-0.44899922609329224,0.03458541833840093,1.0,0,0,0,,,0.42105444975490236
20260124_084550,2026-01-24T10:03:56.242565,15cedc7a9730972b927f01fdf3bc98946ca1b50a,lifetime_reward,64x64,32899,-0.39361831545829773,0.03432109543404134,1.0,0,0,0,,,0.4210246433698594
20260124_084550,2026-01-24T10:03:59.910799,15cedc7a9730972b927f01fdf3bc98946ca1b50a,lifetime_reward,64x64,32999,-0.5717958211898804,0.03442943384648253,1.0,0,0,0,,,0.42104052715197043
20260124_084550,2026-01-24T10:04:03.520651,15cedc7a9730972b927f01fdf3bc98946ca1b50a,lifetime_reward,64x64,33099,-0.5062287449836731,0.03658384390937411,1.0,0,0,0,,,0.4208240728160053
20260124_084550,2026-01-24T10:04:07.132029,15cedc7a9730972b927f01fdf3bc98946ca1b50a,lifetime_reward,64x64,33199,-0.07093635201454163,0.034702827280392784,1.0,0,0,0,,,0.4210506112515066
20260124_084550,2026-01-24T10:04:10.846139,15cedc7a9730972b927f01fdf3bc98946ca1b50a,lifetime_reward,64x64,33299,-0.6217004656791687,0.03439072991124358,1.0,0,0,0,,,0.42103615888626145
20260124_084550,2026-01-24T10:04:14.421033,15cedc7a9730972b927f01fdf3bc98946ca1b50a,lifetime_reward,64x64,33399,-0.5648908615112305,0.03466518899379068,1.0,0,0,0,,,0.42100085568283063
20260124_084550,2026-01-24T10:04:18.004837,15cedc7a9730972b927f01fdf3bc98946ca1b50a,lifetime_reward,64x64,33499,-0.5311165452003479,0.034308882760095735,1.0,0,0,0,,,0.42101319339462884
20260124_084550,2026-01-24T10:04:21.728534,15cedc7a9730972b927f01fdf3bc98946ca1b50a,lifetime_reward,64x64,33599,-0.4503061771392822,0.03502751970473775,1.0,0,0,0,,,0.42102869948300187
20260124_084550,2026-01-24T10:04:25.463280,15cedc7a9730972b927f01fdf3bc98946ca1b50a,lifetime_reward,64x64,33699,-0.2878665328025818,0.034355136359076825,1.0,0,0,0,,,0.4210515529924668
20260124_084550,2026-01-24T10:04:29.189897,15cedc7a9730972b927f01fdf3bc98946ca1b50a,lifetime_reward,64x64,33799,-0.336236834526062,0.03462151649716523,1.0,0,0,0,,,0.4210440229793364
20260124_084550,2026-01-24T10:04:32.735019,15cedc7a9730972b927f01fdf3bc98946ca1b50a,lifetime_reward,64x64,33899,-0.4146941304206848,0.034665542087536444,1.0,0,0,0,,,0.4210530832852535
20260124_084550,2026-01-24T10:04:36.312317,15cedc7a9730972b927f01fdf3bc98946ca1b50a,lifetime_reward,64x64,33999,-0.34983450174331665,0.03641739368352837,1.0,0,0,0,,,0.420813671555072
20260124_084550,2026-01-24T10:04:40.014848,15cedc7a9730972b927f01fdf3bc98946ca1b50a,lifetime_reward,64x64,34099,-0.4224280118942261,0.03527558013575545,1.0,0,0,0,,,0.4210459385770835
20260124_084550,2026-01-24T10:04:43.692150,15cedc7a9730972b927f01fdf3bc98946ca1b50a,lifetime_reward,64x64,34199,0.024555765092372894,0.03392877461330317,1.0,0,0,0,,,0.4209204094660962
20260124_084550,2026-01-24T10:04:47.442302,15cedc7a9730972b927f01fdf3bc98946ca1b50a,lifetime_reward,64x64,34299,-0.239510178565979,0.03539500684751815,1.0,0,0,0,,,0.42102987409002723
20260124_084550,2026-01-24T10:04:51.031558,15cedc7a9730972b927f01fdf3bc98946ca1b50a,lifetime_reward,64x64,34399,-0.3894750773906708,0.034426637439576864,1.0,0,0,0,,,0.4209438644187752
20260124_084550,2026-01-24T10:04:54.605336,15cedc7a9730972b927f01fdf3bc98946ca1b50a,lifetime_reward,64x64,34499,-0.35800543427467346,0.033800890902497646,1.0,0,0,0,,,0.42101079385890516
20260124_084550,2026-01-24T10:04:58.198595,15cedc7a9730972b927f01fdf3bc98946ca1b50a,lifetime_reward,64x64,34599,-0.48453012108802795,0.03521457746616201,1.0,0,0,0,,,0.42105394688117764
20260124_084550,2026-01-24T10:05:01.798809,15cedc7a9730972b927f01fdf3bc98946ca1b50a,lifetime_reward,64x64,34699,-0.5257771611213684,0.035400859160428705,1.0,0,0,0,,,0.42102170005565204
20260124_084550,2026-01-24T10:05:05.416429,15cedc7a9730972b927f01fdf3bc98946ca1b50a,lifetime_reward,64x64,34799,-0.19187672436237335,0.03407510193905638,1.0,0,0,0,,,0.42104600931017433
20260124_084550,2026-01-24T10:05:09.137184,15cedc7a9730972b927f01fdf3bc98946ca1b50a,lifetime_reward,64x64,34899,-0.14074742794036865,0.03265128882717855,1.0,0,0,0,,,0.42084577433112375
20260124_084550,2026-01-24T10:05:12.755034,15cedc7a9730972b927f01fdf3bc98946ca1b50a,lifetime_reward,64x64,34999,-0.6246317028999329,0.03262852814460848,1.0,0,0,0,,,0.4206590264809633
20260124_084550,2026-01-24T10:05:16.350156,15cedc7a9730972b927f01fdf3bc98946ca1b50a,lifetime_reward,64x64,35099,-0.575311541557312,0.034970183326138604,1.0,0,0,0,,,0.4210371734164363
20260124_084550,2026-01-24T10:05:19.954519,15cedc7a9730972b927f01fdf3bc98946ca1b50a,lifetime_reward,64x64,35199,-0.5494815707206726,0.0354310130392958,1.0,0,0,0,,,0.4210302609494273
20260124_084550,2026-01-24T10:05:23.610648,15cedc7a9730972b927f01fdf3bc98946ca1b50a,lifetime_reward,64x64,35299,-0.67396479845047,0.03342457669854703,1.0,0,0,0,,,0.4209865177130626
20260124_084550,2026-01-24T10:05:27.197562,15cedc7a9730972b927f01fdf3bc98946ca1b50a,lifetime_reward,64x64,35399,-0.5406619906425476,0.03545978922511393,1.0,0,0,0,,,0.42101744191283996
20260124_084550,2026-01-24T10:05:30.766156,15cedc7a9730972b927f01fdf3bc98946ca1b50a,lifetime_reward,64x64,35499,-0.713603138923645,0.03371113663825741,1.0,0,0,0,,,0.4209428491778266
20260124_084550,2026-01-24T10:05:34.504130,15cedc7a9730972b927f01fdf3bc98946ca1b50a,lifetime_reward,64x64,35599,-0.5272538065910339,0.03448575629845261,1.0,0,0,0,,,0.42105206488359553
20260124_084550,2026-01-24T10:05:38.262078,15cedc7a9730972b927f01fdf3bc98946ca1b50a,lifetime_reward,64x64,35699,-0.5162031054496765,0.03449229056162803,1.0,0,0,0,,,0.4210535848404182
20260124_084550,2026-01-24T10:05:41.989282,15cedc7a9730972b927f01fdf3bc98946ca1b50a,lifetime_reward,64x64,35799,-0.2515295147895813,0.03513637529445303,1.0,0,0,0,,,0.4210245064587098
20260124_084550,2026-01-24T10:05:45.602421,15cedc7a9730972b927f01fdf3bc98946ca1b50a,lifetime_reward,64x64,35899,-0.19468525052070618,0.03444770664411778,1.0,0,0,0,,,0.4210420912744811
20260124_084550,2026-01-24T10:05:49.226762,15cedc7a9730972b927f01fdf3bc98946ca1b50a,lifetime_reward,64x64,35999,-0.5349327325820923,0.03541007547275514,1.0,0,0,0,,,0.4210225926861471
20260124_084550,2026-01-24T10:05:52.798049,15cedc7a9730972b927f01fdf3bc98946ca1b50a,lifetime_reward,64x64,36099,-0.08134607970714569,0.03371126732475085,1.0,0,0,0,,,0.4210286105206821
20260124_084550,2026-01-24T10:05:56.413688,15cedc7a9730972b927f01fdf3bc98946ca1b50a,lifetime_reward,64x64,36199,-0.4175814688205719,0.03324039098952238,1.0,0,0,0,,,0.4209871852376659
20260124_084550,2026-01-24T10:06:00.052058,15cedc7a9730972b927f01fdf3bc98946ca1b50a,lifetime_reward,64x64,36299,-0.35276973247528076,0.03451932394633218,1.0,0,0,0,,,0.42104406482678636
20260124_084550,2026-01-24T10:06:03.639905,15cedc7a9730972b927f01fdf3bc98946ca1b50a,lifetime_reward,64x64,36399,-0.6246082782745361,0.03439710351965795,1.0,0,0,0,,,0.42101404371555545
20260124_084550,2026-01-24T10:06:07.210596,15cedc7a9730972b927f01fdf3bc98946ca1b50a,lifetime_reward,64x64,36499,-0.5244780778884888,0.03411036274783031,1.0,0,0,0,,,0.421036447601434
20260124_084550,2026-01-24T10:06:10.781931,15cedc7a9730972b927f01fdf3bc98946ca1b50a,lifetime_reward,64x64,36599,-0.4871099591255188,0.033891785772022266,1.0,0,0,0,,,0.42102384175003543
20260124_084550,2026-01-24T10:06:14.385751,15cedc7a9730972b927f01fdf3bc98946ca1b50a,lifetime_reward,64x64,36699,-0.3327944874763489,0.03368389779462901,1.0,0,0,0,,,0.42100805812829084
20260124_084550,2026-01-24T10:06:17.969786,15cedc7a9730972b927f01fdf3bc98946ca1b50a,lifetime_reward,64x64,36799,-0.37929296493530273,0.03519562538134562,1.0,0,0,0,,,0.42102791465707057
20260124_084550,2026-01-24T10:06:21.642104,15cedc7a9730972b927f01fdf3bc98946ca1b50a,lifetime_reward,64x64,36899,-0.5495948195457458,0.0329817180651445,1.0,0,0,0,,,0.420950579007083
20260124_084550,2026-01-24T10:06:25.233923,15cedc7a9730972b927f01fdf3bc98946ca1b50a,lifetime_reward,64x64,36999,-0.5780611038208008,0.0333761380616134,1.0,0,0,0,,,0.4210422177384054
20260124_084550,2026-01-24T10:06:28.881080,15cedc7a9730972b927f01fdf3bc98946ca1b50a,lifetime_reward,64x64,37099,-0.6152186393737793,0.0333104731716807,1.0,0,0,0,,,0.4210181441617379
20260124_084550,2026-01-24T10:06:32.456068,15cedc7a9730972b927f01fdf3bc98946ca1b50a,lifetime_reward,64x64,37199,-0.28386202454566956,0.033236702818911786,1.0,0,0,0,,,0.4210203576239299
20260124_084550,2026-01-24T10:06:36.040420,15cedc7a9730972b927f01fdf3bc98946ca1b50a,lifetime_reward,64x64,37299,-0.2613385319709778,0.03598212640427971,1.0,0,0,0,,,0.4207964014742651
20260124_084550,2026-01-24T10:06:39.780770,15cedc7a9730972b927f01fdf3bc98946ca1b50a,lifetime_reward,64x64,37399,-0.43963173031806946,0.0335232995925607,1.0,0,0,0,,,0.42096312934576585
20260124_084550,2026-01-24T10:06:43.488950,15cedc7a9730972b927f01fdf3bc98946ca1b50a,lifetime_reward,64x64,37499,-0.6605614423751831,0.032668138952063795,1.0,0,0,0,,,0.4209896548014938
20260124_084550,2026-01-24T10:06:47.255676,15cedc7a9730972b927f01fdf3bc98946ca1b50a,lifetime_reward,64x64,37599,-0.3318238854408264,0.033221236677932864,1.0,0,0,0,,,0.4210166659610335
20260124_084550,2026-01-24T10:06:50.833373,15cedc7a9730972b927f01fdf3bc98946ca1b50a,lifetime_reward,64x64,37699,0.03054669126868248,0.034295677914925486,1.0,0,0,0,,,0.42103877440587256
20260124_084550,2026-01-24T10:06:54.425910,15cedc7a9730972b927f01fdf3bc98946ca1b50a,lifetime_reward,64x64,37799,-0.21268698573112488,0.032331001782406235,1.0,0,0,0,,,0.42100887437248036
20260124_084550,2026-01-24T10:06:57.981875,15cedc7a9730972b927f01fdf3bc98946ca1b50a,lifetime_reward,64x64,37899,-0.21215680241584778,0.0332606215515895,1.0,0,0,0,,,0.42102893937027575
20260124_084550,2026-01-24T10:07:01.651329,15cedc7a9730972b927f01fdf3bc98946ca1b50a,lifetime_reward,64x64,37999,-0.7785992622375488,0.033134913990369594,1.0,0,0,0,,,0.42101319172459983
20260124_084550,2026-01-24T10:07:05.299249,15cedc7a9730972b927f01fdf3bc98946ca1b50a,lifetime_reward,64x64,38099,-0.3409085273742676,0.03338604772207027,1.0,0,0,0,,,0.4210468366055106
20260124_084550,2026-01-24T10:07:08.896470,15cedc7a9730972b927f01fdf3bc98946ca1b50a,lifetime_reward,64x64,38199,-0.08354716002941132,0.03447420026621146,1.0,0,0,0,,,0.4210250166906435
20260124_084550,2026-01-24T10:07:12.494530,15cedc7a9730972b927f01fdf3bc98946ca1b50a,lifetime_reward,64x64,38299,-0.5901774168014526,0.033022075650122065,1.0,0,0,0,,,0.42105253922144315
20260124_084550,2026-01-24T10:07:16.214060,15cedc7a9730972b927f01fdf3bc98946ca1b50a,lifetime_reward,64x64,38399,-0.36925452947616577,0.034392582696788195,1.0,0,0,0,,,0.4209687055062017
20260124_084550,2026-01-24T10:07:19.893701,15cedc7a9730972b927f01fdf3bc98946ca1b50a,lifetime_reward,64x64,38499,-0.2844952642917633,0.03318502497529486,1.0,0,0,0,,,0.42098224227208986
20260124_084550,2026-01-24T10:07:23.645383,15cedc7a9730972b927f01fdf3bc98946ca1b50a,lifetime_reward,64x64,38599,-0.20335587859153748,0.033728010553571136,1.0,0,0,0,,,0.4210379725840171
20260124_084550,2026-01-24T10:07:27.405725,15cedc7a9730972b927f01fdf3bc98946ca1b50a,lifetime_reward,64x64,38699,-0.2535109221935272,0.03472363193453272,1.0,0,0,0,,,0.4209799800712668
20260124_084550,2026-01-24T10:07:31.053789,15cedc7a9730972b927f01fdf3bc98946ca1b50a,lifetime_reward,64x64,38799,-0.4245440363883972,0.03504564252665455,1.0,0,0,0,,,0.4210510457374598
20260124_084550,2026-01-24T10:07:34.791994,15cedc7a9730972b927f01fdf3bc98946ca1b50a,lifetime_reward,64x64,38899,-0.7664852738380432,0.03468605786656533,1.0,0,0,0,,,0.4210479936615398
20260124_084550,2026-01-24T10:07:38.394141,15cedc7a9730972b927f01fdf3bc98946ca1b50a,lifetime_reward,64x64,38999,-0.45577168464660645,0.034968450321936954,1.0,0,0,0,,,0.42075182602872085
20260124_084550,2026-01-24T10:07:41.982997,15cedc7a9730972b927f01fdf3bc98946ca1b50a,lifetime_reward,64x64,39099,-0.302487313747406,0.03424791314054949,1.0,0,0,0,,,0.42102007937765995
20260124_084550,2026-01-24T10:07:45.603620,15cedc7a9730972b927f01fdf3bc98946ca1b50a,lifetime_reward,64x64,39199,-0.40660572052001953,0.03323806236567305,1.0,0,0,0,,,0.4209759938802606
20260124_084550,2026-01-24T10:07:49.239107,15cedc7a9730972b927f01fdf3bc98946ca1b50a,lifetime_reward,64x64,39299,-0.3395725190639496,0.03372480826687465,1.0,0,0,0,,,0.42105790752963757
20260124_084550,2026-01-24T10:07:52.950567,15cedc7a9730972b927f01fdf3bc98946ca1b50a,lifetime_reward,64x64,39399,-0.2230350375175476,0.03306824824712675,1.0,0,0,0,,,0.4209867725811616
20260124_084550,2026-01-24T10:07:56.630368,15cedc7a9730972b927f01fdf3bc98946ca1b50a,lifetime_reward,64x64,39499,-0.36021119356155396,0.03307951108471579,1.0,0,0,0,,,0.42095188612929446
20260124_084550,2026-01-24T10:08:00.349961,15cedc7a9730972b927f01fdf3bc98946ca1b50a,lifetime_reward,64x64,39599,-0.6377547979354858,0.03356975001452158,1.0,0,0,0,,,0.4210414217083417
20260124_084550,2026-01-24T10:08:03.913336,15cedc7a9730972b927f01fdf3bc98946ca1b50a,lifetime_reward,64x64,39699,-0.16192953288555145,0.034553530124831075,1.0,0,0,0,,,0.4210119214725774
20260124_084550,2026-01-24T10:08:07.666573,15cedc7a9730972b927f01fdf3bc98946ca1b50a,lifetime_reward,64x64,39799,-0.3436253070831299,0.032825244979436785,1.0,0,0,0,,,0.42094915023029356
20260124_084550,2026-01-24T10:08:11.422579,15cedc7a9730972b927f01fdf3bc98946ca1b50a,lifetime_reward,64x64,39899,-0.25486135482788086,0.03332532899661723,1.0,0,0,0,,,0.4210370323513377
20260124_084550,2026-01-24T10:08:15.121993,15cedc7a9730972b927f01fdf3bc98946ca1b50a,lifetime_reward,64x64,39999,-0.23549780249595642,0.034140701513189736,1.0,0,0,0,,,0.4210415094266474
20260124_084550,2026-01-24T10:08:18.776342,15cedc7a9730972b927f01fdf3bc98946ca1b50a,lifetime_reward,64x64,40099,-0.49051809310913086,0.03226103559429936,1.0,0,0,0,,,0.4207138007793412
20260124_084550,2026-01-24T10:08:22.434904,15cedc7a9730972b927f01fdf3bc98946ca1b50a,lifetime_reward,64x64,40199,-0.2047761082649231,0.03411069880670485,1.0,0,0,0,,,0.42099835047342893
20260124_084550,2026-01-24T10:08:26.019467,15cedc7a9730972b927f01fdf3bc98946ca1b50a,lifetime_reward,64x64,40299,-0.14107879996299744,0.03334445673740147,1.0,0,0,0,,,0.42104249114651177
20260124_084550,2026-01-24T10:08:29.627238,15cedc7a9730972b927f01fdf3bc98946ca1b50a,lifetime_reward,64x64,40399,-0.23721282184123993,0.03403281572734395,1.0,0,0,0,,,0.42103998395715114
20260124_084550,2026-01-24T10:08:33.227919,15cedc7a9730972b927f01fdf3bc98946ca1b50a,lifetime_reward,64x64,40499,-0.2509024143218994,0.03459536818507775,1.0,0,0,0,,,0.42088464480437515
20260124_084550,2026-01-24T10:08:36.819112,15cedc7a9730972b927f01fdf3bc98946ca1b50a,lifetime_reward,64x64,40599,-0.6666034460067749,0.03286724703084906,1.0,0,0,0,,,0.42102085505303366
20260124_084550,2026-01-24T10:08:40.412772,15cedc7a9730972b927f01fdf3bc98946ca1b50a,lifetime_reward,64x64,40699,-0.1626656949520111,0.03449538021455162,1.0,0,0,0,,,0.421030578322955
20260124_084550,2026-01-24T10:08:44.138067,15cedc7a9730972b927f01fdf3bc98946ca1b50a,lifetime_reward,64x64,40799,-0.2922096848487854,0.033217246882518765,1.0,0,0,0,,,0.4210385024066574
20260124_084550,2026-01-24T10:08:47.737383,15cedc7a9730972b927f01fdf3bc98946ca1b50a,lifetime_reward,64x64,40899,-0.572847843170166,0.035189872732006,1.0,0,0,0,,,0.4209077011468629
20260124_084550,2026-01-24T10:08:51.316486,15cedc7a9730972b927f01fdf3bc98946ca1b50a,lifetime_reward,64x64,40999,-0.2667675018310547,0.033865133353521835,1.0,0,0,0,,,0.4210594279303805
20260124_084550,2026-01-24T10:08:55.060896,15cedc7a9730972b927f01fdf3bc98946ca1b50a,lifetime_reward,64x64,41099,-0.7431801557540894,0.03340766322507521,1.0,0,0,0,,,0.42105030486142875
20260124_084550,2026-01-24T10:08:58.785790,15cedc7a9730972b927f01fdf3bc98946ca1b50a,lifetime_reward,64x64,41199,-0.3618603050708771,0.033428702209162185,1.0,0,0,0,,,0.42101232324714144
20260124_084550,2026-01-24T10:09:02.388522,15cedc7a9730972b927f01fdf3bc98946ca1b50a,lifetime_reward,64x64,41299,-0.7031897306442261,0.03209854776625886,1.0,0,0,0,,,0.42083058346718916
20260124_084550,2026-01-24T10:09:05.948016,15cedc7a9730972b927f01fdf3bc98946ca1b50a,lifetime_reward,64x64,41399,-0.31088846921920776,0.03331679149251689,1.0,0,0,0,,,0.42099568852254754
20260124_084550,2026-01-24T10:09:09.632406,15cedc7a9730972b927f01fdf3bc98946ca1b50a,lifetime_reward,64x64,41499,-0.5071585178375244,0.033268371973661844,1.0,0,0,0,,,0.42102964106183516
20260124_084550,2026-01-24T10:09:13.282457,15cedc7a9730972b927f01fdf3bc98946ca1b50a,lifetime_reward,64x64,41599,-0.3382870554924011,0.035308345027211814,1.0,0,0,0,,,0.420965577819462
20260124_084550,2026-01-24T10:09:17.015100,15cedc7a9730972b927f01fdf3bc98946ca1b50a,lifetime_reward,64x64,41699,-0.680752694606781,0.0344602387544482,1.0,0,0,0,,,0.4210600107900379
20260124_084550,2026-01-24T10:09:20.644180,15cedc7a9730972b927f01fdf3bc98946ca1b50a,lifetime_reward,64x64,41799,-0.3661983609199524,0.03416882706691717,1.0,0,0,0,,,0.4210583673375544
20260124_084550,2026-01-24T10:09:24.274215,15cedc7a9730972b927f01fdf3bc98946ca1b50a,lifetime_reward,64x64,41899,-0.37557390332221985,0.03329080928111719,1.0,0,0,0,,,0.4210083606324174
20260124_084550,2026-01-24T10:09:27.950312,15cedc7a9730972b927f01fdf3bc98946ca1b50a,lifetime_reward,64x64,41999,-0.3822922110557556,0.0334854272334385,1.0,0,0,0,,,0.4210601773102644
20260124_084550,2026-01-24T10:09:31.586957,15cedc7a9730972b927f01fdf3bc98946ca1b50a,lifetime_reward,64x64,42099,-0.11566388607025146,0.032987970489124524,1.0,0,0,0,,,0.42103169874165913
20260124_084550,2026-01-24T10:09:35.206755,15cedc7a9730972b927f01fdf3bc98946ca1b50a,lifetime_reward,64x64,42199,-0.21859252452850342,0.03351254845845278,1.0,0,0,0,,,0.42105485230004985
20260124_084550,2026-01-24T10:09:38.937599,15cedc7a9730972b927f01fdf3bc98946ca1b50a,lifetime_reward,64x64,42299,-0.4353991746902466,0.0337736317886388,1.0,0,0,0,,,0.42105201814931126
20260124_084550,2026-01-24T10:09:42.700589,15cedc7a9730972b927f01fdf3bc98946ca1b50a,lifetime_reward,64x64,42399,-0.3853262662887573,0.034843081456225874,1.0,0,0,0,,,0.4209585037270113
20260124_084550,2026-01-24T10:09:46.447757,15cedc7a9730972b927f01fdf3bc98946ca1b50a,lifetime_reward,64x64,42499,-0.2439029961824417,0.03504265069020963,1.0,0,0,0,,,0.4210031110446065
20260124_084550,2026-01-24T10:09:50.072084,15cedc7a9730972b927f01fdf3bc98946ca1b50a,lifetime_reward,64x64,42599,-0.5860515236854553,0.034463042856716024,1.0,0,0,0,,,0.4210595043512012
20260124_084550,2026-01-24T10:09:53.726971,15cedc7a9730972b927f01fdf3bc98946ca1b50a,lifetime_reward,64x64,42699,-0.8057441711425781,0.03415799109839679,1.0,0,0,0,,,0.4210628086698669
20260124_084550,2026-01-24T10:09:57.383181,15cedc7a9730972b927f01fdf3bc98946ca1b50a,lifetime_reward,64x64,42799,-0.19384849071502686,0.034652229724350316,1.0,0,0,0,,,0.4210517625505172
20260124_084550,2026-01-24T10:10:01.038132,15cedc7a9730972b927f01fdf3bc98946ca1b50a,lifetime_reward,64x64,42899,-0.40202242136001587,0.03502167428131528,1.0,0,0,0,,,0.421035776970974
20260124_084550,2026-01-24T10:10:04.686106,15cedc7a9730972b927f01fdf3bc98946ca1b50a,lifetime_reward,64x64,42999,-0.6767857074737549,0.03396169559525404,1.0,0,0,0,,,0.42103339869480394
20260124_084550,2026-01-24T10:10:08.257471,15cedc7a9730972b927f01fdf3bc98946ca1b50a,lifetime_reward,64x64,43099,-0.22372354567050934,0.033447896271178584,1.0,0,0,0,,,0.4210557592646716
20260124_084550,2026-01-24T10:10:11.994277,15cedc7a9730972b927f01fdf3bc98946ca1b50a,lifetime_reward,64x64,43199,-0.4119604825973511,0.034703535055487046,1.0,0,0,0,,,0.42105534359221836
20260124_084550,2026-01-24T10:10:15.721294,15cedc7a9730972b927f01fdf3bc98946ca1b50a,lifetime_reward,64x64,43299,-0.3400484621524811,0.034166361286582736,1.0,0,0,0,,,0.4210316991924375
20260124_084550,2026-01-24T10:10:19.358274,15cedc7a9730972b927f01fdf3bc98946ca1b50a,lifetime_reward,64x64,43399,-0.7517902255058289,0.03470205173525218,1.0,0,0,0,,,0.4209577750781983
20260124_084550,2026-01-24T10:10:23.013505,15cedc7a9730972b927f01fdf3bc98946ca1b50a,lifetime_reward,64x64,43499,-0.25855350494384766,0.03348421956418077,1.0,0,0,0,,,0.42094286923804886
20260124_084550,2026-01-24T10:10:26.624013,15cedc7a9730972b927f01fdf3bc98946ca1b50a,lifetime_reward,64x64,43599,-0.74698805809021,0.03361633429326492,1.0,0,0,0,,,0.42104110337967837
20260124_084550,2026-01-24T10:10:30.224466,15cedc7a9730972b927f01fdf3bc98946ca1b50a,lifetime_reward,64x64,43699,-0.278738409280777,0.03454462061129413,1.0,0,0,0,,,0.42099606548120283
20260124_084550,2026-01-24T10:10:33.979485,15cedc7a9730972b927f01fdf3bc98946ca1b50a,lifetime_reward,64x64,43799,-0.43500816822052,0.03447451385429418,1.0,0,0,0,,,0.4210569052627121
20260124_084550,2026-01-24T10:10:37.743155,15cedc7a9730972b927f01fdf3bc98946ca1b50a,lifetime_reward,64x64,43899,-0.4475041329860687,0.034308771030908736,1.0,0,0,0,,,0.4210143479398386
20260124_084550,2026-01-24T10:10:41.366661,15cedc7a9730972b927f01fdf3bc98946ca1b50a,lifetime_reward,64x64,43999,-0.280727356672287,0.03430624650198657,1.0,0,0,0,,,0.42104526819365373
20260124_084550,2026-01-24T10:10:44.986816,15cedc7a9730972b927f01fdf3bc98946ca1b50a,lifetime_reward,64x64,44099,-0.40368950366973877,0.03304322819709389,1.0,0,0,0,,,0.42104727048973145
20260124_084550,2026-01-24T10:10:48.627700,15cedc7a9730972b927f01fdf3bc98946ca1b50a,lifetime_reward,64x64,44199,-0.3027524948120117,0.03334139783656928,1.0,0,0,0,,,0.4210485487667215
20260124_084550,2026-01-24T10:10:52.246464,15cedc7a9730972b927f01fdf3bc98946ca1b50a,lifetime_reward,64x64,44299,-0.3298373222351074,0.03472992334179504,1.0,0,0,0,,,0.4208207997547722
20260124_084550,2026-01-24T10:10:55.809150,15cedc7a9730972b927f01fdf3bc98946ca1b50a,lifetime_reward,64x64,44399,-0.29052090644836426,0.03364526219692046,1.0,0,0,0,,,0.42103198623139426
20260124_084550,2026-01-24T10:10:59.538431,15cedc7a9730972b927f01fdf3bc98946ca1b50a,lifetime_reward,64x64,44499,-0.2411334365606308,0.03402712241396352,1.0,0,0,0,,,0.4210583653649014
20260124_084550,2026-01-24T10:11:03.288380,15cedc7a9730972b927f01fdf3bc98946ca1b50a,lifetime_reward,64x64,44599,-0.5125976800918579,0.03524144601226149,1.0,0,0,0,,,0.42097620877631076
20260124_084550,2026-01-24T10:11:07.023467,15cedc7a9730972b927f01fdf3bc98946ca1b50a,lifetime_reward,64x64,44699,-0.646984338760376,0.03414168278533748,1.0,0,0,0,,,0.4210283427102962
20260124_084550,2026-01-24T10:11:10.780100,15cedc7a9730972b927f01fdf3bc98946ca1b50a,lifetime_reward,64x64,44799,-0.3584021329879761,0.03420310799635977,1.0,0,0,0,,,0.4209182840357291
20260124_084550,2026-01-24T10:11:14.521029,15cedc7a9730972b927f01fdf3bc98946ca1b50a,lifetime_reward,64x64,44899,-0.548577070236206,0.03293006978087572,1.0,0,0,0,,,0.42102091339419556
20260124_084550,2026-01-24T10:11:18.233547,15cedc7a9730972b927f01fdf3bc98946ca1b50a,lifetime_reward,64x64,44999,-0.4999660551548004,0.033090658751016216,1.0,0,0,0,,,0.42104856201811597
20260124_084550,2026-01-24T10:11:21.975381,15cedc7a9730972b927f01fdf3bc98946ca1b50a,lifetime_reward,64x64,45099,-0.20248198509216309,0.03293732498379932,1.0,0,0,0,,,0.42105646585262263
20260124_084550,2026-01-24T10:11:25.740556,15cedc7a9730972b927f01fdf3bc98946ca1b50a,lifetime_reward,64x64,45199,-0.5471678972244263,0.03323244108455132,1.0,0,0,0,,,0.4210649036104398
20260124_084550,2026-01-24T10:11:29.397854,15cedc7a9730972b927f01fdf3bc98946ca1b50a,lifetime_reward,64x64,45299,-0.5443507432937622,0.030730896320425156,1.0,0,0,0,,,0.4207066752290801
20260124_084550,2026-01-24T10:11:33.063614,15cedc7a9730972b927f01fdf3bc98946ca1b50a,lifetime_reward,64x64,45399,-0.3990064859390259,0.034198819991016545,1.0,0,0,0,,,0.42099669311587995
20260124_084550,2026-01-24T10:11:36.803208,15cedc7a9730972b927f01fdf3bc98946ca1b50a,lifetime_reward,64x64,45499,-0.3937832713127136,0.03346212838260196,1.0,0,0,0,,,0.42097219905494165
20260124_084550,2026-01-24T10:11:40.455849,15cedc7a9730972b927f01fdf3bc98946ca1b50a,lifetime_reward,64x64,45599,-0.6893372535705566,0.03361976384761529,1.0,0,0,0,,,0.4209994110356149
20260124_084550,2026-01-24T10:11:44.148597,15cedc7a9730972b927f01fdf3bc98946ca1b50a,lifetime_reward,64x64,45699,-0.38298970460891724,0.03348532832383454,1.0,0,0,0,,,0.4210482834082914
20260124_084550,2026-01-24T10:11:47.895466,15cedc7a9730972b927f01fdf3bc98946ca1b50a,lifetime_reward,64x64,45799,-0.4028400778770447,0.03282720550911472,1.0,0,0,0,,,0.42105280914922233
20260124_084550,2026-01-24T10:11:51.651156,15cedc7a9730972b927f01fdf3bc98946ca1b50a,lifetime_reward,64x64,45899,-0.6359717845916748,0.03388287496219813,1.0,0,0,0,,,0.42103654075312036
20260124_084550,2026-01-24T10:11:55.369552,15cedc7a9730972b927f01fdf3bc98946ca1b50a,lifetime_reward,64x64,45999,-0.35650306940078735,0.03267521857207664,1.0,0,0,0,,,0.42105587378049647
20260124_084550,2026-01-24T10:11:58.978701,15cedc7a9730972b927f01fdf3bc98946ca1b50a,lifetime_reward,64x64,46099,-0.14452210068702698,0.03385934463657683,1.0,0,0,0,,,0.42101536420614694
20260124_084550,2026-01-24T10:12:02.576765,15cedc7a9730972b927f01fdf3bc98946ca1b50a,lifetime_reward,64x64,46199,-0.28451013565063477,0.03288794975302089,1.0,0,0,0,,,0.4210587408415498
20260124_084550,2026-01-24T10:12:06.228160,15cedc7a9730972b927f01fdf3bc98946ca1b50a,lifetime_reward,64x64,46299,-0.4018169343471527,0.03303712805713469,1.0,0,0,0,,,0.4210374116901947
20260124_084550,2026-01-24T10:12:09.866270,15cedc7a9730972b927f01fdf3bc98946ca1b50a,lifetime_reward,64x64,46399,-0.2468147575855255,0.03218615825669203,1.0,0,0,0,,,0.4210208174313792
20260124_084550,2026-01-24T10:12:13.495954,15cedc7a9730972b927f01fdf3bc98946ca1b50a,lifetime_reward,64x64,46499,-0.27438801527023315,0.03242408483088657,1.0,0,0,0,,,0.4210520392061525
20260124_084550,2026-01-24T10:12:17.093705,15cedc7a9730972b927f01fdf3bc98946ca1b50a,lifetime_reward,64x64,46599,-0.3336581587791443,0.0316491884469124,1.0,0,0,0,,,0.4209957333506943
20260124_084550,2026-01-24T10:12:20.762860,15cedc7a9730972b927f01fdf3bc98946ca1b50a,lifetime_reward,64x64,46699,-0.136875182390213,0.03203634145008011,1.0,0,0,0,,,0.42104212456367673
20260124_084550,2026-01-24T10:12:24.372280,15cedc7a9730972b927f01fdf3bc98946ca1b50a,lifetime_reward,64x64,46799,-0.20445506274700165,0.03127967984404903,1.0,0,0,0,,,0.4209674280531404
20260124_084550,2026-01-24T10:12:28.133802,15cedc7a9730972b927f01fdf3bc98946ca1b50a,lifetime_reward,64x64,46899,-0.47235172986984253,0.03406141129423397,1.0,0,0,0,,,0.4209098967183371
20260124_084550,2026-01-24T10:12:31.752247,15cedc7a9730972b927f01fdf3bc98946ca1b50a,lifetime_reward,64x64,46999,-0.4686110019683838,0.03283491255132554,1.0,0,0,0,,,0.42105458743781626
20260124_084550,2026-01-24T10:12:35.306803,15cedc7a9730972b927f01fdf3bc98946ca1b50a,lifetime_reward,64x64,47099,-0.6777656674385071,0.03257107609994172,1.0,0,0,0,,,0.42105040642357183
20260124_084550,2026-01-24T10:12:39.143743,15cedc7a9730972b927f01fdf3bc98946ca1b50a,lifetime_reward,64x64,47199,-0.44354248046875,0.033513027383166624,1.0,0,0,0,,,0.4210291529202178
20260124_084550,2026-01-24T10:12:42.814448,15cedc7a9730972b927f01fdf3bc98946ca1b50a,lifetime_reward,64x64,47299,-0.3651195764541626,0.03422855272706169,1.0,0,0,0,,,0.42071012816810166
20260124_084550,2026-01-24T10:12:46.409078,15cedc7a9730972b927f01fdf3bc98946ca1b50a,lifetime_reward,64x64,47399,-0.46161073446273804,0.03320666552073176,1.0,0,0,0,,,0.42105051452341163
20260124_084550,2026-01-24T10:12:49.981716,15cedc7a9730972b927f01fdf3bc98946ca1b50a,lifetime_reward,64x64,47499,-0.3195827305316925,0.033287370818743715,1.0,0,0,0,,,0.42100890647520406
20260124_084550,2026-01-24T10:12:53.741539,15cedc7a9730972b927f01fdf3bc98946ca1b50a,lifetime_reward,64x64,47599,-0.4703608751296997,0.03156252829103778,1.0,0,0,0,,,0.4209890032064262
20260124_084550,2026-01-24T10:12:57.496612,15cedc7a9730972b927f01fdf3bc98946ca1b50a,lifetime_reward,64x64,47699,-0.11759315431118011,0.03174452124330898,1.0,0,0,0,,,0.42090239213200975
20260124_084550,2026-01-24T10:13:01.162410,15cedc7a9730972b927f01fdf3bc98946ca1b50a,lifetime_reward,64x64,47799,-0.13132312893867493,0.032982783769861815,1.0,0,0,0,,,0.4209160169872728
20260124_084550,2026-01-24T10:13:04.780349,15cedc7a9730972b927f01fdf3bc98946ca1b50a,lifetime_reward,64x64,47899,0.05041484534740448,0.03383330119478166,1.0,0,0,0,,,0.42098683814577936
20260124_084550,2026-01-24T10:13:08.501798,15cedc7a9730972b927f01fdf3bc98946ca1b50a,lifetime_reward,64x64,47999,-0.37532109022140503,0.03244735864738496,1.0,0,0,0,,,0.42091337781562743
20260124_084550,2026-01-24T10:13:12.237522,15cedc7a9730972b927f01fdf3bc98946ca1b50a,lifetime_reward,64x64,48099,-0.3781987726688385,0.03234056428404528,1.0,0,0,0,,,0.42105740437385847
20260124_084550,2026-01-24T10:13:15.798926,15cedc7a9730972b927f01fdf3bc98946ca1b50a,lifetime_reward,64x64,48199,-0.1632968932390213,0.03180542983273603,1.0,0,0,0,,,0.4210554372656956
20260124_084550,2026-01-24T10:13:19.419736,15cedc7a9730972b927f01fdf3bc98946ca1b50a,lifetime_reward,64x64,48299,-0.5479598045349121,0.03308499831156133,1.0,0,0,0,,,0.42105222559056166
20260124_084550,2026-01-24T10:13:23.379911,15cedc7a9730972b927f01fdf3bc98946ca1b50a,lifetime_reward,64x64,48399,-0.6776506900787354,0.031691427781368235,1.0,0,0,0,,,0.42099349170937217
20260124_084550,2026-01-24T10:13:26.952009,15cedc7a9730972b927f01fdf3bc98946ca1b50a,lifetime_reward,64x64,48499,-0.058731675148010254,0.0314061293343066,1.0,0,0,0,,,0.4209286250168621
20260124_084550,2026-01-24T10:13:30.547199,15cedc7a9730972b927f01fdf3bc98946ca1b50a,lifetime_reward,64x64,48599,-0.539579451084137,0.03177831420386486,1.0,0,0,0,,,0.42088867414387965
20260124_084550,2026-01-24T10:13:34.297871,15cedc7a9730972b927f01fdf3bc98946ca1b50a,lifetime_reward,64x64,48699,-0.27684321999549866,0.03275204649656556,1.0,0,0,0,,,0.4210150993794103
20260124_084550,2026-01-24T10:13:38.035636,15cedc7a9730972b927f01fdf3bc98946ca1b50a,lifetime_reward,64x64,48799,-0.49534547328948975,0.031251829999769346,1.0,0,0,0,,,0.42097715387186796
20260124_084550,2026-01-24T10:13:41.765595,15cedc7a9730972b927f01fdf3bc98946ca1b50a,lifetime_reward,64x64,48899,-0.34534406661987305,0.03217671305539475,1.0,0,0,0,,,0.42103406656019754
20260124_084550,2026-01-24T10:13:45.351446,15cedc7a9730972b927f01fdf3bc98946ca1b50a,lifetime_reward,64x64,48999,-0.5560410618782043,0.03174966770588644,1.0,0,0,0,,,0.4209443315982493
20260124_084550,2026-01-24T10:13:48.936354,15cedc7a9730972b927f01fdf3bc98946ca1b50a,lifetime_reward,64x64,49099,-0.7894390225410461,0.03238481579810471,1.0,0,0,0,,,0.4210432812846244
20260124_084550,2026-01-24T10:13:52.645753,15cedc7a9730972b927f01fdf3bc98946ca1b50a,lifetime_reward,64x64,49199,-0.5262181758880615,0.03132607519503324,1.0,0,0,0,,,0.4209145537385346
20260124_084550,2026-01-24T10:13:56.286706,15cedc7a9730972b927f01fdf3bc98946ca1b50a,lifetime_reward,64x64,49299,-0.2595316767692566,0.03157922893671548,1.0,0,0,0,,,0.42097196826165073
20260124_084550,2026-01-24T10:13:59.932612,15cedc7a9730972b927f01fdf3bc98946ca1b50a,lifetime_reward,64x64,49399,-0.35477888584136963,0.033007439358044476,1.0,0,0,0,,,0.4210561987107324
20260124_084550,2026-01-24T10:14:03.583049,15cedc7a9730972b927f01fdf3bc98946ca1b50a,lifetime_reward,64x64,49499,-0.22241267561912537,0.03481052989736932,1.0,0,0,0,,,0.4208060320098316
20260124_084550,2026-01-24T10:14:07.173273,15cedc7a9730972b927f01fdf3bc98946ca1b50a,lifetime_reward,64x64,49599,-0.4047263264656067,0.033037905807910634,1.0,0,0,0,,,0.4210520482025518
20260124_084550,2026-01-24T10:14:10.785176,15cedc7a9730972b927f01fdf3bc98946ca1b50a,lifetime_reward,64x64,49699,-0.1889195442199707,0.03211853026871722,1.0,0,0,0,,,0.4210655008957081
20260124_084550,2026-01-24T10:14:14.508047,15cedc7a9730972b927f01fdf3bc98946ca1b50a,lifetime_reward,64x64,49799,-0.4414899945259094,0.03192282030669344,1.0,0,0,0,,,0.42102040478466074
20260124_084550,2026-01-24T10:14:18.228399,15cedc7a9730972b927f01fdf3bc98946ca1b50a,lifetime_reward,64x64,49899,-0.3912872076034546,0.032803630698940406,1.0,0,0,0,,,0.4210013865711341
20260124_084550,2026-01-24T10:14:21.957480,15cedc7a9730972b927f01fdf3bc98946ca1b50a,lifetime_reward,64x64,49999,-0.2866978049278259,0.03326144978549791,1.0,0,0,0,,,0.4210517564775796
