run_id,timestamp,git_hash,objective,network_size,epoch,loss,euler_fb_mean,euler_fb_finite_ratio,violation_count,warning_count,exception_flag,exception_type,exception_message,lifetime_reward_mean
20260123_221112,2026-01-23T22:11:12.894702,15cedc7a9730972b927f01fdf3bc98946ca1b50a,euler,8x8,0,1.8431445360183716,0.3566398749371001,1.0,0,0,0,,,-0.2946463267554882
20260123_221112,2026-01-23T22:11:13.455979,15cedc7a9730972b927f01fdf3bc98946ca1b50a,euler,8x8,99,0.18658128380775452,0.48010471590736414,1.0,0,0,0,,,-0.9753617728045958
20260123_221112,2026-01-23T22:11:14.027314,15cedc7a9730972b927f01fdf3bc98946ca1b50a,euler,8x8,199,0.08486337214708328,0.5085963311980595,1.0,0,0,0,,,-1.1421978784874938
20260123_221112,2026-01-23T22:11:14.598130,15cedc7a9730972b927f01fdf3bc98946ca1b50a,euler,8x8,299,0.0464310497045517,0.5181430428981548,1.0,0,0,0,,,-1.142364461723942
20260123_221112,2026-01-23T22:11:15.159713,15cedc7a9730972b927f01fdf3bc98946ca1b50a,euler,8x8,399,0.04209873825311661,0.510317909951118,1.0,0,0,0,,,-1.0112244670281463
20260123_221112,2026-01-23T22:11:15.718872,15cedc7a9730972b927f01fdf3bc98946ca1b50a,euler,8x8,499,0.04789304733276367,0.49872255086535006,1.0,0,0,0,,,-0.859273729354175
20260123_221112,2026-01-23T22:11:16.307318,15cedc7a9730972b927f01fdf3bc98946ca1b50a,euler,8x8,599,0.03441169485449791,0.4864095789020212,1.0,0,0,0,,,-0.7183291061912337
20260123_221112,2026-01-23T22:11:16.856909,15cedc7a9730972b927f01fdf3bc98946ca1b50a,euler,8x8,699,0.03758011385798454,0.4740144522954506,1.0,0,0,0,,,-0.5951352396959304
20260123_221112,2026-01-23T22:11:17.653913,15cedc7a9730972b927f01fdf3bc98946ca1b50a,euler,8x8,799,0.02676275745034218,0.46251639501606406,1.0,0,0,0,,,-0.4949785258917037
20260123_221112,2026-01-23T22:11:18.513570,15cedc7a9730972b927f01fdf3bc98946ca1b50a,euler,8x8,899,0.025856781750917435,0.45196864382705826,1.0,0,0,0,,,-0.4151495609752718
20260123_221112,2026-01-23T22:11:19.340174,15cedc7a9730972b927f01fdf3bc98946ca1b50a,euler,8x8,999,0.019706640392541885,0.4430363913394831,1.0,0,0,0,,,-0.3515874938961723
20260123_221112,2026-01-23T22:11:19.979862,15cedc7a9730972b927f01fdf3bc98946ca1b50a,euler,8x8,1099,0.017822977155447006,0.435367930200955,1.0,0,0,0,,,-0.2995022301874955
20260123_221112,2026-01-23T22:11:20.838016,15cedc7a9730972b927f01fdf3bc98946ca1b50a,euler,8x8,1199,0.01962917670607567,0.4282295069558313,1.0,0,0,0,,,-0.2516949026001217
20260123_221112,2026-01-23T22:11:21.499362,15cedc7a9730972b927f01fdf3bc98946ca1b50a,euler,8x8,1299,0.018427342176437378,0.42092068277823275,1.0,0,0,0,,,-0.20537785398695507
20260123_221112,2026-01-23T22:11:22.048814,15cedc7a9730972b927f01fdf3bc98946ca1b50a,euler,8x8,1399,0.017923234030604362,0.41291115795902444,1.0,0,0,0,,,-0.16101853353629764
20260123_221112,2026-01-23T22:11:22.598086,15cedc7a9730972b927f01fdf3bc98946ca1b50a,euler,8x8,1499,0.01123778335750103,0.4047776149150741,1.0,0,0,0,,,-0.12209709691729621
20260123_221112,2026-01-23T22:11:23.199756,15cedc7a9730972b927f01fdf3bc98946ca1b50a,euler,8x8,1599,0.009747040458023548,0.3944953938526305,1.0,0,0,0,,,-0.08195867376668689
20260123_221112,2026-01-23T22:11:23.785346,15cedc7a9730972b927f01fdf3bc98946ca1b50a,euler,8x8,1699,0.011466210708022118,0.3845361379058886,1.0,0,0,0,,,-0.04538941688188913
20260123_221112,2026-01-23T22:11:24.330577,15cedc7a9730972b927f01fdf3bc98946ca1b50a,euler,8x8,1799,0.010938593186438084,0.3720084170639166,1.0,0,0,0,,,-0.0059157936361235
20260123_221112,2026-01-23T22:11:24.918976,15cedc7a9730972b927f01fdf3bc98946ca1b50a,euler,8x8,1899,0.009322056546807289,0.3614000204005424,1.0,0,0,0,,,0.026554310869154295
20260123_221112,2026-01-23T22:11:25.469526,15cedc7a9730972b927f01fdf3bc98946ca1b50a,euler,8x8,1999,0.007925573736429214,0.3511465809447691,1.0,0,0,0,,,0.057234325990355425
20260123_221112,2026-01-23T22:11:26.022467,15cedc7a9730972b927f01fdf3bc98946ca1b50a,euler,8x8,2099,0.007682396098971367,0.3371994128775259,1.0,0,0,0,,,0.09205951329593673
20260123_221112,2026-01-23T22:11:26.573922,15cedc7a9730972b927f01fdf3bc98946ca1b50a,euler,8x8,2199,0.006339443847537041,0.32319784242761673,1.0,0,0,0,,,0.121864791618113
20260123_221112,2026-01-23T22:11:27.169282,15cedc7a9730972b927f01fdf3bc98946ca1b50a,euler,8x8,2299,0.003998211119323969,0.3034878123076487,1.0,0,0,0,,,0.15565336549150421
20260123_221112,2026-01-23T22:11:27.727556,15cedc7a9730972b927f01fdf3bc98946ca1b50a,euler,8x8,2399,0.004027592018246651,0.2840813382865599,1.0,0,0,0,,,0.18469116729611743
20260123_221112,2026-01-23T22:11:28.336441,15cedc7a9730972b927f01fdf3bc98946ca1b50a,euler,8x8,2499,0.0045285578817129135,0.26126582741540916,1.0,0,0,0,,,0.21565597930119515
20260123_221112,2026-01-23T22:11:28.898440,15cedc7a9730972b927f01fdf3bc98946ca1b50a,euler,8x8,2599,0.0034716418012976646,0.23609044812023058,1.0,0,0,0,,,0.24696498949517726
20260123_221112,2026-01-23T22:11:29.457720,15cedc7a9730972b927f01fdf3bc98946ca1b50a,euler,8x8,2699,0.004041262436658144,0.22062006050593483,1.0,0,0,0,,,0.26487841539997203
20260123_221112,2026-01-23T22:11:30.019672,15cedc7a9730972b927f01fdf3bc98946ca1b50a,euler,8x8,2799,0.0029129928443580866,0.2065113123266201,1.0,0,0,0,,,0.28020391098402875
20260123_221112,2026-01-23T22:11:30.579901,15cedc7a9730972b927f01fdf3bc98946ca1b50a,euler,8x8,2899,0.0027866195887327194,0.19532664517195372,1.0,0,0,0,,,0.29164304783435097
20260123_221112,2026-01-23T22:11:31.120457,15cedc7a9730972b927f01fdf3bc98946ca1b50a,euler,8x8,2999,0.003268372267484665,0.18298451901519003,1.0,0,0,0,,,0.30417835910809043
20260123_221112,2026-01-23T22:11:31.657257,15cedc7a9730972b927f01fdf3bc98946ca1b50a,euler,8x8,3099,0.002855994738638401,0.17088363251044938,1.0,0,0,0,,,0.3161996747407334
20260123_221112,2026-01-23T22:11:32.225269,15cedc7a9730972b927f01fdf3bc98946ca1b50a,euler,8x8,3199,0.002153625711798668,0.1653770582182733,1.0,0,0,0,,,0.32188628253032264
20260123_221112,2026-01-23T22:11:32.817162,15cedc7a9730972b927f01fdf3bc98946ca1b50a,euler,8x8,3299,0.001953328959643841,0.15759295438465415,1.0,0,0,0,,,0.32909728608759137
20260123_221112,2026-01-23T22:11:33.353078,15cedc7a9730972b927f01fdf3bc98946ca1b50a,euler,8x8,3399,0.0023600789718329906,0.14848909260000254,1.0,0,0,0,,,0.3375158576124485
20260123_221112,2026-01-23T22:11:33.891150,15cedc7a9730972b927f01fdf3bc98946ca1b50a,euler,8x8,3499,0.0024928899947553873,0.14377965084268907,1.0,0,0,0,,,0.34175947381396626
20260123_221112,2026-01-23T22:11:34.421793,15cedc7a9730972b927f01fdf3bc98946ca1b50a,euler,8x8,3599,0.0016431311378255486,0.14013206008222368,1.0,0,0,0,,,0.34484661769329683
20260123_221112,2026-01-23T22:11:34.959714,15cedc7a9730972b927f01fdf3bc98946ca1b50a,euler,8x8,3699,0.0013663249555975199,0.13555920686995704,1.0,0,0,0,,,0.34880325817497526
20260123_221112,2026-01-23T22:11:35.504336,15cedc7a9730972b927f01fdf3bc98946ca1b50a,euler,8x8,3799,0.0018111481331288815,0.133520477012853,1.0,0,0,0,,,0.350745844599023
20260123_221112,2026-01-23T22:11:36.075706,15cedc7a9730972b927f01fdf3bc98946ca1b50a,euler,8x8,3899,0.0018320297822356224,0.12941107840745644,1.0,0,0,0,,,0.35415935012812266
20260123_221112,2026-01-23T22:11:36.623212,15cedc7a9730972b927f01fdf3bc98946ca1b50a,euler,8x8,3999,0.0019271565834060311,0.12676861634509806,1.0,0,0,0,,,0.3561896869229608
20260123_221112,2026-01-23T22:11:37.171292,15cedc7a9730972b927f01fdf3bc98946ca1b50a,euler,8x8,4099,0.00190459075383842,0.12368120862704927,1.0,0,0,0,,,0.358755515570324
20260123_221112,2026-01-23T22:11:37.722625,15cedc7a9730972b927f01fdf3bc98946ca1b50a,euler,8x8,4199,0.00203402666375041,0.12199963384325202,1.0,0,0,0,,,0.36028735332117867
20260123_221112,2026-01-23T22:11:38.256365,15cedc7a9730972b927f01fdf3bc98946ca1b50a,euler,8x8,4299,0.001350762089714408,0.11978622475160591,1.0,0,0,0,,,0.3620822557168426
20260123_221112,2026-01-23T22:11:38.793685,15cedc7a9730972b927f01fdf3bc98946ca1b50a,euler,8x8,4399,0.0016969619318842888,0.11721786934504962,1.0,0,0,0,,,0.3640099690126267
20260123_221112,2026-01-23T22:11:39.326917,15cedc7a9730972b927f01fdf3bc98946ca1b50a,euler,8x8,4499,0.0019740285351872444,0.11488305699643206,1.0,0,0,0,,,0.36562832709504334
20260123_221112,2026-01-23T22:11:39.871368,15cedc7a9730972b927f01fdf3bc98946ca1b50a,euler,8x8,4599,0.0013821679167449474,0.11344666322718694,1.0,0,0,0,,,0.3667317344485216
20260123_221112,2026-01-23T22:11:40.421679,15cedc7a9730972b927f01fdf3bc98946ca1b50a,euler,8x8,4699,0.0020576592069119215,0.11109270287801337,1.0,0,0,0,,,0.3682995152323677
20260123_221112,2026-01-23T22:11:40.968052,15cedc7a9730972b927f01fdf3bc98946ca1b50a,euler,8x8,4799,0.0010819248855113983,0.1109826310124663,1.0,0,0,0,,,0.36888230330347366
20260123_221112,2026-01-23T22:11:41.505062,15cedc7a9730972b927f01fdf3bc98946ca1b50a,euler,8x8,4899,0.00113005714956671,0.10948139198623721,1.0,0,0,0,,,0.36999385104770555
20260123_221112,2026-01-23T22:11:42.038299,15cedc7a9730972b927f01fdf3bc98946ca1b50a,euler,8x8,4999,0.0014071217738091946,0.11008078966820904,1.0,0,0,0,,,0.3699584233170375
20260123_221112,2026-01-23T22:11:42.575025,15cedc7a9730972b927f01fdf3bc98946ca1b50a,euler,8x8,5099,0.0017222429160028696,0.10563814507470852,1.0,0,0,0,,,0.3726694936396145
20260123_221112,2026-01-23T22:11:43.108659,15cedc7a9730972b927f01fdf3bc98946ca1b50a,euler,8x8,5199,0.000947775668464601,0.10556358338276368,1.0,0,0,0,,,0.37299229188733896
20260123_221112,2026-01-23T22:11:43.640967,15cedc7a9730972b927f01fdf3bc98946ca1b50a,euler,8x8,5299,0.0007933530141599476,0.10601655087051767,1.0,0,0,0,,,0.37293998182683274
20260123_221112,2026-01-23T22:11:44.182660,15cedc7a9730972b927f01fdf3bc98946ca1b50a,euler,8x8,5399,0.001164961839094758,0.1056081858924881,1.0,0,0,0,,,0.37345445132858135
20260123_221112,2026-01-23T22:11:44.726968,15cedc7a9730972b927f01fdf3bc98946ca1b50a,euler,8x8,5499,0.0013208062155172229,0.10458911952501694,1.0,0,0,0,,,0.37415507920517527
20260123_221112,2026-01-23T22:11:45.337978,15cedc7a9730972b927f01fdf3bc98946ca1b50a,euler,8x8,5599,0.0012135279830545187,0.10318613402371739,1.0,0,0,0,,,0.3750360279315814
20260123_221112,2026-01-23T22:11:46.031530,15cedc7a9730972b927f01fdf3bc98946ca1b50a,euler,8x8,5699,0.0006425685714930296,0.10053000408104708,1.0,0,0,0,,,0.37667361891186957
20260123_221112,2026-01-23T22:11:46.848403,15cedc7a9730972b927f01fdf3bc98946ca1b50a,euler,8x8,5799,0.0015692191664129496,0.1005666199199004,1.0,0,0,0,,,0.37673507545876167
20260123_221112,2026-01-23T22:11:47.650975,15cedc7a9730972b927f01fdf3bc98946ca1b50a,euler,8x8,5899,0.0009762161644175649,0.09889711997947416,1.0,0,0,0,,,0.3774761616326305
20260123_221112,2026-01-23T22:11:48.304939,15cedc7a9730972b927f01fdf3bc98946ca1b50a,euler,8x8,5999,0.0011855787597596645,0.09664158312287782,1.0,0,0,0,,,0.3788969525006512
20260123_221112,2026-01-23T22:11:48.842657,15cedc7a9730972b927f01fdf3bc98946ca1b50a,euler,8x8,6099,0.001437688828445971,0.09701636573593532,1.0,0,0,0,,,0.37868731279069395
20260123_221112,2026-01-23T22:11:49.377996,15cedc7a9730972b927f01fdf3bc98946ca1b50a,euler,8x8,6199,0.0008329568663612008,0.09438248055696931,1.0,0,0,0,,,0.38044314832745385
20260123_221112,2026-01-23T22:11:49.917338,15cedc7a9730972b927f01fdf3bc98946ca1b50a,euler,8x8,6299,0.0019261094275861979,0.09554677881860699,1.0,0,0,0,,,0.37974329110301075
20260123_221112,2026-01-23T22:11:50.482817,15cedc7a9730972b927f01fdf3bc98946ca1b50a,euler,8x8,6399,0.0009871581569314003,0.0916620616471846,1.0,0,0,0,,,0.3819183724813355
20260123_221112,2026-01-23T22:11:51.015762,15cedc7a9730972b927f01fdf3bc98946ca1b50a,euler,8x8,6499,0.001480350038036704,0.09186131367966936,1.0,0,0,0,,,0.3810676557490622
20260123_221112,2026-01-23T22:11:51.540001,15cedc7a9730972b927f01fdf3bc98946ca1b50a,euler,8x8,6599,0.0006868839263916016,0.08987115503068707,1.0,0,0,0,,,0.38204537801360827
20260123_221112,2026-01-23T22:11:52.062160,15cedc7a9730972b927f01fdf3bc98946ca1b50a,euler,8x8,6699,0.0005698468303307891,0.08548859827350498,1.0,0,0,0,,,0.38404356568180814
20260123_221112,2026-01-23T22:11:52.590805,15cedc7a9730972b927f01fdf3bc98946ca1b50a,euler,8x8,6799,0.001050652121193707,0.08514349142088577,1.0,0,0,0,,,0.3840392642426417
20260123_221112,2026-01-23T22:11:53.164644,15cedc7a9730972b927f01fdf3bc98946ca1b50a,euler,8x8,6899,0.0010650744661688805,0.08320206543104178,1.0,0,0,0,,,0.3848790317694769
20260123_221112,2026-01-23T22:11:53.690130,15cedc7a9730972b927f01fdf3bc98946ca1b50a,euler,8x8,6999,0.0008646874921396375,0.08234795225406742,1.0,0,0,0,,,0.38518855609370145
20260123_221112,2026-01-23T22:11:54.211950,15cedc7a9730972b927f01fdf3bc98946ca1b50a,euler,8x8,7099,0.0007222091080620885,0.07874333155798922,1.0,0,0,0,,,0.3867451180299973
20260123_221112,2026-01-23T22:11:54.782416,15cedc7a9730972b927f01fdf3bc98946ca1b50a,euler,8x8,7199,0.0008427377324551344,0.07848526386114373,1.0,0,0,0,,,0.38603376507673914
20260123_221112,2026-01-23T22:11:55.350436,15cedc7a9730972b927f01fdf3bc98946ca1b50a,euler,8x8,7299,0.0010463008657097816,0.07601094432784067,1.0,0,0,0,,,0.3871202151054317
20260123_221112,2026-01-23T22:11:55.931527,15cedc7a9730972b927f01fdf3bc98946ca1b50a,euler,8x8,7399,0.00087115349015221,0.07274837952926645,1.0,0,0,0,,,0.3873555242788434
20260123_221112,2026-01-23T22:11:56.466295,15cedc7a9730972b927f01fdf3bc98946ca1b50a,euler,8x8,7499,0.0008697315352037549,0.07168264882065159,1.0,0,0,0,,,0.3878100484042537
20260123_221112,2026-01-23T22:11:57.073178,15cedc7a9730972b927f01fdf3bc98946ca1b50a,euler,8x8,7599,0.0005927631282247603,0.07130953025790404,1.0,0,0,0,,,0.3885847012574135
20260123_221112,2026-01-23T22:11:57.609117,15cedc7a9730972b927f01fdf3bc98946ca1b50a,euler,8x8,7699,0.0009919332806020975,0.06772203517281468,1.0,0,0,0,,,0.389555212966071
20260123_221112,2026-01-23T22:11:58.155635,15cedc7a9730972b927f01fdf3bc98946ca1b50a,euler,8x8,7799,0.0007309397915378213,0.06759259286021461,1.0,0,0,0,,,0.3897241853749072
20260123_221112,2026-01-23T22:11:58.688330,15cedc7a9730972b927f01fdf3bc98946ca1b50a,euler,8x8,7899,0.0009157797321677208,0.06460638650152305,1.0,0,0,0,,,0.38985480444626763
20260123_221112,2026-01-23T22:11:59.277346,15cedc7a9730972b927f01fdf3bc98946ca1b50a,euler,8x8,7999,0.0005046766018494964,0.06256721438434397,1.0,0,0,0,,,0.3912177646650904
20260123_221112,2026-01-23T22:11:59.812934,15cedc7a9730972b927f01fdf3bc98946ca1b50a,euler,8x8,8099,0.0005617373390123248,0.060850688713976524,1.0,0,0,0,,,0.3911602255082477
20260123_221112,2026-01-23T22:12:00.391232,15cedc7a9730972b927f01fdf3bc98946ca1b50a,euler,8x8,8199,0.0008093459182418883,0.060848207058056686,1.0,0,0,0,,,0.391798339198156
20260123_221112,2026-01-23T22:12:00.976512,15cedc7a9730972b927f01fdf3bc98946ca1b50a,euler,8x8,8299,0.0005663185147568583,0.05870940916290692,1.0,0,0,0,,,0.39215572637320795
20260123_221112,2026-01-23T22:12:01.563965,15cedc7a9730972b927f01fdf3bc98946ca1b50a,euler,8x8,8399,0.0010178744560107589,0.05561166521556061,1.0,0,0,0,,,0.3942461740735573
20260123_221112,2026-01-23T22:12:02.103465,15cedc7a9730972b927f01fdf3bc98946ca1b50a,euler,8x8,8499,0.0008326487732119858,0.05618059644784808,1.0,0,0,0,,,0.3942396272408893
20260123_221112,2026-01-23T22:12:02.640185,15cedc7a9730972b927f01fdf3bc98946ca1b50a,euler,8x8,8599,0.000938963727094233,0.05664076519419723,1.0,0,0,0,,,0.3939165776012598
20260123_221112,2026-01-23T22:12:03.223341,15cedc7a9730972b927f01fdf3bc98946ca1b50a,euler,8x8,8699,0.0008268398232758045,0.053997516181439095,1.0,0,0,0,,,0.3943141087110742
20260123_221112,2026-01-23T22:12:03.771785,15cedc7a9730972b927f01fdf3bc98946ca1b50a,euler,8x8,8799,0.000884035718627274,0.05388749781377555,1.0,0,0,0,,,0.3949945459118329
20260123_221112,2026-01-23T22:12:04.308082,15cedc7a9730972b927f01fdf3bc98946ca1b50a,euler,8x8,8899,0.001054670661687851,0.05319332978852799,1.0,0,0,0,,,0.3944912584372231
20260123_221112,2026-01-23T22:12:04.854830,15cedc7a9730972b927f01fdf3bc98946ca1b50a,euler,8x8,8999,0.0012014154344797134,0.051454797874798716,1.0,0,0,0,,,0.39433084504181953
20260123_221112,2026-01-23T22:12:05.398414,15cedc7a9730972b927f01fdf3bc98946ca1b50a,euler,8x8,9099,0.0008263085037469864,0.04995025609348886,1.0,0,0,0,,,0.39612554952754175
20260123_221112,2026-01-23T22:12:05.953637,15cedc7a9730972b927f01fdf3bc98946ca1b50a,euler,8x8,9199,0.0011682071490213275,0.05073146056808582,1.0,0,0,0,,,0.39502912823827796
20260123_221112,2026-01-23T22:12:06.583538,15cedc7a9730972b927f01fdf3bc98946ca1b50a,euler,8x8,9299,0.0008046093862503767,0.04937674821157998,1.0,0,0,0,,,0.3956696422720496
20260123_221112,2026-01-23T22:12:07.186734,15cedc7a9730972b927f01fdf3bc98946ca1b50a,euler,8x8,9399,0.0008622813038527966,0.04802588063983876,1.0,0,0,0,,,0.3971974988056515
20260123_221112,2026-01-23T22:12:07.849894,15cedc7a9730972b927f01fdf3bc98946ca1b50a,euler,8x8,9499,0.0008879862725734711,0.046586314809790114,1.0,0,0,0,,,0.39706442642780804
20260123_221112,2026-01-23T22:12:08.417970,15cedc7a9730972b927f01fdf3bc98946ca1b50a,euler,8x8,9599,0.0005430857418105006,0.045636029821125704,1.0,0,0,0,,,0.39715375659677354
20260123_221112,2026-01-23T22:12:09.060360,15cedc7a9730972b927f01fdf3bc98946ca1b50a,euler,8x8,9699,0.0008874570485204458,0.04620754231009869,1.0,0,0,0,,,0.3966025574217134
20260123_221112,2026-01-23T22:12:09.628569,15cedc7a9730972b927f01fdf3bc98946ca1b50a,euler,8x8,9799,0.0008103071013465524,0.04697134966578915,1.0,0,0,0,,,0.3967327771551724
20260123_221112,2026-01-23T22:12:10.167957,15cedc7a9730972b927f01fdf3bc98946ca1b50a,euler,8x8,9899,0.0006408195476979017,0.04541264602832143,1.0,0,0,0,,,0.39872095483525866
20260123_221112,2026-01-23T22:12:10.718425,15cedc7a9730972b927f01fdf3bc98946ca1b50a,euler,8x8,9999,0.0004573985352180898,0.045051735604793065,1.0,0,0,0,,,0.39730265788683494
20260123_221112,2026-01-23T22:12:11.307051,15cedc7a9730972b927f01fdf3bc98946ca1b50a,euler,8x8,10099,0.0006792483618482947,0.04388074557943128,1.0,0,0,0,,,0.39888420174705397
20260123_221112,2026-01-23T22:12:11.868465,15cedc7a9730972b927f01fdf3bc98946ca1b50a,euler,8x8,10199,0.0009716701461002231,0.04510053519879875,1.0,0,0,0,,,0.39830920687929006
20260123_221112,2026-01-23T22:12:12.414990,15cedc7a9730972b927f01fdf3bc98946ca1b50a,euler,8x8,10299,0.000572076125536114,0.04208961891867375,1.0,0,0,0,,,0.3993596609371461
20260123_221112,2026-01-23T22:12:12.966702,15cedc7a9730972b927f01fdf3bc98946ca1b50a,euler,8x8,10399,0.000524517148733139,0.0419491828693549,1.0,0,0,0,,,0.3993109080582836
20260123_221112,2026-01-23T22:12:13.564157,15cedc7a9730972b927f01fdf3bc98946ca1b50a,euler,8x8,10499,0.0003563041682355106,0.04286476439829357,1.0,0,0,0,,,0.399018233704868
20260123_221112,2026-01-23T22:12:14.126650,15cedc7a9730972b927f01fdf3bc98946ca1b50a,euler,8x8,10599,0.00047777112922631204,0.042874918825539225,1.0,0,0,0,,,0.39883600482736137
20260123_221112,2026-01-23T22:12:14.690855,15cedc7a9730972b927f01fdf3bc98946ca1b50a,euler,8x8,10699,0.0003973880666308105,0.044332746013321864,1.0,0,0,0,,,0.39792955071993036
20260123_221112,2026-01-23T22:12:15.287066,15cedc7a9730972b927f01fdf3bc98946ca1b50a,euler,8x8,10799,0.000882533029653132,0.043192443951506905,1.0,0,0,0,,,0.3998118017915855
20260123_221112,2026-01-23T22:12:15.879351,15cedc7a9730972b927f01fdf3bc98946ca1b50a,euler,8x8,10899,0.0009369448525831103,0.04068464070108121,1.0,0,0,0,,,0.40049302584631585
20260123_221112,2026-01-23T22:12:16.458292,15cedc7a9730972b927f01fdf3bc98946ca1b50a,euler,8x8,10999,0.0005407566204667091,0.04217010360127233,1.0,0,0,0,,,0.3999261013271696
20260123_221112,2026-01-23T22:12:17.081021,15cedc7a9730972b927f01fdf3bc98946ca1b50a,euler,8x8,11099,0.0007351160747930408,0.043729739543923646,1.0,0,0,0,,,0.39878424472482027
20260123_221112,2026-01-23T22:12:17.855813,15cedc7a9730972b927f01fdf3bc98946ca1b50a,euler,8x8,11199,0.0005490012117661536,0.0411226283355245,1.0,0,0,0,,,0.4002719832430404
20260123_221112,2026-01-23T22:12:18.490506,15cedc7a9730972b927f01fdf3bc98946ca1b50a,euler,8x8,11299,0.0002632155083119869,0.0404150742191473,1.0,0,0,0,,,0.3994163972083952
20260123_221112,2026-01-23T22:12:19.064149,15cedc7a9730972b927f01fdf3bc98946ca1b50a,euler,8x8,11399,0.0003195212339051068,0.0385434487897578,1.0,0,0,0,,,0.40178604467041623
20260123_221112,2026-01-23T22:12:19.684164,15cedc7a9730972b927f01fdf3bc98946ca1b50a,euler,8x8,11499,0.00035001631476916373,0.03901980963230699,1.0,0,0,0,,,0.4011750317285947
20260123_221112,2026-01-23T22:12:20.260558,15cedc7a9730972b927f01fdf3bc98946ca1b50a,euler,8x8,11599,0.0007104904507286847,0.03659870695072413,1.0,0,0,0,,,0.40138751261395167
20260123_221112,2026-01-23T22:12:20.836107,15cedc7a9730972b927f01fdf3bc98946ca1b50a,euler,8x8,11699,0.0008271962869912386,0.03987919504426827,1.0,0,0,0,,,0.400603325594162
20260123_221112,2026-01-23T22:12:21.409973,15cedc7a9730972b927f01fdf3bc98946ca1b50a,euler,8x8,11799,0.0006515111890621483,0.04276982810546315,1.0,0,0,0,,,0.3992806768313406
20260123_221112,2026-01-23T22:12:21.986720,15cedc7a9730972b927f01fdf3bc98946ca1b50a,euler,8x8,11899,0.000959993340075016,0.039983069284664906,1.0,0,0,0,,,0.40096397351827706
20260123_221112,2026-01-23T22:12:22.556929,15cedc7a9730972b927f01fdf3bc98946ca1b50a,euler,8x8,11999,0.0004710970970336348,0.038206448660089334,1.0,0,0,0,,,0.40156763219063535
20260123_221112,2026-01-23T22:12:23.134505,15cedc7a9730972b927f01fdf3bc98946ca1b50a,euler,8x8,12099,0.00043126795208081603,0.03801270673951876,1.0,0,0,0,,,0.40181789896015185
20260123_221112,2026-01-23T22:12:23.732585,15cedc7a9730972b927f01fdf3bc98946ca1b50a,euler,8x8,12199,0.0005415722262114286,0.03637638585240211,1.0,0,0,0,,,0.4025741981251884
20260123_221112,2026-01-23T22:12:24.298309,15cedc7a9730972b927f01fdf3bc98946ca1b50a,euler,8x8,12299,0.0007641835254617035,0.03780683354413327,1.0,0,0,0,,,0.4018318635465895
20260123_221112,2026-01-23T22:12:24.846657,15cedc7a9730972b927f01fdf3bc98946ca1b50a,euler,8x8,12399,0.0005686274380423129,0.03742044879283185,1.0,0,0,0,,,0.4019192540781542
20260123_221112,2026-01-23T22:12:25.403409,15cedc7a9730972b927f01fdf3bc98946ca1b50a,euler,8x8,12499,0.0003865544858854264,0.034753064535154865,1.0,0,0,0,,,0.4030412663983014
20260123_221112,2026-01-23T22:12:25.986802,15cedc7a9730972b927f01fdf3bc98946ca1b50a,euler,8x8,12599,0.0006698845536448061,0.03661303904987221,1.0,0,0,0,,,0.401907543050438
20260123_221112,2026-01-23T22:12:26.542419,15cedc7a9730972b927f01fdf3bc98946ca1b50a,euler,8x8,12699,0.0004623433342203498,0.03752532257295115,1.0,0,0,0,,,0.4015789815084071
20260123_221112,2026-01-23T22:12:27.092823,15cedc7a9730972b927f01fdf3bc98946ca1b50a,euler,8x8,12799,0.00047894968884065747,0.03288700378465819,1.0,0,0,0,,,0.40396223878085413
20260123_221112,2026-01-23T22:12:27.646773,15cedc7a9730972b927f01fdf3bc98946ca1b50a,euler,8x8,12899,0.0006295687635429204,0.04030597454585177,1.0,0,0,0,,,0.40074403127349156
20260123_221112,2026-01-23T22:12:28.219638,15cedc7a9730972b927f01fdf3bc98946ca1b50a,euler,8x8,12999,0.00044114948832429945,0.03587998849362975,1.0,0,0,0,,,0.4026011339693014
20260123_221112,2026-01-23T22:12:28.807028,15cedc7a9730972b927f01fdf3bc98946ca1b50a,euler,8x8,13099,0.00045385619159787893,0.03568494726514928,1.0,0,0,0,,,0.402574994628195
20260123_221112,2026-01-23T22:12:29.356080,15cedc7a9730972b927f01fdf3bc98946ca1b50a,euler,8x8,13199,0.00024028444022405893,0.03587103484328054,1.0,0,0,0,,,0.4028091787122218
20260123_221112,2026-01-23T22:12:29.892356,15cedc7a9730972b927f01fdf3bc98946ca1b50a,euler,8x8,13299,0.0007603670237585902,0.0375430977717906,1.0,0,0,0,,,0.4022594915471982
20260123_221112,2026-01-23T22:12:30.453913,15cedc7a9730972b927f01fdf3bc98946ca1b50a,euler,8x8,13399,0.00035956548526883125,0.035017707396391415,1.0,0,0,0,,,0.40341059818402647
20260123_221112,2026-01-23T22:12:31.081244,15cedc7a9730972b927f01fdf3bc98946ca1b50a,euler,8x8,13499,0.0005622420576401055,0.03384998006918181,1.0,0,0,0,,,0.40368681910659754
20260123_221112,2026-01-23T22:12:31.639306,15cedc7a9730972b927f01fdf3bc98946ca1b50a,euler,8x8,13599,0.0005535319214686751,0.03507773296057394,1.0,0,0,0,,,0.4028966565385901
20260123_221112,2026-01-23T22:12:32.230422,15cedc7a9730972b927f01fdf3bc98946ca1b50a,euler,8x8,13699,0.0003482483443804085,0.03413999661155685,1.0,0,0,0,,,0.40349218289135824
20260123_221112,2026-01-23T22:12:32.780510,15cedc7a9730972b927f01fdf3bc98946ca1b50a,euler,8x8,13799,0.0006764517747797072,0.035369788705511385,1.0,0,0,0,,,0.4027574158160785
20260123_221112,2026-01-23T22:12:33.338279,15cedc7a9730972b927f01fdf3bc98946ca1b50a,euler,8x8,13899,0.0005368926213122904,0.03373274000814604,1.0,0,0,0,,,0.4040098143203853
20260123_221112,2026-01-23T22:12:33.884459,15cedc7a9730972b927f01fdf3bc98946ca1b50a,euler,8x8,13999,8.634022378828377e-05,0.03345324718149414,1.0,0,0,0,,,0.40409913550891075
20260123_221112,2026-01-23T22:12:34.424605,15cedc7a9730972b927f01fdf3bc98946ca1b50a,euler,8x8,14099,0.0006102172192186117,0.034582951765455616,1.0,0,0,0,,,0.4030484405565021
20260123_221112,2026-01-23T22:12:34.980122,15cedc7a9730972b927f01fdf3bc98946ca1b50a,euler,8x8,14199,0.00021519596339203417,0.03429019438862269,1.0,0,0,0,,,0.4030649961924426
20260123_221112,2026-01-23T22:12:35.566759,15cedc7a9730972b927f01fdf3bc98946ca1b50a,euler,8x8,14299,0.0006052310927771032,0.03694612102505971,1.0,0,0,0,,,0.40193878351706924
20260123_221112,2026-01-23T22:12:36.155607,15cedc7a9730972b927f01fdf3bc98946ca1b50a,euler,8x8,14399,0.00042062581633217633,0.03362753985336212,1.0,0,0,0,,,0.403789925159256
20260123_221112,2026-01-23T22:12:36.716355,15cedc7a9730972b927f01fdf3bc98946ca1b50a,euler,8x8,14499,0.0001726598129607737,0.03469824191352813,1.0,0,0,0,,,0.40299224694204255
20260123_221112,2026-01-23T22:12:37.273984,15cedc7a9730972b927f01fdf3bc98946ca1b50a,euler,8x8,14599,0.0003906190977431834,0.03170952640821838,1.0,0,0,0,,,0.4046350339270255
20260123_221112,2026-01-23T22:12:37.832806,15cedc7a9730972b927f01fdf3bc98946ca1b50a,euler,8x8,14699,0.0004632222407963127,0.031117134731595116,1.0,0,0,0,,,0.4050846520949381
20260123_221112,2026-01-23T22:12:38.392713,15cedc7a9730972b927f01fdf3bc98946ca1b50a,euler,8x8,14799,5.581710138358176e-05,0.03383305602056339,1.0,0,0,0,,,0.4035913394998813
20260123_221112,2026-01-23T22:12:38.936393,15cedc7a9730972b927f01fdf3bc98946ca1b50a,euler,8x8,14899,7.913984882179648e-05,0.03671690851309222,1.0,0,0,0,,,0.4023172343709227
20260123_221112,2026-01-23T22:12:39.493537,15cedc7a9730972b927f01fdf3bc98946ca1b50a,euler,8x8,14999,0.0009202390210703015,0.03544241848449474,1.0,0,0,0,,,0.40271287189860716
20260123_221112,2026-01-23T22:12:40.068796,15cedc7a9730972b927f01fdf3bc98946ca1b50a,euler,8x8,15099,0.00010912501602433622,0.03313855246119374,1.0,0,0,0,,,0.4041648936293253
20260123_221112,2026-01-23T22:12:40.632928,15cedc7a9730972b927f01fdf3bc98946ca1b50a,euler,8x8,15199,0.000532450620085001,0.03261516699846993,1.0,0,0,0,,,0.4040804325242285
20260123_221112,2026-01-23T22:12:41.177224,15cedc7a9730972b927f01fdf3bc98946ca1b50a,euler,8x8,15299,0.0004169862950220704,0.033519782540359984,1.0,0,0,0,,,0.4038216768173789
20260123_221112,2026-01-23T22:12:41.757373,15cedc7a9730972b927f01fdf3bc98946ca1b50a,euler,8x8,15399,0.0007375742425210774,0.033010450254391796,1.0,0,0,0,,,0.40429477761728905
20260123_221112,2026-01-23T22:12:42.307098,15cedc7a9730972b927f01fdf3bc98946ca1b50a,euler,8x8,15499,0.00044409616384655237,0.03245513440990635,1.0,0,0,0,,,0.40456065046837775
20260123_221112,2026-01-23T22:12:42.861452,15cedc7a9730972b927f01fdf3bc98946ca1b50a,euler,8x8,15599,0.0008050500182434916,0.03438062950907692,1.0,0,0,0,,,0.403729476048446
20260123_221112,2026-01-23T22:12:43.406106,15cedc7a9730972b927f01fdf3bc98946ca1b50a,euler,8x8,15699,0.00025901669869199395,0.03553043895967448,1.0,0,0,0,,,0.40330023048669716
20260123_221112,2026-01-23T22:12:43.981694,15cedc7a9730972b927f01fdf3bc98946ca1b50a,euler,8x8,15799,0.000552512938156724,0.03417046229338666,1.0,0,0,0,,,0.40349809830815186
20260123_221112,2026-01-23T22:12:44.593261,15cedc7a9730972b927f01fdf3bc98946ca1b50a,euler,8x8,15899,0.00038815278094261885,0.035913589921800625,1.0,0,0,0,,,0.4029475082337504
20260123_221112,2026-01-23T22:12:45.173091,15cedc7a9730972b927f01fdf3bc98946ca1b50a,euler,8x8,15999,-1.1225529306102544e-05,0.035969354592266425,1.0,0,0,0,,,0.40313815556573707
20260123_221112,2026-01-23T22:12:45.788202,15cedc7a9730972b927f01fdf3bc98946ca1b50a,euler,8x8,16099,7.614464993821457e-05,0.03768609858996115,1.0,0,0,0,,,0.40236737975926856
20260123_221112,2026-01-23T22:12:46.571223,15cedc7a9730972b927f01fdf3bc98946ca1b50a,euler,8x8,16199,0.0007863745559006929,0.03145410201538994,1.0,0,0,0,,,0.4049190488956145
20260123_221112,2026-01-23T22:12:47.524141,15cedc7a9730972b927f01fdf3bc98946ca1b50a,euler,8x8,16299,0.0005034045316278934,0.029571803154634608,1.0,0,0,0,,,0.40615657481508904
20260123_221112,2026-01-23T22:12:48.318219,15cedc7a9730972b927f01fdf3bc98946ca1b50a,euler,8x8,16399,0.000693734735250473,0.03245748929651654,1.0,0,0,0,,,0.40467371297715804
20260123_221112,2026-01-23T22:12:48.870084,15cedc7a9730972b927f01fdf3bc98946ca1b50a,euler,8x8,16499,0.0002269631950184703,0.038253797304950016,1.0,0,0,0,,,0.4020116412731103
20260123_221112,2026-01-23T22:12:49.413564,15cedc7a9730972b927f01fdf3bc98946ca1b50a,euler,8x8,16599,0.00042787869460880756,0.03474112009869032,1.0,0,0,0,,,0.40353855085572465
20260123_221112,2026-01-23T22:12:49.997224,15cedc7a9730972b927f01fdf3bc98946ca1b50a,euler,8x8,16699,0.0004470254934858531,0.032676717360384376,1.0,0,0,0,,,0.4048126729731854
20260123_221112,2026-01-23T22:12:50.534080,15cedc7a9730972b927f01fdf3bc98946ca1b50a,euler,8x8,16799,0.0008751269779168069,0.034912257632682894,1.0,0,0,0,,,0.4032226532774815
20260123_221112,2026-01-23T22:12:51.091169,15cedc7a9730972b927f01fdf3bc98946ca1b50a,euler,8x8,16899,0.0003016084083355963,0.03521406838282928,1.0,0,0,0,,,0.40299993236297743
20260123_221112,2026-01-23T22:12:51.674783,15cedc7a9730972b927f01fdf3bc98946ca1b50a,euler,8x8,16999,0.0001656523672863841,0.035160342942945136,1.0,0,0,0,,,0.40324027227923775
20260123_221112,2026-01-23T22:12:52.235544,15cedc7a9730972b927f01fdf3bc98946ca1b50a,euler,8x8,17099,0.0005535640520974994,0.03401163930919893,1.0,0,0,0,,,0.4043286491600783
20260123_221112,2026-01-23T22:12:52.779593,15cedc7a9730972b927f01fdf3bc98946ca1b50a,euler,8x8,17199,0.0006474450929090381,0.03311155830846474,1.0,0,0,0,,,0.4047377701480567
20260123_221112,2026-01-23T22:12:53.322839,15cedc7a9730972b927f01fdf3bc98946ca1b50a,euler,8x8,17299,0.00040242908289656043,0.03638314987667627,1.0,0,0,0,,,0.4030486419413516
20260123_221112,2026-01-23T22:12:53.902332,15cedc7a9730972b927f01fdf3bc98946ca1b50a,euler,8x8,17399,0.0005780691863037646,0.036527120380843596,1.0,0,0,0,,,0.4033763962461658
20260123_221112,2026-01-23T22:12:54.460687,15cedc7a9730972b927f01fdf3bc98946ca1b50a,euler,8x8,17499,0.0005815783515572548,0.03432981969622574,1.0,0,0,0,,,0.4039986631761078
20260123_221112,2026-01-23T22:12:55.008238,15cedc7a9730972b927f01fdf3bc98946ca1b50a,euler,8x8,17599,0.0002266586961923167,0.03293256408644765,1.0,0,0,0,,,0.40490466260604235
20260123_221112,2026-01-23T22:12:55.587579,15cedc7a9730972b927f01fdf3bc98946ca1b50a,euler,8x8,17699,0.0007189062889665365,0.03176927131263483,1.0,0,0,0,,,0.405344225070944
20260123_221112,2026-01-23T22:12:56.141626,15cedc7a9730972b927f01fdf3bc98946ca1b50a,euler,8x8,17799,0.0005184485344216228,0.03791864174032639,1.0,0,0,0,,,0.40240559762308337
20260123_221112,2026-01-23T22:12:56.696206,15cedc7a9730972b927f01fdf3bc98946ca1b50a,euler,8x8,17899,0.000686317915096879,0.03718009479541252,1.0,0,0,0,,,0.4024571278614919
20260123_221112,2026-01-23T22:12:57.254491,15cedc7a9730972b927f01fdf3bc98946ca1b50a,euler,8x8,17999,0.00036440315307118,0.03548986963339985,1.0,0,0,0,,,0.4034396664248874
20260123_221112,2026-01-23T22:12:57.799247,15cedc7a9730972b927f01fdf3bc98946ca1b50a,euler,8x8,18099,0.0005448918091133237,0.03792612853828814,1.0,0,0,0,,,0.40263860871229623
20260123_221112,2026-01-23T22:12:58.409546,15cedc7a9730972b927f01fdf3bc98946ca1b50a,euler,8x8,18199,0.0004429504624567926,0.03545898875703642,1.0,0,0,0,,,0.4034566533446
20260123_221112,2026-01-23T22:12:58.966745,15cedc7a9730972b927f01fdf3bc98946ca1b50a,euler,8x8,18299,0.0007372357649728656,0.035701782067076235,1.0,0,0,0,,,0.40365363554834566
20260123_221112,2026-01-23T22:12:59.525247,15cedc7a9730972b927f01fdf3bc98946ca1b50a,euler,8x8,18399,0.0006901613669469953,0.035056261477693626,1.0,0,0,0,,,0.40353046747074506
20260123_221112,2026-01-23T22:13:00.135193,15cedc7a9730972b927f01fdf3bc98946ca1b50a,euler,8x8,18499,0.0007184980786405504,0.03745513358555058,1.0,0,0,0,,,0.40284215609676366
20260123_221112,2026-01-23T22:13:00.700539,15cedc7a9730972b927f01fdf3bc98946ca1b50a,euler,8x8,18599,0.0005091705243103206,0.03201887720434229,1.0,0,0,0,,,0.4053452974518972
20260123_221112,2026-01-23T22:13:01.267725,15cedc7a9730972b927f01fdf3bc98946ca1b50a,euler,8x8,18699,0.00023364719527307898,0.032664603744767644,1.0,0,0,0,,,0.4043381598905255
20260123_221112,2026-01-23T22:13:01.876820,15cedc7a9730972b927f01fdf3bc98946ca1b50a,euler,8x8,18799,0.00045973219675943255,0.035960520006844944,1.0,0,0,0,,,0.4035052552772641
20260123_221112,2026-01-23T22:13:02.478307,15cedc7a9730972b927f01fdf3bc98946ca1b50a,euler,8x8,18899,0.0004970759619027376,0.03519486768607862,1.0,0,0,0,,,0.403554979998977
20260123_221112,2026-01-23T22:13:03.046052,15cedc7a9730972b927f01fdf3bc98946ca1b50a,euler,8x8,18999,0.0005021991091780365,0.02915431552104451,1.0,0,0,0,,,0.40630596187514983
20260123_221112,2026-01-23T22:13:03.657794,15cedc7a9730972b927f01fdf3bc98946ca1b50a,euler,8x8,19099,0.0007075059111230075,0.02851873802895625,1.0,0,0,0,,,0.4064567582178402
20260123_221112,2026-01-23T22:13:04.245649,15cedc7a9730972b927f01fdf3bc98946ca1b50a,euler,8x8,19199,8.670613169670105e-05,0.03259514353304098,1.0,0,0,0,,,0.4046185803502236
20260123_221112,2026-01-23T22:13:04.835932,15cedc7a9730972b927f01fdf3bc98946ca1b50a,euler,8x8,19299,0.00041601184057071805,0.029628710777565175,1.0,0,0,0,,,0.4059912743755934
20260123_221112,2026-01-23T22:13:05.406808,15cedc7a9730972b927f01fdf3bc98946ca1b50a,euler,8x8,19399,0.0005591359222307801,0.033811197921313575,1.0,0,0,0,,,0.40338076346670604
20260123_221112,2026-01-23T22:13:05.974581,15cedc7a9730972b927f01fdf3bc98946ca1b50a,euler,8x8,19499,0.0002894253411795944,0.03285298821178231,1.0,0,0,0,,,0.4045584384691846
20260123_221112,2026-01-23T22:13:06.581124,15cedc7a9730972b927f01fdf3bc98946ca1b50a,euler,8x8,19599,0.0006686942069791257,0.03145477618509972,1.0,0,0,0,,,0.40501183461389956
20260123_221112,2026-01-23T22:13:07.152527,15cedc7a9730972b927f01fdf3bc98946ca1b50a,euler,8x8,19699,0.00039850486791692674,0.035198338209083885,1.0,0,0,0,,,0.40371815454654597
20260123_221112,2026-01-23T22:13:07.696160,15cedc7a9730972b927f01fdf3bc98946ca1b50a,euler,8x8,19799,0.0002930462942458689,0.033467934814773344,1.0,0,0,0,,,0.4037165842954415
20260123_221112,2026-01-23T22:13:08.245401,15cedc7a9730972b927f01fdf3bc98946ca1b50a,euler,8x8,19899,0.00050895637832582,0.03490894204126448,1.0,0,0,0,,,0.40373753913799304
20260123_221112,2026-01-23T22:13:08.799663,15cedc7a9730972b927f01fdf3bc98946ca1b50a,euler,8x8,19999,0.0009100229945033789,0.033887173943462585,1.0,0,0,0,,,0.4037240175425921
20260123_221112,2026-01-23T22:13:09.351631,15cedc7a9730972b927f01fdf3bc98946ca1b50a,euler,8x8,20099,0.0007255186792463064,0.030603947190531926,1.0,0,0,0,,,0.40498271431220334
20260123_221112,2026-01-23T22:13:09.937559,15cedc7a9730972b927f01fdf3bc98946ca1b50a,euler,8x8,20199,0.0002262976486235857,0.03494639055224752,1.0,0,0,0,,,0.4033780979908947
20260123_221112,2026-01-23T22:13:10.507441,15cedc7a9730972b927f01fdf3bc98946ca1b50a,euler,8x8,20299,0.0004131726163905114,0.035290536700297255,1.0,0,0,0,,,0.4034659037772522
20260123_221112,2026-01-23T22:13:11.123824,15cedc7a9730972b927f01fdf3bc98946ca1b50a,euler,8x8,20399,0.00036694161826744676,0.03332350559196812,1.0,0,0,0,,,0.40471814646214044
20260123_221112,2026-01-23T22:13:11.705549,15cedc7a9730972b927f01fdf3bc98946ca1b50a,euler,8x8,20499,0.0004993700422346592,0.034105766146047926,1.0,0,0,0,,,0.40429471510406556
20260123_221112,2026-01-23T22:13:12.287457,15cedc7a9730972b927f01fdf3bc98946ca1b50a,euler,8x8,20599,0.00029386248206719756,0.03538571881220605,1.0,0,0,0,,,0.40321341898486995
20260123_221112,2026-01-23T22:13:12.894108,15cedc7a9730972b927f01fdf3bc98946ca1b50a,euler,8x8,20699,0.00031464590574614704,0.033899362809091824,1.0,0,0,0,,,0.4046494444056485
20260123_221112,2026-01-23T22:13:13.472632,15cedc7a9730972b927f01fdf3bc98946ca1b50a,euler,8x8,20799,0.0005452399491332471,0.02901308888895983,1.0,0,0,0,,,0.40629403199729996
20260123_221112,2026-01-23T22:13:14.033762,15cedc7a9730972b927f01fdf3bc98946ca1b50a,euler,8x8,20899,0.00043160910718142986,0.03249418653845169,1.0,0,0,0,,,0.40495878006498837
20260123_221112,2026-01-23T22:13:14.607278,15cedc7a9730972b927f01fdf3bc98946ca1b50a,euler,8x8,20999,0.00022851949324831367,0.030968830859478658,1.0,0,0,0,,,0.4056827352740387
20260123_221112,2026-01-23T22:13:15.160583,15cedc7a9730972b927f01fdf3bc98946ca1b50a,euler,8x8,21099,0.0006818089750595391,0.03004592113420813,1.0,0,0,0,,,0.4062566785158365
20260123_221112,2026-01-23T22:13:15.717047,15cedc7a9730972b927f01fdf3bc98946ca1b50a,euler,8x8,21199,0.00028881840989924967,0.0341442505721966,1.0,0,0,0,,,0.40456695738255827
20260123_221112,2026-01-23T22:13:16.271536,15cedc7a9730972b927f01fdf3bc98946ca1b50a,euler,8x8,21299,0.0004575260973069817,0.03598023781655797,1.0,0,0,0,,,0.4035884519158695
20260123_221112,2026-01-23T22:13:16.825953,15cedc7a9730972b927f01fdf3bc98946ca1b50a,euler,8x8,21399,0.0004822096088901162,0.03456564277677217,1.0,0,0,0,,,0.4043455422521157
20260123_221112,2026-01-23T22:13:17.444679,15cedc7a9730972b927f01fdf3bc98946ca1b50a,euler,8x8,21499,0.0004631227347999811,0.03324311598581062,1.0,0,0,0,,,0.40470922248320385
20260123_221112,2026-01-23T22:13:18.088328,15cedc7a9730972b927f01fdf3bc98946ca1b50a,euler,8x8,21599,0.0004764455952681601,0.030638576624216967,1.0,0,0,0,,,0.40582707528690387
20260123_221112,2026-01-23T22:13:18.757683,15cedc7a9730972b927f01fdf3bc98946ca1b50a,euler,8x8,21699,0.0006338254315778613,0.03576295526853869,1.0,0,0,0,,,0.4039859208585439
20260123_221112,2026-01-23T22:13:19.359794,15cedc7a9730972b927f01fdf3bc98946ca1b50a,euler,8x8,21799,0.0004804899508599192,0.034025414510805374,1.0,0,0,0,,,0.40418479828643417
20260123_221112,2026-01-23T22:13:19.895223,15cedc7a9730972b927f01fdf3bc98946ca1b50a,euler,8x8,21899,0.00015225827519316226,0.03619397431090761,1.0,0,0,0,,,0.40349251102730965
20260123_221112,2026-01-23T22:13:20.437807,15cedc7a9730972b927f01fdf3bc98946ca1b50a,euler,8x8,21999,0.0004970482550561428,0.033044268929228335,1.0,0,0,0,,,0.4047890142692941
20260123_221112,2026-01-23T22:13:21.030526,15cedc7a9730972b927f01fdf3bc98946ca1b50a,euler,8x8,22099,0.00044850047561340034,0.032196970504573985,1.0,0,0,0,,,0.4050375190666218
20260123_221112,2026-01-23T22:13:21.586772,15cedc7a9730972b927f01fdf3bc98946ca1b50a,euler,8x8,22199,0.0005241939797997475,0.031534670210745616,1.0,0,0,0,,,0.4055546093469368
20260123_221112,2026-01-23T22:13:22.137598,15cedc7a9730972b927f01fdf3bc98946ca1b50a,euler,8x8,22299,0.0004241506103426218,0.032110612407840335,1.0,0,0,0,,,0.4049500085673685
20260123_221112,2026-01-23T22:13:22.734999,15cedc7a9730972b927f01fdf3bc98946ca1b50a,euler,8x8,22399,0.00016378973668906838,0.03607152621254272,1.0,0,0,0,,,0.4033772599828653
20260123_221112,2026-01-23T22:13:23.274571,15cedc7a9730972b927f01fdf3bc98946ca1b50a,euler,8x8,22499,0.00012585175863932818,0.03490186978114138,1.0,0,0,0,,,0.40346855265778425
20260123_221112,2026-01-23T22:13:23.828727,15cedc7a9730972b927f01fdf3bc98946ca1b50a,euler,8x8,22599,0.0005338327609933913,0.0342749169475212,1.0,0,0,0,,,0.4041859485004362
20260123_221112,2026-01-23T22:13:24.383515,15cedc7a9730972b927f01fdf3bc98946ca1b50a,euler,8x8,22699,0.00014835473848506808,0.03565391690604543,1.0,0,0,0,,,0.403529293252852
20260123_221112,2026-01-23T22:13:24.933367,15cedc7a9730972b927f01fdf3bc98946ca1b50a,euler,8x8,22799,0.00010157559154322371,0.030311142296395702,1.0,0,0,0,,,0.40535836889902427
20260123_221112,2026-01-23T22:13:25.486512,15cedc7a9730972b927f01fdf3bc98946ca1b50a,euler,8x8,22899,0.0005044787540100515,0.03128147103590777,1.0,0,0,0,,,0.4055894122265756
20260123_221112,2026-01-23T22:13:26.027274,15cedc7a9730972b927f01fdf3bc98946ca1b50a,euler,8x8,22999,0.0005566174513660371,0.0331012275818523,1.0,0,0,0,,,0.4046268955157586
20260123_221112,2026-01-23T22:13:26.571999,15cedc7a9730972b927f01fdf3bc98946ca1b50a,euler,8x8,23099,0.0005618731956928968,0.0332531934283395,1.0,0,0,0,,,0.40462134797406113
20260123_221112,2026-01-23T22:13:27.112223,15cedc7a9730972b927f01fdf3bc98946ca1b50a,euler,8x8,23199,0.00010910092532867566,0.032945815750296106,1.0,0,0,0,,,0.4047293203561466
20260123_221112,2026-01-23T22:13:27.659050,15cedc7a9730972b927f01fdf3bc98946ca1b50a,euler,8x8,23299,0.00026633995003066957,0.030933458821259592,1.0,0,0,0,,,0.40545994787467254
20260123_221112,2026-01-23T22:13:28.257180,15cedc7a9730972b927f01fdf3bc98946ca1b50a,euler,8x8,23399,0.0005462401313707232,0.030771540275042072,1.0,0,0,0,,,0.4054178240901203
20260123_221112,2026-01-23T22:13:28.803841,15cedc7a9730972b927f01fdf3bc98946ca1b50a,euler,8x8,23499,0.00030473442166112363,0.034823671254292775,1.0,0,0,0,,,0.404248582445254
20260123_221112,2026-01-23T22:13:29.363270,15cedc7a9730972b927f01fdf3bc98946ca1b50a,euler,8x8,23599,0.0005968313198536634,0.03580672813406636,1.0,0,0,0,,,0.4039025632578981
20260123_221112,2026-01-23T22:13:29.907483,15cedc7a9730972b927f01fdf3bc98946ca1b50a,euler,8x8,23699,0.001094331732019782,0.0313067271325508,1.0,0,0,0,,,0.40562609210263234
20260123_221112,2026-01-23T22:13:30.454434,15cedc7a9730972b927f01fdf3bc98946ca1b50a,euler,8x8,23799,0.000303141976473853,0.029267792420691875,1.0,0,0,0,,,0.4062358102725754
20260123_221112,2026-01-23T22:13:31.010560,15cedc7a9730972b927f01fdf3bc98946ca1b50a,euler,8x8,23899,0.0005062486161477864,0.031189721362968614,1.0,0,0,0,,,0.4050186646347409
20260123_221112,2026-01-23T22:13:31.552278,15cedc7a9730972b927f01fdf3bc98946ca1b50a,euler,8x8,23999,0.0003431205404922366,0.028643730869717957,1.0,0,0,0,,,0.40682308665778166
20260123_221112,2026-01-23T22:13:32.149600,15cedc7a9730972b927f01fdf3bc98946ca1b50a,euler,8x8,24099,0.0004798622685484588,0.0303462504133347,1.0,0,0,0,,,0.40594718162271404
20260123_221112,2026-01-23T22:13:32.706138,15cedc7a9730972b927f01fdf3bc98946ca1b50a,euler,8x8,24199,0.0004934428725391626,0.03414987702739495,1.0,0,0,0,,,0.4039598504463465
20260123_221112,2026-01-23T22:13:33.258216,15cedc7a9730972b927f01fdf3bc98946ca1b50a,euler,8x8,24299,0.000970115652307868,0.03350169297177217,1.0,0,0,0,,,0.40502338670864657
20260123_221112,2026-01-23T22:13:33.802363,15cedc7a9730972b927f01fdf3bc98946ca1b50a,euler,8x8,24399,0.0003845726023428142,0.030128279425579194,1.0,0,0,0,,,0.40597648520311
20260123_221112,2026-01-23T22:13:34.353494,15cedc7a9730972b927f01fdf3bc98946ca1b50a,euler,8x8,24499,0.0006649091956205666,0.0324542443539292,1.0,0,0,0,,,0.4052103116798194
20260123_221112,2026-01-23T22:13:34.955818,15cedc7a9730972b927f01fdf3bc98946ca1b50a,euler,8x8,24599,0.00021765739074908197,0.027004852559299478,1.0,0,0,0,,,0.4072712339803974
20260123_221112,2026-01-23T22:13:35.509660,15cedc7a9730972b927f01fdf3bc98946ca1b50a,euler,8x8,24699,0.0005400381051003933,0.03113852498444089,1.0,0,0,0,,,0.4057019111088123
20260123_221112,2026-01-23T22:13:36.070334,15cedc7a9730972b927f01fdf3bc98946ca1b50a,euler,8x8,24799,0.0003705639101099223,0.03020860066456976,1.0,0,0,0,,,0.40574037537857155
20260123_221112,2026-01-23T22:13:36.612293,15cedc7a9730972b927f01fdf3bc98946ca1b50a,euler,8x8,24899,0.0005966837052255869,0.030624466659370454,1.0,0,0,0,,,0.4061517917564399
20260123_221112,2026-01-23T22:13:37.155629,15cedc7a9730972b927f01fdf3bc98946ca1b50a,euler,8x8,24999,0.0006559984758496284,0.028327715937056155,1.0,0,0,0,,,0.4067775855114948
20260123_221112,2026-01-23T22:13:37.691670,15cedc7a9730972b927f01fdf3bc98946ca1b50a,euler,8x8,25099,0.0006605338421650231,0.034262232788478286,1.0,0,0,0,,,0.40413610543364464
20260123_221112,2026-01-23T22:13:38.231542,15cedc7a9730972b927f01fdf3bc98946ca1b50a,euler,8x8,25199,0.0004681115970015526,0.02843370872820742,1.0,0,0,0,,,0.40625516874946743
20260123_221112,2026-01-23T22:13:38.810527,15cedc7a9730972b927f01fdf3bc98946ca1b50a,euler,8x8,25299,0.00048771320143714547,0.03129783829758367,1.0,0,0,0,,,0.4053094660456619
20260123_221112,2026-01-23T22:13:39.414165,15cedc7a9730972b927f01fdf3bc98946ca1b50a,euler,8x8,25399,0.00031589894206263125,0.03196719219654369,1.0,0,0,0,,,0.40473889677159414
20260123_221112,2026-01-23T22:13:39.965249,15cedc7a9730972b927f01fdf3bc98946ca1b50a,euler,8x8,25499,0.0005472493357956409,0.030176325298813252,1.0,0,0,0,,,0.40535497892800376
20260123_221112,2026-01-23T22:13:40.516713,15cedc7a9730972b927f01fdf3bc98946ca1b50a,euler,8x8,25599,0.00035689599462784827,0.02849470459105987,1.0,0,0,0,,,0.40638659964721
20260123_221112,2026-01-23T22:13:41.070157,15cedc7a9730972b927f01fdf3bc98946ca1b50a,euler,8x8,25699,0.0006880313740111887,0.029602357571884567,1.0,0,0,0,,,0.40589603763610205
20260123_221112,2026-01-23T22:13:41.671204,15cedc7a9730972b927f01fdf3bc98946ca1b50a,euler,8x8,25799,0.0004232620121911168,0.028280431866536445,1.0,0,0,0,,,0.407016556433784
20260123_221112,2026-01-23T22:13:42.216022,15cedc7a9730972b927f01fdf3bc98946ca1b50a,euler,8x8,25899,0.0005668504163622856,0.028985390052877164,1.0,0,0,0,,,0.4064965660907426
20260123_221112,2026-01-23T22:13:42.752702,15cedc7a9730972b927f01fdf3bc98946ca1b50a,euler,8x8,25999,0.0002566366165410727,0.027538062901237483,1.0,0,0,0,,,0.40691970289994017
20260123_221112,2026-01-23T22:13:43.350425,15cedc7a9730972b927f01fdf3bc98946ca1b50a,euler,8x8,26099,0.0004956948687322438,0.02775690037432355,1.0,0,0,0,,,0.40686045197287235
20260123_221112,2026-01-23T22:13:43.895649,15cedc7a9730972b927f01fdf3bc98946ca1b50a,euler,8x8,26199,0.00023581678397022188,0.028385493721615376,1.0,0,0,0,,,0.40663888973592976
20260123_221112,2026-01-23T22:13:44.434378,15cedc7a9730972b927f01fdf3bc98946ca1b50a,euler,8x8,26299,0.00034411385422572494,0.026933856940254373,1.0,0,0,0,,,0.40708938930197236
20260123_221112,2026-01-23T22:13:44.987669,15cedc7a9730972b927f01fdf3bc98946ca1b50a,euler,8x8,26399,0.0008514649816788733,0.026316164073875825,1.0,0,0,0,,,0.40729541203357134
20260123_221112,2026-01-23T22:13:45.529780,15cedc7a9730972b927f01fdf3bc98946ca1b50a,euler,8x8,26499,0.0004412351408973336,0.026898405318637516,1.0,0,0,0,,,0.40676604612091244
20260123_221112,2026-01-23T22:13:46.225344,15cedc7a9730972b927f01fdf3bc98946ca1b50a,euler,8x8,26599,0.000484664982650429,0.029330708752678448,1.0,0,0,0,,,0.40597810451308725
20260123_221112,2026-01-23T22:13:47.020456,15cedc7a9730972b927f01fdf3bc98946ca1b50a,euler,8x8,26699,0.0003270454762969166,0.028464911360729275,1.0,0,0,0,,,0.4066277520380368
20260123_221112,2026-01-23T22:13:47.934319,15cedc7a9730972b927f01fdf3bc98946ca1b50a,euler,8x8,26799,0.0005604481557384133,0.03103249516981009,1.0,0,0,0,,,0.40512752679875036
20260123_221112,2026-01-23T22:13:48.500444,15cedc7a9730972b927f01fdf3bc98946ca1b50a,euler,8x8,26899,0.0001269850617973134,0.03257033038512645,1.0,0,0,0,,,0.40480689006889975
20260123_221112,2026-01-23T22:13:49.031603,15cedc7a9730972b927f01fdf3bc98946ca1b50a,euler,8x8,26999,0.000533712503965944,0.028442464452448347,1.0,0,0,0,,,0.40668125801853644
20260123_221112,2026-01-23T22:13:49.559367,15cedc7a9730972b927f01fdf3bc98946ca1b50a,euler,8x8,27099,0.00046129198744893074,0.02611221221704909,1.0,0,0,0,,,0.40739249164067026
20260123_221112,2026-01-23T22:13:50.078206,15cedc7a9730972b927f01fdf3bc98946ca1b50a,euler,8x8,27199,0.0009975217981263995,0.027552023671138386,1.0,0,0,0,,,0.4068510056815311
20260123_221112,2026-01-23T22:13:50.602931,15cedc7a9730972b927f01fdf3bc98946ca1b50a,euler,8x8,27299,0.00030351232271641493,0.028345431787098505,1.0,0,0,0,,,0.406421737549963
20260123_221112,2026-01-23T22:13:51.146614,15cedc7a9730972b927f01fdf3bc98946ca1b50a,euler,8x8,27399,0.00022215748322196305,0.026593258089116036,1.0,0,0,0,,,0.4073856252164976
20260123_221112,2026-01-23T22:13:51.671241,15cedc7a9730972b927f01fdf3bc98946ca1b50a,euler,8x8,27499,0.0004935538163408637,0.0256223976199999,1.0,0,0,0,,,0.4074144910663214
20260123_221112,2026-01-23T22:13:52.186354,15cedc7a9730972b927f01fdf3bc98946ca1b50a,euler,8x8,27599,0.00043902217294089496,0.027454286338868313,1.0,0,0,0,,,0.40714514714375577
20260123_221112,2026-01-23T22:13:52.705907,15cedc7a9730972b927f01fdf3bc98946ca1b50a,euler,8x8,27699,0.0006073969998396933,0.02336797197389842,1.0,0,0,0,,,0.4085640635889414
20260123_221112,2026-01-23T22:13:53.230049,15cedc7a9730972b927f01fdf3bc98946ca1b50a,euler,8x8,27799,0.0005046047735959291,0.02640844764810254,1.0,0,0,0,,,0.40727898060399237
20260123_221112,2026-01-23T22:13:53.745191,15cedc7a9730972b927f01fdf3bc98946ca1b50a,euler,8x8,27899,0.00034430541563779116,0.029240689709515665,1.0,0,0,0,,,0.4061126731257995
20260123_221112,2026-01-23T22:13:54.269871,15cedc7a9730972b927f01fdf3bc98946ca1b50a,euler,8x8,27999,0.00016590606537647545,0.02404334485551203,1.0,0,0,0,,,0.40811412375254863
20260123_221112,2026-01-23T22:13:54.792727,15cedc7a9730972b927f01fdf3bc98946ca1b50a,euler,8x8,28099,0.0008852418977767229,0.025916168850927193,1.0,0,0,0,,,0.4072197947250791
20260123_221112,2026-01-23T22:13:55.319533,15cedc7a9730972b927f01fdf3bc98946ca1b50a,euler,8x8,28199,0.0005164631875231862,0.028735130761838264,1.0,0,0,0,,,0.40626515259189083
20260123_221112,2026-01-23T22:13:55.905617,15cedc7a9730972b927f01fdf3bc98946ca1b50a,euler,8x8,28299,0.0005347566911950707,0.02789758459985478,1.0,0,0,0,,,0.4067057483692278
20260123_221112,2026-01-23T22:13:56.457806,15cedc7a9730972b927f01fdf3bc98946ca1b50a,euler,8x8,28399,0.00021263377857394516,0.026361360780977065,1.0,0,0,0,,,0.4071139058500427
20260123_221112,2026-01-23T22:13:56.991648,15cedc7a9730972b927f01fdf3bc98946ca1b50a,euler,8x8,28499,0.0003783127758651972,0.026069825965109886,1.0,0,0,0,,,0.40728534000962907
20260123_221112,2026-01-23T22:13:57.531343,15cedc7a9730972b927f01fdf3bc98946ca1b50a,euler,8x8,28599,0.00020032579777762294,0.024843110501994944,1.0,0,0,0,,,0.4081000090948811
20260123_221112,2026-01-23T22:13:58.067523,15cedc7a9730972b927f01fdf3bc98946ca1b50a,euler,8x8,28699,0.0001424530055373907,0.027429177841192996,1.0,0,0,0,,,0.4068252908481462
20260123_221112,2026-01-23T22:13:58.664121,15cedc7a9730972b927f01fdf3bc98946ca1b50a,euler,8x8,28799,0.00045102695003151894,0.02644413708929733,1.0,0,0,0,,,0.40699903441477925
20260123_221112,2026-01-23T22:13:59.203055,15cedc7a9730972b927f01fdf3bc98946ca1b50a,euler,8x8,28899,0.0004732162051368505,0.025940544257343844,1.0,0,0,0,,,0.40741562099708994
20260123_221112,2026-01-23T22:13:59.756764,15cedc7a9730972b927f01fdf3bc98946ca1b50a,euler,8x8,28999,0.0004006306699011475,0.027312340214160714,1.0,0,0,0,,,0.40673230888834777
20260123_221112,2026-01-23T22:14:00.300253,15cedc7a9730972b927f01fdf3bc98946ca1b50a,euler,8x8,29099,0.00048441800754517317,0.024026061060681628,1.0,0,0,0,,,0.4079966055790176
20260123_221112,2026-01-23T22:14:00.888461,15cedc7a9730972b927f01fdf3bc98946ca1b50a,euler,8x8,29199,0.0009045563638210297,0.02651337205816162,1.0,0,0,0,,,0.4070144454403008
20260123_221112,2026-01-23T22:14:01.425272,15cedc7a9730972b927f01fdf3bc98946ca1b50a,euler,8x8,29299,0.00036441205884329975,0.02804967871194094,1.0,0,0,0,,,0.4063936804739178
20260123_221112,2026-01-23T22:14:01.977793,15cedc7a9730972b927f01fdf3bc98946ca1b50a,euler,8x8,29399,0.0004007626266684383,0.024134840589911163,1.0,0,0,0,,,0.4083115362841008
20260123_221112,2026-01-23T22:14:02.576001,15cedc7a9730972b927f01fdf3bc98946ca1b50a,euler,8x8,29499,0.0007770864176563919,0.027010525971593324,1.0,0,0,0,,,0.40688034348752167
20260123_221112,2026-01-23T22:14:03.173454,15cedc7a9730972b927f01fdf3bc98946ca1b50a,euler,8x8,29599,0.0004907028051093221,0.02710619995321167,1.0,0,0,0,,,0.40714771648781833
20260123_221112,2026-01-23T22:14:03.749363,15cedc7a9730972b927f01fdf3bc98946ca1b50a,euler,8x8,29699,0.00036618250305764377,0.0231649804930953,1.0,0,0,0,,,0.40833844172669853
20260123_221112,2026-01-23T22:14:04.311146,15cedc7a9730972b927f01fdf3bc98946ca1b50a,euler,8x8,29799,0.00045504182344302535,0.026207933615746696,1.0,0,0,0,,,0.40738774402474065
20260123_221112,2026-01-23T22:14:04.873133,15cedc7a9730972b927f01fdf3bc98946ca1b50a,euler,8x8,29899,0.0003567217499949038,0.02509294389572915,1.0,0,0,0,,,0.40734736728337556
20260123_221112,2026-01-23T22:14:05.459210,15cedc7a9730972b927f01fdf3bc98946ca1b50a,euler,8x8,29999,0.0005663130432367325,0.03037045280756388,1.0,0,0,0,,,0.4053757951784976
20260123_221112,2026-01-23T22:14:05.994592,15cedc7a9730972b927f01fdf3bc98946ca1b50a,euler,8x8,30099,0.0007428451208397746,0.028658943758490523,1.0,0,0,0,,,0.4061516782797307
20260123_221112,2026-01-23T22:14:06.530225,15cedc7a9730972b927f01fdf3bc98946ca1b50a,euler,8x8,30199,0.0004731863737106323,0.028890296047198945,1.0,0,0,0,,,0.4060899944671972
20260123_221112,2026-01-23T22:14:07.110944,15cedc7a9730972b927f01fdf3bc98946ca1b50a,euler,8x8,30299,0.0005702481139451265,0.0253843599755794,1.0,0,0,0,,,0.40721710123595434
20260123_221112,2026-01-23T22:14:07.653129,15cedc7a9730972b927f01fdf3bc98946ca1b50a,euler,8x8,30399,0.0005133377271704376,0.023375674385965793,1.0,0,0,0,,,0.407974298224297
20260123_221112,2026-01-23T22:14:08.197618,15cedc7a9730972b927f01fdf3bc98946ca1b50a,euler,8x8,30499,0.00044638096005655825,0.023684681086830323,1.0,0,0,0,,,0.40828475447637486
20260123_221112,2026-01-23T22:14:08.734953,15cedc7a9730972b927f01fdf3bc98946ca1b50a,euler,8x8,30599,5.7282933994429186e-05,0.026695515242748796,1.0,0,0,0,,,0.40697485939770606
20260123_221112,2026-01-23T22:14:09.335837,15cedc7a9730972b927f01fdf3bc98946ca1b50a,euler,8x8,30699,0.0005931856576353312,0.026693462613983455,1.0,0,0,0,,,0.40683801225282795
20260123_221112,2026-01-23T22:14:09.871878,15cedc7a9730972b927f01fdf3bc98946ca1b50a,euler,8x8,30799,0.00030675422749482095,0.026958325100818,1.0,0,0,0,,,0.4067294459256694
20260123_221112,2026-01-23T22:14:10.404267,15cedc7a9730972b927f01fdf3bc98946ca1b50a,euler,8x8,30899,0.0007225483423098922,0.022866712605463704,1.0,0,0,0,,,0.40844057803737377
20260123_221112,2026-01-23T22:14:10.991058,15cedc7a9730972b927f01fdf3bc98946ca1b50a,euler,8x8,30999,0.00034676669747568667,0.023826860201247656,1.0,0,0,0,,,0.4080333708657933
20260123_221112,2026-01-23T22:14:11.580011,15cedc7a9730972b927f01fdf3bc98946ca1b50a,euler,8x8,31099,0.00048070179764181376,0.0252112426504641,1.0,0,0,0,,,0.40755845750310227
20260123_221112,2026-01-23T22:14:12.115504,15cedc7a9730972b927f01fdf3bc98946ca1b50a,euler,8x8,31199,0.00019900151528418064,0.027848523997213874,1.0,0,0,0,,,0.4066059535283802
20260123_221112,2026-01-23T22:14:12.652182,15cedc7a9730972b927f01fdf3bc98946ca1b50a,euler,8x8,31299,0.00010390744137112051,0.029106921235229493,1.0,0,0,0,,,0.40592934147971926
20260123_221112,2026-01-23T22:14:13.244013,15cedc7a9730972b927f01fdf3bc98946ca1b50a,euler,8x8,31399,0.0005573516245931387,0.02900788978252251,1.0,0,0,0,,,0.4062047752671762
20260123_221112,2026-01-23T22:14:13.797808,15cedc7a9730972b927f01fdf3bc98946ca1b50a,euler,8x8,31499,0.0005326354876160622,0.02487062529409286,1.0,0,0,0,,,0.40794178438498585
20260123_221112,2026-01-23T22:14:14.387217,15cedc7a9730972b927f01fdf3bc98946ca1b50a,euler,8x8,31599,0.0002715769223868847,0.023366305330022784,1.0,0,0,0,,,0.4084302203622565
20260123_221112,2026-01-23T22:14:14.974523,15cedc7a9730972b927f01fdf3bc98946ca1b50a,euler,8x8,31699,-6.111382390372455e-05,0.028153837084651058,1.0,0,0,0,,,0.40680450233916476
20260123_221112,2026-01-23T22:14:15.511652,15cedc7a9730972b927f01fdf3bc98946ca1b50a,euler,8x8,31799,0.00036432535853236914,0.025651997536850785,1.0,0,0,0,,,0.40779927907379343
20260123_221112,2026-01-23T22:14:16.047340,15cedc7a9730972b927f01fdf3bc98946ca1b50a,euler,8x8,31899,0.0002136498806066811,0.023919074926742497,1.0,0,0,0,,,0.4083330606159131
20260123_221112,2026-01-23T22:14:16.637379,15cedc7a9730972b927f01fdf3bc98946ca1b50a,euler,8x8,31999,0.0002048792375717312,0.02292942903589335,1.0,0,0,0,,,0.40898343572301527
20260123_221112,2026-01-23T22:14:17.189563,15cedc7a9730972b927f01fdf3bc98946ca1b50a,euler,8x8,32099,0.00031483129714615643,0.02454975952486734,1.0,0,0,0,,,0.4083290768465522
20260123_221112,2026-01-23T22:14:17.788218,15cedc7a9730972b927f01fdf3bc98946ca1b50a,euler,8x8,32199,0.00048077182145789266,0.02626930877275072,1.0,0,0,0,,,0.4074112466313313
20260123_221112,2026-01-23T22:14:18.435374,15cedc7a9730972b927f01fdf3bc98946ca1b50a,euler,8x8,32299,0.0005299598560668528,0.023910942207290873,1.0,0,0,0,,,0.4082692984038153
20260123_221112,2026-01-23T22:14:18.971450,15cedc7a9730972b927f01fdf3bc98946ca1b50a,euler,8x8,32399,0.0003762892447412014,0.027825798028364945,1.0,0,0,0,,,0.40660979349746196
20260123_221112,2026-01-23T22:14:19.559735,15cedc7a9730972b927f01fdf3bc98946ca1b50a,euler,8x8,32499,0.0006312289624474943,0.026383066094390416,1.0,0,0,0,,,0.4072161606330823
20260123_221112,2026-01-23T22:14:20.099167,15cedc7a9730972b927f01fdf3bc98946ca1b50a,euler,8x8,32599,0.0002737922768574208,0.023964215982480823,1.0,0,0,0,,,0.4085140162398526
20260123_221112,2026-01-23T22:14:20.689699,15cedc7a9730972b927f01fdf3bc98946ca1b50a,euler,8x8,32699,0.0003735156496986747,0.02789337309043731,1.0,0,0,0,,,0.4066335180252394
20260123_221112,2026-01-23T22:14:21.228653,15cedc7a9730972b927f01fdf3bc98946ca1b50a,euler,8x8,32799,0.0006200703210197389,0.02619802261184134,1.0,0,0,0,,,0.40744840379547675
20260123_221112,2026-01-23T22:14:21.772748,15cedc7a9730972b927f01fdf3bc98946ca1b50a,euler,8x8,32899,0.0001230799243785441,0.023210222307799882,1.0,0,0,0,,,0.4084942302037841
20260123_221112,2026-01-23T22:14:22.307796,15cedc7a9730972b927f01fdf3bc98946ca1b50a,euler,8x8,32999,0.0007859076140448451,0.022075428812586326,1.0,0,0,0,,,0.4092899753995691
20260123_221112,2026-01-23T22:14:22.838123,15cedc7a9730972b927f01fdf3bc98946ca1b50a,euler,8x8,33099,0.00019900576444342732,0.024199694481463894,1.0,0,0,0,,,0.4078965855104574
20260123_221112,2026-01-23T22:14:23.371906,15cedc7a9730972b927f01fdf3bc98946ca1b50a,euler,8x8,33199,0.00035521434620022774,0.023464517845611682,1.0,0,0,0,,,0.4083553781349073
20260123_221112,2026-01-23T22:14:23.906602,15cedc7a9730972b927f01fdf3bc98946ca1b50a,euler,8x8,33299,0.0004045298555865884,0.023509371387528972,1.0,0,0,0,,,0.40818773296439337
20260123_221112,2026-01-23T22:14:24.490309,15cedc7a9730972b927f01fdf3bc98946ca1b50a,euler,8x8,33399,0.0002618754224386066,0.02448969919076603,1.0,0,0,0,,,0.4080052670988825
20260123_221112,2026-01-23T22:14:25.030376,15cedc7a9730972b927f01fdf3bc98946ca1b50a,euler,8x8,33499,0.0008839179063215852,0.024460102748273583,1.0,0,0,0,,,0.40802534769635
20260123_221112,2026-01-23T22:14:25.550770,15cedc7a9730972b927f01fdf3bc98946ca1b50a,euler,8x8,33599,0.00016410737589467317,0.02465802149467663,1.0,0,0,0,,,0.40765425689502144
20260123_221112,2026-01-23T22:14:26.119347,15cedc7a9730972b927f01fdf3bc98946ca1b50a,euler,8x8,33699,0.0006300232489593327,0.02421198780590089,1.0,0,0,0,,,0.4076286249726563
20260123_221112,2026-01-23T22:14:26.656260,15cedc7a9730972b927f01fdf3bc98946ca1b50a,euler,8x8,33799,0.0004698646953329444,0.027412584952285216,1.0,0,0,0,,,0.40689752258718065
20260123_221112,2026-01-23T22:14:27.270070,15cedc7a9730972b927f01fdf3bc98946ca1b50a,euler,8x8,33899,0.000708921579644084,0.024178418947947762,1.0,0,0,0,,,0.40802313132917245
20260123_221112,2026-01-23T22:14:27.825900,15cedc7a9730972b927f01fdf3bc98946ca1b50a,euler,8x8,33999,0.00047277542762458324,0.024000103353106966,1.0,0,0,0,,,0.40803972324108834
20260123_221112,2026-01-23T22:14:28.398400,15cedc7a9730972b927f01fdf3bc98946ca1b50a,euler,8x8,34099,0.00016805093036964536,0.020488466943596677,1.0,0,0,0,,,0.4098384131820161
20260123_221112,2026-01-23T22:14:28.999989,15cedc7a9730972b927f01fdf3bc98946ca1b50a,euler,8x8,34199,0.0004502523806877434,0.02349562025171281,1.0,0,0,0,,,0.40827289796845556
20260123_221112,2026-01-23T22:14:29.592906,15cedc7a9730972b927f01fdf3bc98946ca1b50a,euler,8x8,34299,0.00048210183740593493,0.02314237895339147,1.0,0,0,0,,,0.40847867865778265
20260123_221112,2026-01-23T22:14:30.170810,15cedc7a9730972b927f01fdf3bc98946ca1b50a,euler,8x8,34399,0.0001776941353455186,0.0245584543301095,1.0,0,0,0,,,0.40779080791086997
20260123_221112,2026-01-23T22:14:30.707376,15cedc7a9730972b927f01fdf3bc98946ca1b50a,euler,8x8,34499,0.00010327804193366319,0.024711888915452392,1.0,0,0,0,,,0.4077165899731715
20260123_221112,2026-01-23T22:14:31.250975,15cedc7a9730972b927f01fdf3bc98946ca1b50a,euler,8x8,34599,0.0004060004139319062,0.02446555507744165,1.0,0,0,0,,,0.4081120761692514
20260123_221112,2026-01-23T22:14:31.794612,15cedc7a9730972b927f01fdf3bc98946ca1b50a,euler,8x8,34699,0.00028508732793852687,0.023986327522503643,1.0,0,0,0,,,0.40812484807845945
20260123_221112,2026-01-23T22:14:32.380417,15cedc7a9730972b927f01fdf3bc98946ca1b50a,euler,8x8,34799,0.0006597409956157207,0.023985495914650982,1.0,0,0,0,,,0.40820562356768925
20260123_221112,2026-01-23T22:14:32.971661,15cedc7a9730972b927f01fdf3bc98946ca1b50a,euler,8x8,34899,0.00011644367623375729,0.023467229508978563,1.0,0,0,0,,,0.4083654260116318
20260123_221112,2026-01-23T22:14:33.531855,15cedc7a9730972b927f01fdf3bc98946ca1b50a,euler,8x8,34999,0.00035176204983145,0.022012524485842278,1.0,0,0,0,,,0.40935242654714077
20260123_221112,2026-01-23T22:14:34.118218,15cedc7a9730972b927f01fdf3bc98946ca1b50a,euler,8x8,35099,0.00034889343078248203,0.02523662611794066,1.0,0,0,0,,,0.40732967592529723
20260123_221112,2026-01-23T22:14:34.655875,15cedc7a9730972b927f01fdf3bc98946ca1b50a,euler,8x8,35199,0.00019617889483924955,0.022477611925756945,1.0,0,0,0,,,0.4090206621974154
20260123_221112,2026-01-23T22:14:35.245350,15cedc7a9730972b927f01fdf3bc98946ca1b50a,euler,8x8,35299,0.00040792583604343235,0.02549418795122051,1.0,0,0,0,,,0.40707660757134323
20260123_221112,2026-01-23T22:14:35.811009,15cedc7a9730972b927f01fdf3bc98946ca1b50a,euler,8x8,35399,0.0003997617750428617,0.0251197903516163,1.0,0,0,0,,,0.4076286223967165
20260123_221112,2026-01-23T22:14:36.416328,15cedc7a9730972b927f01fdf3bc98946ca1b50a,euler,8x8,35499,0.0008077573729678988,0.022143632763549023,1.0,0,0,0,,,0.40921067388723176
20260123_221112,2026-01-23T22:14:36.960770,15cedc7a9730972b927f01fdf3bc98946ca1b50a,euler,8x8,35599,0.0003557545132935047,0.02344320286588925,1.0,0,0,0,,,0.408425839394243
20260123_221112,2026-01-23T22:14:37.495465,15cedc7a9730972b927f01fdf3bc98946ca1b50a,euler,8x8,35699,0.0003065114433411509,0.021162159315190367,1.0,0,0,0,,,0.40978264267598963
20260123_221112,2026-01-23T22:14:38.031930,15cedc7a9730972b927f01fdf3bc98946ca1b50a,euler,8x8,35799,0.0002873395860660821,0.02151681371976565,1.0,0,0,0,,,0.40958400319892696
20260123_221112,2026-01-23T22:14:38.587354,15cedc7a9730972b927f01fdf3bc98946ca1b50a,euler,8x8,35899,0.0007473580772057176,0.021057216293831404,1.0,0,0,0,,,0.409537595714111
20260123_221112,2026-01-23T22:14:39.121972,15cedc7a9730972b927f01fdf3bc98946ca1b50a,euler,8x8,35999,0.00038930162554606795,0.02120397554444253,1.0,0,0,0,,,0.40927411647056255
20260123_221112,2026-01-23T22:14:39.660204,15cedc7a9730972b927f01fdf3bc98946ca1b50a,euler,8x8,36099,9.325757855549455e-05,0.02385432723049803,1.0,0,0,0,,,0.4075406149018428
20260123_221112,2026-01-23T22:14:40.205556,15cedc7a9730972b927f01fdf3bc98946ca1b50a,euler,8x8,36199,0.00013455776206683367,0.025631455075812257,1.0,0,0,0,,,0.40699992983389477
20260123_221112,2026-01-23T22:14:40.744473,15cedc7a9730972b927f01fdf3bc98946ca1b50a,euler,8x8,36299,0.0002982811420224607,0.022903993521103984,1.0,0,0,0,,,0.40859748729674406
20260123_221112,2026-01-23T22:14:41.282292,15cedc7a9730972b927f01fdf3bc98946ca1b50a,euler,8x8,36399,0.0005225678323768079,0.02140152102760112,1.0,0,0,0,,,0.4090482423259118
20260123_221112,2026-01-23T22:14:41.844294,15cedc7a9730972b927f01fdf3bc98946ca1b50a,euler,8x8,36499,0.0007529201684519649,0.020573869204775407,1.0,0,0,0,,,0.4098838343840116
20260123_221112,2026-01-23T22:14:42.406808,15cedc7a9730972b927f01fdf3bc98946ca1b50a,euler,8x8,36599,0.000568886287510395,0.02079567739327956,1.0,0,0,0,,,0.4094214371248255
20260123_221112,2026-01-23T22:14:42.965396,15cedc7a9730972b927f01fdf3bc98946ca1b50a,euler,8x8,36699,0.00023281548055820167,0.023696136254761767,1.0,0,0,0,,,0.4079789834717762
20260123_221112,2026-01-23T22:14:43.526487,15cedc7a9730972b927f01fdf3bc98946ca1b50a,euler,8x8,36799,0.0001717201084829867,0.021808295117663194,1.0,0,0,0,,,0.4088621782596249
20260123_221112,2026-01-23T22:14:44.085777,15cedc7a9730972b927f01fdf3bc98946ca1b50a,euler,8x8,36899,0.0003501495230011642,0.022561566506354325,1.0,0,0,0,,,0.40850375838235453
20260123_221112,2026-01-23T22:14:44.647129,15cedc7a9730972b927f01fdf3bc98946ca1b50a,euler,8x8,36999,0.0006082311738282442,0.021414295950501695,1.0,0,0,0,,,0.40908436202160464
20260123_221112,2026-01-23T22:14:45.214334,15cedc7a9730972b927f01fdf3bc98946ca1b50a,euler,8x8,37099,0.0006190571002662182,0.019162673187829,1.0,0,0,0,,,0.4102098596352104
20260123_221112,2026-01-23T22:14:45.863970,15cedc7a9730972b927f01fdf3bc98946ca1b50a,euler,8x8,37199,0.0003829568449873477,0.022112785479782814,1.0,0,0,0,,,0.40856755763887664
20260123_221112,2026-01-23T22:14:46.695523,15cedc7a9730972b927f01fdf3bc98946ca1b50a,euler,8x8,37299,0.0002648799563758075,0.021367511342741636,1.0,0,0,0,,,0.40911189314361485
20260123_221112,2026-01-23T22:14:47.540908,15cedc7a9730972b927f01fdf3bc98946ca1b50a,euler,8x8,37399,0.00021179261966608465,0.019965013043257613,1.0,0,0,0,,,0.4098197635954345
20260123_221112,2026-01-23T22:14:48.352529,15cedc7a9730972b927f01fdf3bc98946ca1b50a,euler,8x8,37499,9.236596815753728e-05,0.020036054718203217,1.0,0,0,0,,,0.4096998749034261
20260123_221112,2026-01-23T22:14:48.892189,15cedc7a9730972b927f01fdf3bc98946ca1b50a,euler,8x8,37599,0.0003139562322758138,0.022308628870588335,1.0,0,0,0,,,0.408298812219067
20260123_221112,2026-01-23T22:14:49.419249,15cedc7a9730972b927f01fdf3bc98946ca1b50a,euler,8x8,37699,0.0009377534734085202,0.021596623797101984,1.0,0,0,0,,,0.4084362119251047
20260123_221112,2026-01-23T22:14:49.945769,15cedc7a9730972b927f01fdf3bc98946ca1b50a,euler,8x8,37799,0.00048142747255042195,0.02198495357184811,1.0,0,0,0,,,0.40866029885495786
20260123_221112,2026-01-23T22:14:50.469354,15cedc7a9730972b927f01fdf3bc98946ca1b50a,euler,8x8,37899,0.0003348012687638402,0.021581629305612752,1.0,0,0,0,,,0.40859809309329753
20260123_221112,2026-01-23T22:14:50.992846,15cedc7a9730972b927f01fdf3bc98946ca1b50a,euler,8x8,37999,0.0005182299064472318,0.020603705913117665,1.0,0,0,0,,,0.40920086064609246
20260123_221112,2026-01-23T22:14:51.515369,15cedc7a9730972b927f01fdf3bc98946ca1b50a,euler,8x8,38099,0.00020805795793421566,0.021486884479488707,1.0,0,0,0,,,0.4089116409463778
20260123_221112,2026-01-23T22:14:52.035237,15cedc7a9730972b927f01fdf3bc98946ca1b50a,euler,8x8,38199,0.0007767875213176012,0.018837758302418024,1.0,0,0,0,,,0.4096719624291043
20260123_221112,2026-01-23T22:14:52.568863,15cedc7a9730972b927f01fdf3bc98946ca1b50a,euler,8x8,38299,0.0003946193028241396,0.020582399581719528,1.0,0,0,0,,,0.40897864935032796
20260123_221112,2026-01-23T22:14:53.086953,15cedc7a9730972b927f01fdf3bc98946ca1b50a,euler,8x8,38399,0.0006372927455231547,0.020028140958244192,1.0,0,0,0,,,0.4094966739098339
20260123_221112,2026-01-23T22:14:53.612623,15cedc7a9730972b927f01fdf3bc98946ca1b50a,euler,8x8,38499,0.0005744948284700513,0.019629128814098635,1.0,0,0,0,,,0.40982092676915344
20260123_221112,2026-01-23T22:14:54.132695,15cedc7a9730972b927f01fdf3bc98946ca1b50a,euler,8x8,38599,0.0005179187864996493,0.01931939054306895,1.0,0,0,0,,,0.40972357465000403
20260123_221112,2026-01-23T22:14:54.648839,15cedc7a9730972b927f01fdf3bc98946ca1b50a,euler,8x8,38699,0.0002131236979039386,0.019855912184550562,1.0,0,0,0,,,0.4098229957676798
20260123_221112,2026-01-23T22:14:55.169579,15cedc7a9730972b927f01fdf3bc98946ca1b50a,euler,8x8,38799,0.0007480004569515586,0.01880942468155183,1.0,0,0,0,,,0.4101406194628849
20260123_221112,2026-01-23T22:14:55.700753,15cedc7a9730972b927f01fdf3bc98946ca1b50a,euler,8x8,38899,0.0005138348788022995,0.01930965922823191,1.0,0,0,0,,,0.4098531149537469
20260123_221112,2026-01-23T22:14:56.246847,15cedc7a9730972b927f01fdf3bc98946ca1b50a,euler,8x8,38999,0.0002979992132168263,0.019327310857324278,1.0,0,0,0,,,0.40959595758525036
20260123_221112,2026-01-23T22:14:56.839926,15cedc7a9730972b927f01fdf3bc98946ca1b50a,euler,8x8,39099,0.00014724199718330055,0.01921416214154192,1.0,0,0,0,,,0.40974471309515503
20260123_221112,2026-01-23T22:14:57.377496,15cedc7a9730972b927f01fdf3bc98946ca1b50a,euler,8x8,39199,0.0006164054502733052,0.020391882311698167,1.0,0,0,0,,,0.40901734676732104
20260123_221112,2026-01-23T22:14:57.908074,15cedc7a9730972b927f01fdf3bc98946ca1b50a,euler,8x8,39299,-0.00012276085908524692,0.0205155238217435,1.0,0,0,0,,,0.40886987759116034
20260123_221112,2026-01-23T22:14:58.460315,15cedc7a9730972b927f01fdf3bc98946ca1b50a,euler,8x8,39399,0.00035656511317938566,0.018672588125878065,1.0,0,0,0,,,0.41001090523857864
20260123_221112,2026-01-23T22:14:59.002312,15cedc7a9730972b927f01fdf3bc98946ca1b50a,euler,8x8,39499,0.00013994911569170654,0.02030919305026828,1.0,0,0,0,,,0.4089910400242843
20260123_221112,2026-01-23T22:14:59.547101,15cedc7a9730972b927f01fdf3bc98946ca1b50a,euler,8x8,39599,0.00021207428653724492,0.018916239191588035,1.0,0,0,0,,,0.4097213957741377
20260123_221112,2026-01-23T22:15:00.091576,15cedc7a9730972b927f01fdf3bc98946ca1b50a,euler,8x8,39699,-2.3453569156117737e-05,0.01862998281788805,1.0,0,0,0,,,0.4095218222678377
20260123_221112,2026-01-23T22:15:00.674533,15cedc7a9730972b927f01fdf3bc98946ca1b50a,euler,8x8,39799,0.0004225911688990891,0.02069438361068535,1.0,0,0,0,,,0.40871204506979664
20260123_221112,2026-01-23T22:15:01.225156,15cedc7a9730972b927f01fdf3bc98946ca1b50a,euler,8x8,39899,0.00028318280237726867,0.018271598378245244,1.0,0,0,0,,,0.4101175027302435
20260123_221112,2026-01-23T22:15:01.769087,15cedc7a9730972b927f01fdf3bc98946ca1b50a,euler,8x8,39999,0.0003109126118943095,0.02043695153683416,1.0,0,0,0,,,0.4086322814303088
20260123_221112,2026-01-23T22:15:02.360906,15cedc7a9730972b927f01fdf3bc98946ca1b50a,euler,8x8,40099,0.0003814597730524838,0.018481082169382147,1.0,0,0,0,,,0.40996086316256464
20260123_221112,2026-01-23T22:15:02.973574,15cedc7a9730972b927f01fdf3bc98946ca1b50a,euler,8x8,40199,0.00025303108850494027,0.019820346095234528,1.0,0,0,0,,,0.40926170814487217
20260123_221112,2026-01-23T22:15:03.507177,15cedc7a9730972b927f01fdf3bc98946ca1b50a,euler,8x8,40299,0.000553758698515594,0.019940604247258874,1.0,0,0,0,,,0.4093203794554447
20260123_221112,2026-01-23T22:15:04.039712,15cedc7a9730972b927f01fdf3bc98946ca1b50a,euler,8x8,40399,0.00043585317325778306,0.01906097058881528,1.0,0,0,0,,,0.40956913089285596
20260123_221112,2026-01-23T22:15:04.581620,15cedc7a9730972b927f01fdf3bc98946ca1b50a,euler,8x8,40499,0.0004634962242562324,0.02003890830712294,1.0,0,0,0,,,0.40871235655594707
20260123_221112,2026-01-23T22:15:05.131197,15cedc7a9730972b927f01fdf3bc98946ca1b50a,euler,8x8,40599,0.00029770293622277677,0.022644977120098133,1.0,0,0,0,,,0.4077056351133328
20260123_221112,2026-01-23T22:15:05.681996,15cedc7a9730972b927f01fdf3bc98946ca1b50a,euler,8x8,40699,0.0004432711866684258,0.021618578388566335,1.0,0,0,0,,,0.40832318429561254
20260123_221112,2026-01-23T22:15:06.233398,15cedc7a9730972b927f01fdf3bc98946ca1b50a,euler,8x8,40799,0.0004144666309002787,0.018500718330889752,1.0,0,0,0,,,0.41010175327416676
20260123_221112,2026-01-23T22:15:06.770630,15cedc7a9730972b927f01fdf3bc98946ca1b50a,euler,8x8,40899,0.0007064174278639257,0.019428284272852352,1.0,0,0,0,,,0.4094828332887075
20260123_221112,2026-01-23T22:15:07.363844,15cedc7a9730972b927f01fdf3bc98946ca1b50a,euler,8x8,40999,0.0004856822779402137,0.019894286858327063,1.0,0,0,0,,,0.40943228208182214
20260123_221112,2026-01-23T22:15:07.955292,15cedc7a9730972b927f01fdf3bc98946ca1b50a,euler,8x8,41099,0.0003784167056437582,0.018790825231578764,1.0,0,0,0,,,0.4099432408649156
20260123_221112,2026-01-23T22:15:08.495850,15cedc7a9730972b927f01fdf3bc98946ca1b50a,euler,8x8,41199,0.00039079246926121414,0.018730412659597847,1.0,0,0,0,,,0.41009285949937546
20260123_221112,2026-01-23T22:15:09.017197,15cedc7a9730972b927f01fdf3bc98946ca1b50a,euler,8x8,41299,0.0007381364121101797,0.019241654158254278,1.0,0,0,0,,,0.40952139926887826
20260123_221112,2026-01-23T22:15:09.565622,15cedc7a9730972b927f01fdf3bc98946ca1b50a,euler,8x8,41399,0.0002534642117097974,0.018131055435438838,1.0,0,0,0,,,0.41025597318064344
20260123_221112,2026-01-23T22:15:10.102229,15cedc7a9730972b927f01fdf3bc98946ca1b50a,euler,8x8,41499,0.00010567002755124122,0.018574665277063786,1.0,0,0,0,,,0.4098595761639625
20260123_221112,2026-01-23T22:15:10.735899,15cedc7a9730972b927f01fdf3bc98946ca1b50a,euler,8x8,41599,0.0003706428688019514,0.01789358065909312,1.0,0,0,0,,,0.410448760084236
20260123_221112,2026-01-23T22:15:11.369529,15cedc7a9730972b927f01fdf3bc98946ca1b50a,euler,8x8,41699,0.00044221567804925144,0.017708181867751593,1.0,0,0,0,,,0.41017600483404926
20260123_221112,2026-01-23T22:15:11.914976,15cedc7a9730972b927f01fdf3bc98946ca1b50a,euler,8x8,41799,0.00015774347411934286,0.017174083337358183,1.0,0,0,0,,,0.41051401769831863
20260123_221112,2026-01-23T22:15:12.461739,15cedc7a9730972b927f01fdf3bc98946ca1b50a,euler,8x8,41899,0.00042724862578324974,0.01816669565600819,1.0,0,0,0,,,0.4098064881926578
20260123_221112,2026-01-23T22:15:13.041081,15cedc7a9730972b927f01fdf3bc98946ca1b50a,euler,8x8,41999,0.00035851143184117973,0.018922360580217516,1.0,0,0,0,,,0.40932476019858666
20260123_221112,2026-01-23T22:15:13.592492,15cedc7a9730972b927f01fdf3bc98946ca1b50a,euler,8x8,42099,0.0002804664836730808,0.017720617772583297,1.0,0,0,0,,,0.4100079698768254
20260123_221112,2026-01-23T22:15:14.181354,15cedc7a9730972b927f01fdf3bc98946ca1b50a,euler,8x8,42199,0.00030311799491755664,0.01730983048597636,1.0,0,0,0,,,0.4100801752549562
20260123_221112,2026-01-23T22:15:14.719617,15cedc7a9730972b927f01fdf3bc98946ca1b50a,euler,8x8,42299,0.00012720398081000894,0.0181565308898638,1.0,0,0,0,,,0.4099172223402672
20260123_221112,2026-01-23T22:15:15.266150,15cedc7a9730972b927f01fdf3bc98946ca1b50a,euler,8x8,42399,0.00019995855109300464,0.017450434290374232,1.0,0,0,0,,,0.41000207091858776
20260123_221112,2026-01-23T22:15:15.796475,15cedc7a9730972b927f01fdf3bc98946ca1b50a,euler,8x8,42499,0.0003920680610463023,0.017612100125173242,1.0,0,0,0,,,0.40978921240475563
20260123_221112,2026-01-23T22:15:16.330975,15cedc7a9730972b927f01fdf3bc98946ca1b50a,euler,8x8,42599,-3.254608600400388e-07,0.017942293296085834,1.0,0,0,0,,,0.4096808616894346
20260123_221112,2026-01-23T22:15:16.877826,15cedc7a9730972b927f01fdf3bc98946ca1b50a,euler,8x8,42699,0.00027425805456005037,0.01748533230574253,1.0,0,0,0,,,0.4098515296161326
20260123_221112,2026-01-23T22:15:17.421198,15cedc7a9730972b927f01fdf3bc98946ca1b50a,euler,8x8,42799,0.00043575133895501494,0.016278506094827776,1.0,0,0,0,,,0.41031144987151413
20260123_221112,2026-01-23T22:15:17.957887,15cedc7a9730972b927f01fdf3bc98946ca1b50a,euler,8x8,42899,0.00044208558392710984,0.017502433902130292,1.0,0,0,0,,,0.40994718241139494
20260123_221112,2026-01-23T22:15:18.500910,15cedc7a9730972b927f01fdf3bc98946ca1b50a,euler,8x8,42999,0.0002305486414115876,0.016463236821159626,1.0,0,0,0,,,0.4107303715760298
20260123_221112,2026-01-23T22:15:19.041201,15cedc7a9730972b927f01fdf3bc98946ca1b50a,euler,8x8,43099,7.587733853142709e-05,0.01630004580758509,1.0,0,0,0,,,0.4103314912665226
20260123_221112,2026-01-23T22:15:19.587255,15cedc7a9730972b927f01fdf3bc98946ca1b50a,euler,8x8,43199,0.0005279509932734072,0.01583893227902081,1.0,0,0,0,,,0.4110295814709879
20260123_221112,2026-01-23T22:15:20.115863,15cedc7a9730972b927f01fdf3bc98946ca1b50a,euler,8x8,43299,0.0005936819361522794,0.017604775908282022,1.0,0,0,0,,,0.4096842099857535
20260123_221112,2026-01-23T22:15:20.653899,15cedc7a9730972b927f01fdf3bc98946ca1b50a,euler,8x8,43399,0.0002114595117745921,0.017332857406699986,1.0,0,0,0,,,0.40985220848227544
20260123_221112,2026-01-23T22:15:21.236758,15cedc7a9730972b927f01fdf3bc98946ca1b50a,euler,8x8,43499,-9.356772352475673e-05,0.01677455431358112,1.0,0,0,0,,,0.410402392493474
20260123_221112,2026-01-23T22:15:21.771805,15cedc7a9730972b927f01fdf3bc98946ca1b50a,euler,8x8,43599,0.00028164705145172775,0.016335259918385532,1.0,0,0,0,,,0.4105181676086306
20260123_221112,2026-01-23T22:15:22.327767,15cedc7a9730972b927f01fdf3bc98946ca1b50a,euler,8x8,43699,6.353689241223037e-05,0.016346674105169542,1.0,0,0,0,,,0.409816726240648
20260123_221112,2026-01-23T22:15:22.862035,15cedc7a9730972b927f01fdf3bc98946ca1b50a,euler,8x8,43799,9.244750253856182e-05,0.016429904592710612,1.0,0,0,0,,,0.40997886339868006
20260123_221112,2026-01-23T22:15:23.405100,15cedc7a9730972b927f01fdf3bc98946ca1b50a,euler,8x8,43899,0.00039356897468678653,0.015689663154182652,1.0,0,0,0,,,0.4101099644673195
20260123_221112,2026-01-23T22:15:23.996950,15cedc7a9730972b927f01fdf3bc98946ca1b50a,euler,8x8,43999,0.00021510577062144876,0.01698076718736047,1.0,0,0,0,,,0.409613063768582
20260123_221112,2026-01-23T22:15:24.533340,15cedc7a9730972b927f01fdf3bc98946ca1b50a,euler,8x8,44099,0.0006651875446550548,0.01588750309212287,1.0,0,0,0,,,0.41046224243348617
20260123_221112,2026-01-23T22:15:25.090658,15cedc7a9730972b927f01fdf3bc98946ca1b50a,euler,8x8,44199,0.000636816315818578,0.01599457138255161,1.0,0,0,0,,,0.4102964178447519
20260123_221112,2026-01-23T22:15:25.684116,15cedc7a9730972b927f01fdf3bc98946ca1b50a,euler,8x8,44299,0.00045991616207174957,0.014782664630433828,1.0,0,0,0,,,0.4106318220493701
20260123_221112,2026-01-23T22:15:26.228689,15cedc7a9730972b927f01fdf3bc98946ca1b50a,euler,8x8,44399,0.00023215392138808966,0.015455464118738292,1.0,0,0,0,,,0.4104741720396891
20260123_221112,2026-01-23T22:15:26.777805,15cedc7a9730972b927f01fdf3bc98946ca1b50a,euler,8x8,44499,0.0003680664231069386,0.01672498107094839,1.0,0,0,0,,,0.4096089187468967
20260123_221112,2026-01-23T22:15:27.337685,15cedc7a9730972b927f01fdf3bc98946ca1b50a,euler,8x8,44599,0.0002666210930328816,0.015485003747130577,1.0,0,0,0,,,0.4099150954911647
20260123_221112,2026-01-23T22:15:27.924828,15cedc7a9730972b927f01fdf3bc98946ca1b50a,euler,8x8,44699,-5.146213879925199e-05,0.01548087169933069,1.0,0,0,0,,,0.4101750386309441
20260123_221112,2026-01-23T22:15:28.530879,15cedc7a9730972b927f01fdf3bc98946ca1b50a,euler,8x8,44799,0.0006462413584813476,0.015487162474512388,1.0,0,0,0,,,0.40988757791311903
20260123_221112,2026-01-23T22:15:29.066524,15cedc7a9730972b927f01fdf3bc98946ca1b50a,euler,8x8,44899,0.0007991045713424683,0.017092967891028935,1.0,0,0,0,,,0.40897067818280347
20260123_221112,2026-01-23T22:15:29.614864,15cedc7a9730972b927f01fdf3bc98946ca1b50a,euler,8x8,44999,0.00030336930649355054,0.01585479798959966,1.0,0,0,0,,,0.4097787933390109
20260123_221112,2026-01-23T22:15:30.161926,15cedc7a9730972b927f01fdf3bc98946ca1b50a,euler,8x8,45099,0.000571899872738868,0.014138294104983516,1.0,0,0,0,,,0.4108001210727658
20260123_221112,2026-01-23T22:15:30.704570,15cedc7a9730972b927f01fdf3bc98946ca1b50a,euler,8x8,45199,0.00038325012428686023,0.01475439390823169,1.0,0,0,0,,,0.4103670551990325
20260123_221112,2026-01-23T22:15:31.235567,15cedc7a9730972b927f01fdf3bc98946ca1b50a,euler,8x8,45299,0.0003004511818289757,0.015538479019045325,1.0,0,0,0,,,0.40991711343014386
20260123_221112,2026-01-23T22:15:31.782300,15cedc7a9730972b927f01fdf3bc98946ca1b50a,euler,8x8,45399,0.0007261204300448298,0.014684673912240669,1.0,0,0,0,,,0.41012637549456166
20260123_221112,2026-01-23T22:15:32.325303,15cedc7a9730972b927f01fdf3bc98946ca1b50a,euler,8x8,45499,0.0005413268809206784,0.014924362256038534,1.0,0,0,0,,,0.4102847847352122
20260123_221112,2026-01-23T22:15:32.859399,15cedc7a9730972b927f01fdf3bc98946ca1b50a,euler,8x8,45599,0.0003748155722860247,0.017123312706858657,1.0,0,0,0,,,0.4087694578450234
20260123_221112,2026-01-23T22:15:33.448282,15cedc7a9730972b927f01fdf3bc98946ca1b50a,euler,8x8,45699,1.7123884390457533e-05,0.015825828441344357,1.0,0,0,0,,,0.40969888234110974
20260123_221112,2026-01-23T22:15:33.988365,15cedc7a9730972b927f01fdf3bc98946ca1b50a,euler,8x8,45799,0.00038573541678488255,0.016269926754549146,1.0,0,0,0,,,0.40985926042911414
20260123_221112,2026-01-23T22:15:34.527286,15cedc7a9730972b927f01fdf3bc98946ca1b50a,euler,8x8,45899,0.00020272583060432225,0.014559632629224667,1.0,0,0,0,,,0.4104608572859709
20260123_221112,2026-01-23T22:15:35.058041,15cedc7a9730972b927f01fdf3bc98946ca1b50a,euler,8x8,45999,0.0005789223941974342,0.014324038959272797,1.0,0,0,0,,,0.41040909264148806
20260123_221112,2026-01-23T22:15:35.606789,15cedc7a9730972b927f01fdf3bc98946ca1b50a,euler,8x8,46099,0.0005311253480613232,0.014676437590869113,1.0,0,0,0,,,0.41059936574834693
20260123_221112,2026-01-23T22:15:36.149977,15cedc7a9730972b927f01fdf3bc98946ca1b50a,euler,8x8,46199,0.0001659122499404475,0.016711025406460748,1.0,0,0,0,,,0.40885109993683066
20260123_221112,2026-01-23T22:15:36.684897,15cedc7a9730972b927f01fdf3bc98946ca1b50a,euler,8x8,46299,0.0003628039557952434,0.014680521595682307,1.0,0,0,0,,,0.410529933754867
20260123_221112,2026-01-23T22:15:37.219426,15cedc7a9730972b927f01fdf3bc98946ca1b50a,euler,8x8,46399,0.00026147085009142756,0.01545400128376741,1.0,0,0,0,,,0.4103025899020396
20260123_221112,2026-01-23T22:15:37.780151,15cedc7a9730972b927f01fdf3bc98946ca1b50a,euler,8x8,46499,0.0006078428123146296,0.015036650547966133,1.0,0,0,0,,,0.4102025577949935
20260123_221112,2026-01-23T22:15:38.343332,15cedc7a9730972b927f01fdf3bc98946ca1b50a,euler,8x8,46599,0.0002999587741214782,0.015111972074137156,1.0,0,0,0,,,0.4101478910470595
20260123_221112,2026-01-23T22:15:38.929375,15cedc7a9730972b927f01fdf3bc98946ca1b50a,euler,8x8,46699,0.0002497463137842715,0.015611713701704276,1.0,0,0,0,,,0.4097590396334132
20260123_221112,2026-01-23T22:15:39.468787,15cedc7a9730972b927f01fdf3bc98946ca1b50a,euler,8x8,46799,0.00042037206003442407,0.014161376704078634,1.0,0,0,0,,,0.4106760369022423
20260123_221112,2026-01-23T22:15:40.058465,15cedc7a9730972b927f01fdf3bc98946ca1b50a,euler,8x8,46899,0.00023102683189790696,0.016113569182397213,1.0,0,0,0,,,0.4097612628986899
20260123_221112,2026-01-23T22:15:40.617039,15cedc7a9730972b927f01fdf3bc98946ca1b50a,euler,8x8,46999,0.0001801557227736339,0.01639360645465331,1.0,0,0,0,,,0.40971349011337593
20260123_221112,2026-01-23T22:15:41.164585,15cedc7a9730972b927f01fdf3bc98946ca1b50a,euler,8x8,47099,0.0002907203452195972,0.014616580790986973,1.0,0,0,0,,,0.41076560223692526
20260123_221112,2026-01-23T22:15:41.697106,15cedc7a9730972b927f01fdf3bc98946ca1b50a,euler,8x8,47199,0.0004963908577337861,0.015207444525885308,1.0,0,0,0,,,0.4105694618316184
20260123_221112,2026-01-23T22:15:42.231546,15cedc7a9730972b927f01fdf3bc98946ca1b50a,euler,8x8,47299,0.0005853086477145553,0.0159553614377171,1.0,0,0,0,,,0.4098769326382603
20260123_221112,2026-01-23T22:15:42.821088,15cedc7a9730972b927f01fdf3bc98946ca1b50a,euler,8x8,47399,3.9108846976887435e-05,0.014668532594771194,1.0,0,0,0,,,0.410943721404727
20260123_221112,2026-01-23T22:15:43.357160,15cedc7a9730972b927f01fdf3bc98946ca1b50a,euler,8x8,47499,0.0003493076073937118,0.01641564325624188,1.0,0,0,0,,,0.40976765117244496
20260123_221112,2026-01-23T22:15:43.890519,15cedc7a9730972b927f01fdf3bc98946ca1b50a,euler,8x8,47599,0.0003414195671211928,0.01570079655493288,1.0,0,0,0,,,0.4103719993858737
20260123_221112,2026-01-23T22:15:44.476013,15cedc7a9730972b927f01fdf3bc98946ca1b50a,euler,8x8,47699,2.4048436898738146e-05,0.01547558736369325,1.0,0,0,0,,,0.4103924504181906
20260123_221112,2026-01-23T22:15:45.019160,15cedc7a9730972b927f01fdf3bc98946ca1b50a,euler,8x8,47799,0.0004462038050405681,0.015414764462063602,1.0,0,0,0,,,0.4106138085270222
20260123_221112,2026-01-23T22:15:45.565128,15cedc7a9730972b927f01fdf3bc98946ca1b50a,euler,8x8,47899,-4.7964436816982925e-05,0.016324936726603026,1.0,0,0,0,,,0.4103015501181487
20260123_221112,2026-01-23T22:15:46.237800,15cedc7a9730972b927f01fdf3bc98946ca1b50a,euler,8x8,47999,0.0003407833573874086,0.014323763065352466,1.0,0,0,0,,,0.4110505696541933
20260123_221112,2026-01-23T22:15:47.036372,15cedc7a9730972b927f01fdf3bc98946ca1b50a,euler,8x8,48099,0.00033985363552346826,0.01540810232380977,1.0,0,0,0,,,0.4110411607107024
20260123_221112,2026-01-23T22:15:47.899530,15cedc7a9730972b927f01fdf3bc98946ca1b50a,euler,8x8,48199,2.8333834052318707e-05,0.01446484229119875,1.0,0,0,0,,,0.41128087042014494
20260123_221112,2026-01-23T22:15:48.447881,15cedc7a9730972b927f01fdf3bc98946ca1b50a,euler,8x8,48299,0.0003924402699340135,0.01571118671298791,1.0,0,0,0,,,0.41089736698536883
20260123_221112,2026-01-23T22:15:49.005647,15cedc7a9730972b927f01fdf3bc98946ca1b50a,euler,8x8,48399,0.00010389233648311347,0.014063379947207012,1.0,0,0,0,,,0.4117067155405926
20260123_221112,2026-01-23T22:15:49.571665,15cedc7a9730972b927f01fdf3bc98946ca1b50a,euler,8x8,48499,0.00020312523702159524,0.01627390889338244,1.0,0,0,0,,,0.41040924684102303
20260123_221112,2026-01-23T22:15:50.088215,15cedc7a9730972b927f01fdf3bc98946ca1b50a,euler,8x8,48599,0.0005142427980899811,0.015249664779437922,1.0,0,0,0,,,0.41087478387673115
20260123_221112,2026-01-23T22:15:50.598798,15cedc7a9730972b927f01fdf3bc98946ca1b50a,euler,8x8,48699,0.00030924606835469604,0.01538497751959568,1.0,0,0,0,,,0.4114296778288199
20260123_221112,2026-01-23T22:15:51.122734,15cedc7a9730972b927f01fdf3bc98946ca1b50a,euler,8x8,48799,8.464229176752269e-05,0.01511572119424045,1.0,0,0,0,,,0.41155577813605015
20260123_221112,2026-01-23T22:15:51.652319,15cedc7a9730972b927f01fdf3bc98946ca1b50a,euler,8x8,48899,0.00010920066415565088,0.016032552622863534,1.0,0,0,0,,,0.41089593319065537
20260123_221112,2026-01-23T22:15:52.195339,15cedc7a9730972b927f01fdf3bc98946ca1b50a,euler,8x8,48999,0.00021906528854742646,0.015110311996331234,1.0,0,0,0,,,0.41156972502365424
20260123_221112,2026-01-23T22:15:52.737876,15cedc7a9730972b927f01fdf3bc98946ca1b50a,euler,8x8,49099,0.0008207543869502842,0.016360777664599483,1.0,0,0,0,,,0.4108568577088229
20260123_221112,2026-01-23T22:15:53.290842,15cedc7a9730972b927f01fdf3bc98946ca1b50a,euler,8x8,49199,0.00010389713861513883,0.0170544277026292,1.0,0,0,0,,,0.41077177607517923
20260123_221112,2026-01-23T22:15:53.862866,15cedc7a9730972b927f01fdf3bc98946ca1b50a,euler,8x8,49299,4.011650162283331e-05,0.016031225361615498,1.0,0,0,0,,,0.4114361873112126
20260123_221112,2026-01-23T22:15:54.389526,15cedc7a9730972b927f01fdf3bc98946ca1b50a,euler,8x8,49399,0.0004972056485712528,0.01596434186502904,1.0,0,0,0,,,0.4112647594029633
20260123_221112,2026-01-23T22:15:54.923338,15cedc7a9730972b927f01fdf3bc98946ca1b50a,euler,8x8,49499,0.000550666474737227,0.014798083678318506,1.0,0,0,0,,,0.4121509118536889
20260123_221112,2026-01-23T22:15:55.458008,15cedc7a9730972b927f01fdf3bc98946ca1b50a,euler,8x8,49599,9.950119419954717e-05,0.016672397372124406,1.0,0,0,0,,,0.41124540579610347
20260123_221112,2026-01-23T22:15:56.067143,15cedc7a9730972b927f01fdf3bc98946ca1b50a,euler,8x8,49699,0.0004193367494735867,0.0170752083210067,1.0,0,0,0,,,0.4112484042236827
20260123_221112,2026-01-23T22:15:56.682175,15cedc7a9730972b927f01fdf3bc98946ca1b50a,euler,8x8,49799,-1.436805359844584e-05,0.01652563858148767,1.0,0,0,0,,,0.4112383945819321
20260123_221112,2026-01-23T22:15:57.242681,15cedc7a9730972b927f01fdf3bc98946ca1b50a,euler,8x8,49899,0.0004570295859593898,0.015950889132879807,1.0,0,0,0,,,0.41162821190921756
20260123_221112,2026-01-23T22:15:57.803622,15cedc7a9730972b927f01fdf3bc98946ca1b50a,euler,8x8,49999,0.00023630904615856707,0.015541016680134022,1.0,0,0,0,,,0.4120857628054595
20260123_221112,2026-01-23T22:15:58.282534,15cedc7a9730972b927f01fdf3bc98946ca1b50a,euler,16x16,0,1.1977157592773438,0.3603500869238633,1.0,0,0,0,,,-0.5751478202135083
20260123_221112,2026-01-23T22:15:59.064318,15cedc7a9730972b927f01fdf3bc98946ca1b50a,euler,16x16,99,0.0881095752120018,0.41786065934502403,1.0,0,0,0,,,-0.7215593589633049
20260123_221112,2026-01-23T22:15:59.789238,15cedc7a9730972b927f01fdf3bc98946ca1b50a,euler,16x16,199,0.0671132355928421,0.4387632081245829,1.0,0,0,0,,,-0.7140917627202668
20260123_221112,2026-01-23T22:16:00.597770,15cedc7a9730972b927f01fdf3bc98946ca1b50a,euler,16x16,299,0.048003166913986206,0.4404830246890197,1.0,0,0,0,,,-0.6063870344201869
20260123_221112,2026-01-23T22:16:01.421613,15cedc7a9730972b927f01fdf3bc98946ca1b50a,euler,16x16,399,0.03690837696194649,0.42506962593848585,1.0,0,0,0,,,-0.44151157735370833
20260123_221112,2026-01-23T22:16:02.219711,15cedc7a9730972b927f01fdf3bc98946ca1b50a,euler,16x16,499,0.037010982632637024,0.4049944662801863,1.0,0,0,0,,,-0.269826927838851
20260123_221112,2026-01-23T22:16:02.921013,15cedc7a9730972b927f01fdf3bc98946ca1b50a,euler,16x16,599,0.02262933738529682,0.38079751117358684,1.0,0,0,0,,,-0.1261442301965065
20260123_221112,2026-01-23T22:16:03.640660,15cedc7a9730972b927f01fdf3bc98946ca1b50a,euler,16x16,699,0.021400874480605125,0.3513795402119285,1.0,0,0,0,,,-0.002529502619623542
20260123_221112,2026-01-23T22:16:04.716868,15cedc7a9730972b927f01fdf3bc98946ca1b50a,euler,16x16,799,0.013692501932382584,0.31904539293202105,1.0,0,0,0,,,0.08854680457619338
20260123_221112,2026-01-23T22:16:05.682651,15cedc7a9730972b927f01fdf3bc98946ca1b50a,euler,16x16,899,0.011853139847517014,0.2937116624187183,1.0,0,0,0,,,0.1476950042497758
20260123_221112,2026-01-23T22:16:06.488748,15cedc7a9730972b927f01fdf3bc98946ca1b50a,euler,16x16,999,0.008111403323709965,0.27432778272384895,1.0,0,0,0,,,0.1874009814735782
20260123_221112,2026-01-23T22:16:07.292401,15cedc7a9730972b927f01fdf3bc98946ca1b50a,euler,16x16,1099,0.007238101679831743,0.2561539477659244,1.0,0,0,0,,,0.21895093271259583
20260123_221112,2026-01-23T22:16:07.983734,15cedc7a9730972b927f01fdf3bc98946ca1b50a,euler,16x16,1199,0.006796346511691809,0.24305364881998684,1.0,0,0,0,,,0.24193704883741413
20260123_221112,2026-01-23T22:16:08.796807,15cedc7a9730972b927f01fdf3bc98946ca1b50a,euler,16x16,1299,0.005965241696685553,0.229575397180015,1.0,0,0,0,,,0.2616431541945805
20260123_221112,2026-01-23T22:16:09.614296,15cedc7a9730972b927f01fdf3bc98946ca1b50a,euler,16x16,1399,0.005385789088904858,0.2190512919471803,1.0,0,0,0,,,0.2761238407065974
20260123_221112,2026-01-23T22:16:10.598484,15cedc7a9730972b927f01fdf3bc98946ca1b50a,euler,16x16,1499,0.002760782605037093,0.21055050916838808,1.0,0,0,0,,,0.2872375706478086
20260123_221112,2026-01-23T22:16:11.292301,15cedc7a9730972b927f01fdf3bc98946ca1b50a,euler,16x16,1599,0.0032423846423625946,0.20341064107160492,1.0,0,0,0,,,0.2963158812801472
20260123_221112,2026-01-23T22:16:12.256941,15cedc7a9730972b927f01fdf3bc98946ca1b50a,euler,16x16,1699,0.0033659404143691063,0.19752743777607976,1.0,0,0,0,,,0.30396534140017095
20260123_221112,2026-01-23T22:16:13.181977,15cedc7a9730972b927f01fdf3bc98946ca1b50a,euler,16x16,1799,0.003659424837678671,0.18848309057895676,1.0,0,0,0,,,0.31293709433849004
20260123_221112,2026-01-23T22:16:14.043493,15cedc7a9730972b927f01fdf3bc98946ca1b50a,euler,16x16,1899,0.0035163552965968847,0.18509704888041598,1.0,0,0,0,,,0.31740504869450525
20260123_221112,2026-01-23T22:16:14.894718,15cedc7a9730972b927f01fdf3bc98946ca1b50a,euler,16x16,1999,0.002900640480220318,0.17983041323910584,1.0,0,0,0,,,0.3228685731785751
20260123_221112,2026-01-23T22:16:15.740869,15cedc7a9730972b927f01fdf3bc98946ca1b50a,euler,16x16,2099,0.0036651473492383957,0.17529356706392718,1.0,0,0,0,,,0.3282789848438043
20260123_221112,2026-01-23T22:16:16.546793,15cedc7a9730972b927f01fdf3bc98946ca1b50a,euler,16x16,2199,0.002720071468502283,0.1702930602892593,1.0,0,0,0,,,0.33302000827746053
20260123_221112,2026-01-23T22:16:17.226920,15cedc7a9730972b927f01fdf3bc98946ca1b50a,euler,16x16,2299,0.001429891213774681,0.16598292263908662,1.0,0,0,0,,,0.3374308765424179
20260123_221112,2026-01-23T22:16:18.050890,15cedc7a9730972b927f01fdf3bc98946ca1b50a,euler,16x16,2399,0.0019627301953732967,0.16356334469091963,1.0,0,0,0,,,0.3403883708922552
20260123_221112,2026-01-23T22:16:18.858401,15cedc7a9730972b927f01fdf3bc98946ca1b50a,euler,16x16,2499,0.002124194288626313,0.15957647113435086,1.0,0,0,0,,,0.3446868037979852
20260123_221112,2026-01-23T22:16:20.160016,15cedc7a9730972b927f01fdf3bc98946ca1b50a,euler,16x16,2599,0.0018117520958185196,0.15690801392869616,1.0,0,0,0,,,0.3472766041719359
20260123_221112,2026-01-23T22:16:21.696322,15cedc7a9730972b927f01fdf3bc98946ca1b50a,euler,16x16,2699,0.00212319428101182,0.15108514034785914,1.0,0,0,0,,,0.3519505724696893
20260123_221112,2026-01-23T22:16:22.986350,15cedc7a9730972b927f01fdf3bc98946ca1b50a,euler,16x16,2799,0.0019240251276642084,0.1521441418836912,1.0,0,0,0,,,0.3526609231444394
20260123_221112,2026-01-23T22:16:24.074278,15cedc7a9730972b927f01fdf3bc98946ca1b50a,euler,16x16,2899,0.0015938326250761747,0.14800276927126105,1.0,0,0,0,,,0.35633835583487594
20260123_221112,2026-01-23T22:16:24.794647,15cedc7a9730972b927f01fdf3bc98946ca1b50a,euler,16x16,2999,0.0014398553175851703,0.1437058523671294,1.0,0,0,0,,,0.35962189063715044
20260123_221112,2026-01-23T22:16:25.483165,15cedc7a9730972b927f01fdf3bc98946ca1b50a,euler,16x16,3099,0.0013241225387901068,0.14212365415281966,1.0,0,0,0,,,0.3613969107473947
20260123_221112,2026-01-23T22:16:26.303602,15cedc7a9730972b927f01fdf3bc98946ca1b50a,euler,16x16,3199,0.0010957753984257579,0.1402236301216908,1.0,0,0,0,,,0.363802240935745
20260123_221112,2026-01-23T22:16:26.995998,15cedc7a9730972b927f01fdf3bc98946ca1b50a,euler,16x16,3299,0.0008898613741621375,0.1342790360320214,1.0,0,0,0,,,0.3673733690857404
20260123_221112,2026-01-23T22:16:27.817895,15cedc7a9730972b927f01fdf3bc98946ca1b50a,euler,16x16,3399,0.0011267665540799499,0.13274961666742457,1.0,0,0,0,,,0.36915969632903517
20260123_221112,2026-01-23T22:16:28.710317,15cedc7a9730972b927f01fdf3bc98946ca1b50a,euler,16x16,3499,0.0012803098652511835,0.13236186992129662,1.0,0,0,0,,,0.3697055729139909
20260123_221112,2026-01-23T22:16:29.428237,15cedc7a9730972b927f01fdf3bc98946ca1b50a,euler,16x16,3599,0.0004450458218343556,0.12902787806997368,1.0,0,0,0,,,0.37231277091174875
20260123_221112,2026-01-23T22:16:30.274735,15cedc7a9730972b927f01fdf3bc98946ca1b50a,euler,16x16,3699,0.0009296626085415483,0.12556620434959767,1.0,0,0,0,,,0.3747994536619821
20260123_221112,2026-01-23T22:16:30.978850,15cedc7a9730972b927f01fdf3bc98946ca1b50a,euler,16x16,3799,0.0008100593113340437,0.12424443214535132,1.0,0,0,0,,,0.3758955321263262
20260123_221112,2026-01-23T22:16:31.831490,15cedc7a9730972b927f01fdf3bc98946ca1b50a,euler,16x16,3899,0.0006514959968626499,0.12741666072855878,1.0,0,0,0,,,0.3752846883542804
20260123_221112,2026-01-23T22:16:32.544630,15cedc7a9730972b927f01fdf3bc98946ca1b50a,euler,16x16,3999,0.001215882832184434,0.12333882703758718,1.0,0,0,0,,,0.3775840755476782
20260123_221112,2026-01-23T22:16:33.253045,15cedc7a9730972b927f01fdf3bc98946ca1b50a,euler,16x16,4099,0.0006960398750379682,0.11834933006197389,1.0,0,0,0,,,0.38003013646110884
20260123_221112,2026-01-23T22:16:33.947688,15cedc7a9730972b927f01fdf3bc98946ca1b50a,euler,16x16,4199,0.0009306159918196499,0.11801961097618914,1.0,0,0,0,,,0.38080758457829694
20260123_221112,2026-01-23T22:16:34.667214,15cedc7a9730972b927f01fdf3bc98946ca1b50a,euler,16x16,4299,0.0005022039404138923,0.11621851143325329,1.0,0,0,0,,,0.38215360063422366
20260123_221112,2026-01-23T22:16:35.361339,15cedc7a9730972b927f01fdf3bc98946ca1b50a,euler,16x16,4399,0.0008866346906870604,0.1156383237306727,1.0,0,0,0,,,0.38296200283477033
20260123_221112,2026-01-23T22:16:36.072727,15cedc7a9730972b927f01fdf3bc98946ca1b50a,euler,16x16,4499,0.0009034530376084149,0.11515514070102655,1.0,0,0,0,,,0.38353788844257414
20260123_221112,2026-01-23T22:16:36.887764,15cedc7a9730972b927f01fdf3bc98946ca1b50a,euler,16x16,4599,0.0007853223942220211,0.1142784023459535,1.0,0,0,0,,,0.38440273424109095
20260123_221112,2026-01-23T22:16:37.737197,15cedc7a9730972b927f01fdf3bc98946ca1b50a,euler,16x16,4699,0.0011344850063323975,0.10867622731762822,1.0,0,0,0,,,0.3868332712060879
20260123_221112,2026-01-23T22:16:38.584729,15cedc7a9730972b927f01fdf3bc98946ca1b50a,euler,16x16,4799,0.0002657291479408741,0.11278759172084392,1.0,0,0,0,,,0.38556240673800274
20260123_221112,2026-01-23T22:16:39.434059,15cedc7a9730972b927f01fdf3bc98946ca1b50a,euler,16x16,4899,0.0005109269404783845,0.10778743095776008,1.0,0,0,0,,,0.3877465442316099
20260123_221112,2026-01-23T22:16:40.276758,15cedc7a9730972b927f01fdf3bc98946ca1b50a,euler,16x16,4999,0.0006028176285326481,0.10768580448362627,1.0,0,0,0,,,0.3882771909126732
20260123_221112,2026-01-23T22:16:41.100009,15cedc7a9730972b927f01fdf3bc98946ca1b50a,euler,16x16,5099,0.000537871615961194,0.11084229900414357,1.0,0,0,0,,,0.3874984408832621
20260123_221112,2026-01-23T22:16:41.942740,15cedc7a9730972b927f01fdf3bc98946ca1b50a,euler,16x16,5199,0.0004502091323956847,0.10649869940527423,1.0,0,0,0,,,0.38952084458502856
20260123_221112,2026-01-23T22:16:42.651622,15cedc7a9730972b927f01fdf3bc98946ca1b50a,euler,16x16,5299,0.0003895202826242894,0.10315925110193348,1.0,0,0,0,,,0.390932677139345
20260123_221112,2026-01-23T22:16:43.503092,15cedc7a9730972b927f01fdf3bc98946ca1b50a,euler,16x16,5399,0.0003066060016863048,0.10650001304486068,1.0,0,0,0,,,0.3902594910986074
20260123_221112,2026-01-23T22:16:44.208803,15cedc7a9730972b927f01fdf3bc98946ca1b50a,euler,16x16,5499,0.0002801473019644618,0.10515347656215454,1.0,0,0,0,,,0.390813182448596
20260123_221112,2026-01-23T22:16:45.021827,15cedc7a9730972b927f01fdf3bc98946ca1b50a,euler,16x16,5599,0.0005434558261185884,0.10393501381164243,1.0,0,0,0,,,0.39156322583640163
20260123_221112,2026-01-23T22:16:45.878177,15cedc7a9730972b927f01fdf3bc98946ca1b50a,euler,16x16,5699,-2.1177780581638217e-05,0.10176740274091571,1.0,0,0,0,,,0.3924740556979913
20260123_221112,2026-01-23T22:16:46.578932,15cedc7a9730972b927f01fdf3bc98946ca1b50a,euler,16x16,5799,0.000788085104431957,0.10016215857300267,1.0,0,0,0,,,0.3932630207712213
20260123_221112,2026-01-23T22:16:47.269559,15cedc7a9730972b927f01fdf3bc98946ca1b50a,euler,16x16,5899,0.0004970130976289511,0.10320943203339994,1.0,0,0,0,,,0.3925081753583122
20260123_221112,2026-01-23T22:16:48.083713,15cedc7a9730972b927f01fdf3bc98946ca1b50a,euler,16x16,5999,0.0006764486897736788,0.10336084911865327,1.0,0,0,0,,,0.3927533174308289
20260123_221112,2026-01-23T22:16:48.907973,15cedc7a9730972b927f01fdf3bc98946ca1b50a,euler,16x16,6099,0.0005703814676962793,0.10154822842359863,1.0,0,0,0,,,0.39356617695704965
20260123_221112,2026-01-23T22:16:49.726446,15cedc7a9730972b927f01fdf3bc98946ca1b50a,euler,16x16,6199,0.00025814343825913966,0.09464234619012131,1.0,0,0,0,,,0.39578831754135135
20260123_221112,2026-01-23T22:16:50.576803,15cedc7a9730972b927f01fdf3bc98946ca1b50a,euler,16x16,6299,0.0006395500968210399,0.09856083972023043,1.0,0,0,0,,,0.39502462936701854
20260123_221112,2026-01-23T22:16:51.292265,15cedc7a9730972b927f01fdf3bc98946ca1b50a,euler,16x16,6399,0.0002963355218525976,0.09993154766652879,1.0,0,0,0,,,0.3946477600573126
20260123_221112,2026-01-23T22:16:51.978305,15cedc7a9730972b927f01fdf3bc98946ca1b50a,euler,16x16,6499,0.0007011569105088711,0.10001163209246443,1.0,0,0,0,,,0.39472113469260317
20260123_221112,2026-01-23T22:16:52.690060,15cedc7a9730972b927f01fdf3bc98946ca1b50a,euler,16x16,6599,0.00040565867675468326,0.09639759695841349,1.0,0,0,0,,,0.3961732566212187
20260123_221112,2026-01-23T22:16:53.553976,15cedc7a9730972b927f01fdf3bc98946ca1b50a,euler,16x16,6699,0.00029244678444229066,0.0922625770645027,1.0,0,0,0,,,0.3974166720959333
20260123_221112,2026-01-23T22:16:54.709423,15cedc7a9730972b927f01fdf3bc98946ca1b50a,euler,16x16,6799,0.00045136266271583736,0.10014560865532986,1.0,0,0,0,,,0.39524176989470666
20260123_221112,2026-01-23T22:16:55.414989,15cedc7a9730972b927f01fdf3bc98946ca1b50a,euler,16x16,6899,0.0005366894183680415,0.0981341849558521,1.0,0,0,0,,,0.39603628569147065
20260123_221112,2026-01-23T22:16:56.109827,15cedc7a9730972b927f01fdf3bc98946ca1b50a,euler,16x16,6999,0.0005064014112576842,0.09534096126935765,1.0,0,0,0,,,0.39721727971721116
20260123_221112,2026-01-23T22:16:56.945028,15cedc7a9730972b927f01fdf3bc98946ca1b50a,euler,16x16,7099,0.00027156819123774767,0.09800499738877988,1.0,0,0,0,,,0.3967729307978408
20260123_221112,2026-01-23T22:16:57.774415,15cedc7a9730972b927f01fdf3bc98946ca1b50a,euler,16x16,7199,0.00047495486796833575,0.09199394676517841,1.0,0,0,0,,,0.3988639757814669
20260123_221112,2026-01-23T22:16:58.572834,15cedc7a9730972b927f01fdf3bc98946ca1b50a,euler,16x16,7299,0.0003056566056329757,0.08982841600462052,1.0,0,0,0,,,0.399561314563943
20260123_221112,2026-01-23T22:16:59.245466,15cedc7a9730972b927f01fdf3bc98946ca1b50a,euler,16x16,7399,0.00046715536154806614,0.08959795113791187,1.0,0,0,0,,,0.3999778245165686
20260123_221112,2026-01-23T22:16:59.917533,15cedc7a9730972b927f01fdf3bc98946ca1b50a,euler,16x16,7499,0.00046959053725004196,0.09150160356701235,1.0,0,0,0,,,0.3996002878633922
20260123_221112,2026-01-23T22:17:00.621844,15cedc7a9730972b927f01fdf3bc98946ca1b50a,euler,16x16,7599,0.00039746638503856957,0.09111361694938751,1.0,0,0,0,,,0.39995575572517617
20260123_221112,2026-01-23T22:17:01.328739,15cedc7a9730972b927f01fdf3bc98946ca1b50a,euler,16x16,7699,0.0006911529926583171,0.085625567599036,1.0,0,0,0,,,0.4015795408488898
20260123_221112,2026-01-23T22:17:02.160041,15cedc7a9730972b927f01fdf3bc98946ca1b50a,euler,16x16,7799,0.0003893249377142638,0.08805635366699789,1.0,0,0,0,,,0.40091178917150755
20260123_221112,2026-01-23T22:17:02.984698,15cedc7a9730972b927f01fdf3bc98946ca1b50a,euler,16x16,7899,0.0005969252670183778,0.08959923859656556,1.0,0,0,0,,,0.4006372639836504
20260123_221112,2026-01-23T22:17:03.796644,15cedc7a9730972b927f01fdf3bc98946ca1b50a,euler,16x16,7999,0.0002275317528983578,0.09413213834675843,1.0,0,0,0,,,0.3991401605915645
20260123_221112,2026-01-23T22:17:04.505242,15cedc7a9730972b927f01fdf3bc98946ca1b50a,euler,16x16,8099,0.0002538479748181999,0.08904260119923492,1.0,0,0,0,,,0.4009792537401854
20260123_221112,2026-01-23T22:17:05.345575,15cedc7a9730972b927f01fdf3bc98946ca1b50a,euler,16x16,8199,0.00024333535111509264,0.08708174917233918,1.0,0,0,0,,,0.40192041910571513
20260123_221112,2026-01-23T22:17:06.162666,15cedc7a9730972b927f01fdf3bc98946ca1b50a,euler,16x16,8299,0.00010966579429805279,0.08428824638971491,1.0,0,0,0,,,0.40266248206571165
20260123_221112,2026-01-23T22:17:06.871912,15cedc7a9730972b927f01fdf3bc98946ca1b50a,euler,16x16,8399,0.0002201416646130383,0.08756361509238558,1.0,0,0,0,,,0.4021295432414628
20260123_221112,2026-01-23T22:17:07.707290,15cedc7a9730972b927f01fdf3bc98946ca1b50a,euler,16x16,8499,0.0002869093441404402,0.08544148924496767,1.0,0,0,0,,,0.4026956097284518
20260123_221112,2026-01-23T22:17:08.522240,15cedc7a9730972b927f01fdf3bc98946ca1b50a,euler,16x16,8599,0.0003779574763029814,0.08797476486886807,1.0,0,0,0,,,0.4020770839612298
20260123_221112,2026-01-23T22:17:09.233941,15cedc7a9730972b927f01fdf3bc98946ca1b50a,euler,16x16,8699,0.0002295630401931703,0.08667500689427471,1.0,0,0,0,,,0.40272281011605926
20260123_221112,2026-01-23T22:17:10.052331,15cedc7a9730972b927f01fdf3bc98946ca1b50a,euler,16x16,8799,0.0005885644932277501,0.08433541866117594,1.0,0,0,0,,,0.4035839706214375
20260123_221112,2026-01-23T22:17:10.869997,15cedc7a9730972b927f01fdf3bc98946ca1b50a,euler,16x16,8899,0.000445254088845104,0.08602420508701471,1.0,0,0,0,,,0.4029582525446761
20260123_221112,2026-01-23T22:17:11.681498,15cedc7a9730972b927f01fdf3bc98946ca1b50a,euler,16x16,8999,0.0008895329083316028,0.08156129122149651,1.0,0,0,0,,,0.404703005125121
20260123_221112,2026-01-23T22:17:12.390441,15cedc7a9730972b927f01fdf3bc98946ca1b50a,euler,16x16,9099,0.0004423448408488184,0.08319296376551392,1.0,0,0,0,,,0.4040425563701593
20260123_221112,2026-01-23T22:17:13.210957,15cedc7a9730972b927f01fdf3bc98946ca1b50a,euler,16x16,9199,0.00041531960596330464,0.08092410580523392,1.0,0,0,0,,,0.4047678562280469
20260123_221112,2026-01-23T22:17:14.058587,15cedc7a9730972b927f01fdf3bc98946ca1b50a,euler,16x16,9299,0.0006017800187692046,0.08183985399855373,1.0,0,0,0,,,0.40472853925615093
20260123_221112,2026-01-23T22:17:14.766145,15cedc7a9730972b927f01fdf3bc98946ca1b50a,euler,16x16,9399,0.0004932095762342215,0.07953614012852085,1.0,0,0,0,,,0.40535150187662805
20260123_221112,2026-01-23T22:17:15.475254,15cedc7a9730972b927f01fdf3bc98946ca1b50a,euler,16x16,9499,0.00036132620880380273,0.08016970029299046,1.0,0,0,0,,,0.40535278219183135
20260123_221112,2026-01-23T22:17:16.184617,15cedc7a9730972b927f01fdf3bc98946ca1b50a,euler,16x16,9599,0.0002473757485859096,0.08251936932778335,1.0,0,0,0,,,0.4048434857812455
20260123_221112,2026-01-23T22:17:16.888783,15cedc7a9730972b927f01fdf3bc98946ca1b50a,euler,16x16,9699,0.0002989063796121627,0.08189720705468971,1.0,0,0,0,,,0.4049811673302198
20260123_221112,2026-01-23T22:17:17.740508,15cedc7a9730972b927f01fdf3bc98946ca1b50a,euler,16x16,9799,0.00040214601904153824,0.08261745142796827,1.0,0,0,0,,,0.4050339177725272
20260123_221112,2026-01-23T22:17:18.578441,15cedc7a9730972b927f01fdf3bc98946ca1b50a,euler,16x16,9899,0.00021494521934073418,0.07750612384207671,1.0,0,0,0,,,0.4063004201224927
20260123_221112,2026-01-23T22:17:19.287809,15cedc7a9730972b927f01fdf3bc98946ca1b50a,euler,16x16,9999,0.00017051247414201498,0.0801931600304215,1.0,0,0,0,,,0.4056708489989269
20260123_221112,2026-01-23T22:17:20.101163,15cedc7a9730972b927f01fdf3bc98946ca1b50a,euler,16x16,10099,0.00015800498658791184,0.08085290824074036,1.0,0,0,0,,,0.40552573798883523
20260123_221112,2026-01-23T22:17:20.870416,15cedc7a9730972b927f01fdf3bc98946ca1b50a,euler,16x16,10199,0.00045283621875569224,0.080657569307823,1.0,0,0,0,,,0.40547218569544985
20260123_221112,2026-01-23T22:17:21.686772,15cedc7a9730972b927f01fdf3bc98946ca1b50a,euler,16x16,10299,0.000304869725368917,0.0759511953758465,1.0,0,0,0,,,0.4069623329575664
20260123_221112,2026-01-23T22:17:22.378976,15cedc7a9730972b927f01fdf3bc98946ca1b50a,euler,16x16,10399,0.0002897614031098783,0.07881206642951838,1.0,0,0,0,,,0.40628579657813657
20260123_221112,2026-01-23T22:17:23.204223,15cedc7a9730972b927f01fdf3bc98946ca1b50a,euler,16x16,10499,2.0847786800004542e-05,0.0823134484120692,1.0,0,0,0,,,0.4053738006609531
20260123_221112,2026-01-23T22:17:24.032144,15cedc7a9730972b927f01fdf3bc98946ca1b50a,euler,16x16,10599,0.0002716905437409878,0.08039316947860244,1.0,0,0,0,,,0.40635115060180016
20260123_221112,2026-01-23T22:17:24.882138,15cedc7a9730972b927f01fdf3bc98946ca1b50a,euler,16x16,10699,8.787759725237265e-05,0.08072385049949844,1.0,0,0,0,,,0.4060672796597494
20260123_221112,2026-01-23T22:17:25.627279,15cedc7a9730972b927f01fdf3bc98946ca1b50a,euler,16x16,10799,0.0002904832363128662,0.07709447124550024,1.0,0,0,0,,,0.40732379064067936
20260123_221112,2026-01-23T22:17:26.310905,15cedc7a9730972b927f01fdf3bc98946ca1b50a,euler,16x16,10899,0.0005109250778332353,0.07551740622517172,1.0,0,0,0,,,0.40753591303366155
20260123_221112,2026-01-23T22:17:27.128605,15cedc7a9730972b927f01fdf3bc98946ca1b50a,euler,16x16,10999,0.00024370400933548808,0.07714655176977431,1.0,0,0,0,,,0.4071570967770872
20260123_221112,2026-01-23T22:17:27.930683,15cedc7a9730972b927f01fdf3bc98946ca1b50a,euler,16x16,11099,0.00035213230876252055,0.08099151054418144,1.0,0,0,0,,,0.40614770781739107
20260123_221112,2026-01-23T22:17:28.771265,15cedc7a9730972b927f01fdf3bc98946ca1b50a,euler,16x16,11199,0.0003151489654555917,0.07279304392744962,1.0,0,0,0,,,0.407884362789538
20260123_221112,2026-01-23T22:17:29.467724,15cedc7a9730972b927f01fdf3bc98946ca1b50a,euler,16x16,11299,-9.667495760368183e-05,0.07799115063974568,1.0,0,0,0,,,0.40728829055926613
20260123_221112,2026-01-23T22:17:30.317648,15cedc7a9730972b927f01fdf3bc98946ca1b50a,euler,16x16,11399,-3.8862395740579814e-05,0.0735041914408157,1.0,0,0,0,,,0.40843569113436184
20260123_221112,2026-01-23T22:17:31.155175,15cedc7a9730972b927f01fdf3bc98946ca1b50a,euler,16x16,11499,3.4426775528118014e-05,0.07624153160443711,1.0,0,0,0,,,0.40793110684306777
20260123_221112,2026-01-23T22:17:31.836044,15cedc7a9730972b927f01fdf3bc98946ca1b50a,euler,16x16,11599,0.00019314995734021068,0.07716858182746364,1.0,0,0,0,,,0.40754664669234464
20260123_221112,2026-01-23T22:17:32.664835,15cedc7a9730972b927f01fdf3bc98946ca1b50a,euler,16x16,11699,0.00042373035103082657,0.07614807236423075,1.0,0,0,0,,,0.4080806797988001
20260123_221112,2026-01-23T22:17:33.484150,15cedc7a9730972b927f01fdf3bc98946ca1b50a,euler,16x16,11799,0.00045232241973280907,0.0751901039450422,1.0,0,0,0,,,0.40826065433602
20260123_221112,2026-01-23T22:17:34.305082,15cedc7a9730972b927f01fdf3bc98946ca1b50a,euler,16x16,11899,0.0007519813952967525,0.07500160832712027,1.0,0,0,0,,,0.4084139009295566
20260123_221112,2026-01-23T22:17:34.990984,15cedc7a9730972b927f01fdf3bc98946ca1b50a,euler,16x16,11999,0.0002767268451862037,0.07424637464650004,1.0,0,0,0,,,0.40852002721399466
20260123_221112,2026-01-23T22:17:35.820905,15cedc7a9730972b927f01fdf3bc98946ca1b50a,euler,16x16,12099,0.0001210775735671632,0.06936711438683688,1.0,0,0,0,,,0.4094539380940794
20260123_221112,2026-01-23T22:17:36.625483,15cedc7a9730972b927f01fdf3bc98946ca1b50a,euler,16x16,12199,0.0002625028428155929,0.07031144114596827,1.0,0,0,0,,,0.40951573594965024
20260123_221112,2026-01-23T22:17:37.420163,15cedc7a9730972b927f01fdf3bc98946ca1b50a,euler,16x16,12299,0.00026703785988502204,0.07141914440334403,1.0,0,0,0,,,0.4094787028907628
20260123_221112,2026-01-23T22:17:38.262316,15cedc7a9730972b927f01fdf3bc98946ca1b50a,euler,16x16,12399,0.00033408956369385123,0.07826390111958062,1.0,0,0,0,,,0.40757074038713403
20260123_221112,2026-01-23T22:17:38.948000,15cedc7a9730972b927f01fdf3bc98946ca1b50a,euler,16x16,12499,0.00019151010201312602,0.0741366069241758,1.0,0,0,0,,,0.4088801447466017
20260123_221112,2026-01-23T22:17:39.876704,15cedc7a9730972b927f01fdf3bc98946ca1b50a,euler,16x16,12599,0.0006385138840414584,0.07228344668574209,1.0,0,0,0,,,0.4093977372069691
20260123_221112,2026-01-23T22:17:40.609298,15cedc7a9730972b927f01fdf3bc98946ca1b50a,euler,16x16,12699,0.00020575776579789817,0.06832841037533399,1.0,0,0,0,,,0.4102781501461302
20260123_221112,2026-01-23T22:17:41.331787,15cedc7a9730972b927f01fdf3bc98946ca1b50a,euler,16x16,12799,0.0001903170777950436,0.07680185670558785,1.0,0,0,0,,,0.40821236613642764
20260123_221112,2026-01-23T22:17:42.058103,15cedc7a9730972b927f01fdf3bc98946ca1b50a,euler,16x16,12899,0.0003027201455552131,0.0666209886636716,1.0,0,0,0,,,0.41041241872130935
20260123_221112,2026-01-23T22:17:42.747155,15cedc7a9730972b927f01fdf3bc98946ca1b50a,euler,16x16,12999,7.49689934309572e-05,0.07106413954145864,1.0,0,0,0,,,0.40963120798884733
20260123_221112,2026-01-23T22:17:43.452837,15cedc7a9730972b927f01fdf3bc98946ca1b50a,euler,16x16,13099,0.0002851190511137247,0.0708110356841098,1.0,0,0,0,,,0.4100154995926552
20260123_221112,2026-01-23T22:17:44.314157,15cedc7a9730972b927f01fdf3bc98946ca1b50a,euler,16x16,13199,-3.905707853846252e-05,0.07116950268753498,1.0,0,0,0,,,0.4097600169621034
20260123_221112,2026-01-23T22:17:45.153811,15cedc7a9730972b927f01fdf3bc98946ca1b50a,euler,16x16,13299,0.00029729510424658656,0.06842112944349538,1.0,0,0,0,,,0.41020647358466594
20260123_221112,2026-01-23T22:17:45.989706,15cedc7a9730972b927f01fdf3bc98946ca1b50a,euler,16x16,13399,6.283029506448656e-05,0.07102403837272504,1.0,0,0,0,,,0.40970396755174304
20260123_221112,2026-01-23T22:17:47.078947,15cedc7a9730972b927f01fdf3bc98946ca1b50a,euler,16x16,13499,0.0003444001777097583,0.06796105862493278,1.0,0,0,0,,,0.41069083450731236
20260123_221112,2026-01-23T22:17:48.321503,15cedc7a9730972b927f01fdf3bc98946ca1b50a,euler,16x16,13599,0.0002244735514977947,0.0700713067702145,1.0,0,0,0,,,0.4101695259416004
20260123_221112,2026-01-23T22:17:49.147994,15cedc7a9730972b927f01fdf3bc98946ca1b50a,euler,16x16,13699,0.0001919393689604476,0.07248463912950683,1.0,0,0,0,,,0.40965455500141296
20260123_221112,2026-01-23T22:17:49.921982,15cedc7a9730972b927f01fdf3bc98946ca1b50a,euler,16x16,13799,0.0005912355845794082,0.07034498812624407,1.0,0,0,0,,,0.4101868218850849
20260123_221112,2026-01-23T22:17:50.704702,15cedc7a9730972b927f01fdf3bc98946ca1b50a,euler,16x16,13899,0.0001983026450034231,0.06786198994873302,1.0,0,0,0,,,0.41051004459118
20260123_221112,2026-01-23T22:17:51.418879,15cedc7a9730972b927f01fdf3bc98946ca1b50a,euler,16x16,13999,0.00019404961494728923,0.07173019989787463,1.0,0,0,0,,,0.40970216463418196
20260123_221112,2026-01-23T22:17:52.397980,15cedc7a9730972b927f01fdf3bc98946ca1b50a,euler,16x16,14099,0.00043232462485320866,0.07316924931304129,1.0,0,0,0,,,0.4094560986142897
20260123_221112,2026-01-23T22:17:53.189633,15cedc7a9730972b927f01fdf3bc98946ca1b50a,euler,16x16,14199,-0.00017732669948600233,0.0718283501323549,1.0,0,0,0,,,0.409817059320302
20260123_221112,2026-01-23T22:17:53.882847,15cedc7a9730972b927f01fdf3bc98946ca1b50a,euler,16x16,14299,0.00022673350758850574,0.07530952850363974,1.0,0,0,0,,,0.4087884151611487
20260123_221112,2026-01-23T22:17:54.720549,15cedc7a9730972b927f01fdf3bc98946ca1b50a,euler,16x16,14399,0.0002374368195887655,0.06548251285041715,1.0,0,0,0,,,0.41129572816421167
20260123_221112,2026-01-23T22:17:55.505230,15cedc7a9730972b927f01fdf3bc98946ca1b50a,euler,16x16,14499,-0.00012030584912281483,0.07201980470609669,1.0,0,0,0,,,0.4099257363765223
20260123_221112,2026-01-23T22:17:56.316053,15cedc7a9730972b927f01fdf3bc98946ca1b50a,euler,16x16,14599,-5.6993740145117044e-05,0.06745877552761158,1.0,0,0,0,,,0.4110187391142862
20260123_221112,2026-01-23T22:17:57.116765,15cedc7a9730972b927f01fdf3bc98946ca1b50a,euler,16x16,14699,0.00023985285952221602,0.06651389805022064,1.0,0,0,0,,,0.411250346808151
20260123_221112,2026-01-23T22:17:57.792703,15cedc7a9730972b927f01fdf3bc98946ca1b50a,euler,16x16,14799,0.00012431558570824564,0.06700461816912139,1.0,0,0,0,,,0.41111032929791846
20260123_221112,2026-01-23T22:17:58.555377,15cedc7a9730972b927f01fdf3bc98946ca1b50a,euler,16x16,14899,-4.913746670354158e-05,0.07572655457176553,1.0,0,0,0,,,0.4087211052212033
20260123_221112,2026-01-23T22:17:59.319684,15cedc7a9730972b927f01fdf3bc98946ca1b50a,euler,16x16,14999,0.00036686091334559023,0.07143937233980978,1.0,0,0,0,,,0.4099593261675744
20260123_221112,2026-01-23T22:18:00.023399,15cedc7a9730972b927f01fdf3bc98946ca1b50a,euler,16x16,15099,-0.00011554147204151377,0.0685687049411581,1.0,0,0,0,,,0.41074946668170675
20260123_221112,2026-01-23T22:18:00.816026,15cedc7a9730972b927f01fdf3bc98946ca1b50a,euler,16x16,15199,0.0004110354057047516,0.07609887906622134,1.0,0,0,0,,,0.40867667721754297
20260123_221112,2026-01-23T22:18:01.682962,15cedc7a9730972b927f01fdf3bc98946ca1b50a,euler,16x16,15299,6.510657112812623e-05,0.06510687109111586,1.0,0,0,0,,,0.41159988950544335
20260123_221112,2026-01-23T22:18:02.459584,15cedc7a9730972b927f01fdf3bc98946ca1b50a,euler,16x16,15399,0.0002374226605752483,0.06702079660301025,1.0,0,0,0,,,0.41093557872044567
20260123_221112,2026-01-23T22:18:03.250953,15cedc7a9730972b927f01fdf3bc98946ca1b50a,euler,16x16,15499,0.00025560345966368914,0.06854140404228928,1.0,0,0,0,,,0.4109509685053305
20260123_221112,2026-01-23T22:18:03.950768,15cedc7a9730972b927f01fdf3bc98946ca1b50a,euler,16x16,15599,0.0005226354696787894,0.07180904162449224,1.0,0,0,0,,,0.410101557622042
20260123_221112,2026-01-23T22:18:04.726282,15cedc7a9730972b927f01fdf3bc98946ca1b50a,euler,16x16,15699,2.8141061193309724e-05,0.06831039635756497,1.0,0,0,0,,,0.41087562936691013
20260123_221112,2026-01-23T22:18:05.415420,15cedc7a9730972b927f01fdf3bc98946ca1b50a,euler,16x16,15799,0.0003691280144266784,0.0693673296394445,1.0,0,0,0,,,0.410715367977071
20260123_221112,2026-01-23T22:18:06.111796,15cedc7a9730972b927f01fdf3bc98946ca1b50a,euler,16x16,15899,0.00017380272038280964,0.06491526157526095,1.0,0,0,0,,,0.4118683055156569
20260123_221112,2026-01-23T22:18:06.878616,15cedc7a9730972b927f01fdf3bc98946ca1b50a,euler,16x16,15999,-0.00025730818742886186,0.06375503411964928,1.0,0,0,0,,,0.41184042351386113
20260123_221112,2026-01-23T22:18:07.569928,15cedc7a9730972b927f01fdf3bc98946ca1b50a,euler,16x16,16099,-5.6796758144628257e-05,0.069873280505617,1.0,0,0,0,,,0.4106682841752872
20260123_221112,2026-01-23T22:18:08.315958,15cedc7a9730972b927f01fdf3bc98946ca1b50a,euler,16x16,16199,0.00034687615698203444,0.06965440120296079,1.0,0,0,0,,,0.41059577654400015
20260123_221112,2026-01-23T22:18:09.017956,15cedc7a9730972b927f01fdf3bc98946ca1b50a,euler,16x16,16299,0.0002191078820032999,0.06850317897115929,1.0,0,0,0,,,0.4110204053445106
20260123_221112,2026-01-23T22:18:09.807116,15cedc7a9730972b927f01fdf3bc98946ca1b50a,euler,16x16,16399,0.000511649705003947,0.06517473383907145,1.0,0,0,0,,,0.4117087813080918
20260123_221112,2026-01-23T22:18:10.609895,15cedc7a9730972b927f01fdf3bc98946ca1b50a,euler,16x16,16499,0.00023536724620498717,0.06667105547642677,1.0,0,0,0,,,0.41156275147921045
20260123_221112,2026-01-23T22:18:11.372452,15cedc7a9730972b927f01fdf3bc98946ca1b50a,euler,16x16,16599,0.000356459931936115,0.06774940404459812,1.0,0,0,0,,,0.41117372990628
20260123_221112,2026-01-23T22:18:12.163424,15cedc7a9730972b927f01fdf3bc98946ca1b50a,euler,16x16,16699,0.00014939805259928107,0.06644602327125085,1.0,0,0,0,,,0.4115644326045566
20260123_221112,2026-01-23T22:18:12.937620,15cedc7a9730972b927f01fdf3bc98946ca1b50a,euler,16x16,16799,0.0007071227882988751,0.06890228882784868,1.0,0,0,0,,,0.4109876059973039
20260123_221112,2026-01-23T22:18:13.708097,15cedc7a9730972b927f01fdf3bc98946ca1b50a,euler,16x16,16899,7.602058758493513e-05,0.07074923710192707,1.0,0,0,0,,,0.4106243948886425
20260123_221112,2026-01-23T22:18:14.461866,15cedc7a9730972b927f01fdf3bc98946ca1b50a,euler,16x16,16999,3.835493407677859e-05,0.07119753663713708,1.0,0,0,0,,,0.4103348827662566
20260123_221112,2026-01-23T22:18:15.157302,15cedc7a9730972b927f01fdf3bc98946ca1b50a,euler,16x16,17099,9.154099097941071e-05,0.06653705448955861,1.0,0,0,0,,,0.41171708432941206
20260123_221112,2026-01-23T22:18:15.855898,15cedc7a9730972b927f01fdf3bc98946ca1b50a,euler,16x16,17199,0.00043669238220900297,0.06085230212278475,1.0,0,0,0,,,0.41297031884338115
20260123_221112,2026-01-23T22:18:16.654850,15cedc7a9730972b927f01fdf3bc98946ca1b50a,euler,16x16,17299,0.00017235259292647243,0.06665632996009208,1.0,0,0,0,,,0.4117222840281325
20260123_221112,2026-01-23T22:18:17.427131,15cedc7a9730972b927f01fdf3bc98946ca1b50a,euler,16x16,17399,0.00045499272528104484,0.06511587047896228,1.0,0,0,0,,,0.41186372950326794
20260123_221112,2026-01-23T22:18:18.120508,15cedc7a9730972b927f01fdf3bc98946ca1b50a,euler,16x16,17499,0.0003198005142621696,0.06560495421060296,1.0,0,0,0,,,0.41192823344194507
20260123_221112,2026-01-23T22:18:18.882399,15cedc7a9730972b927f01fdf3bc98946ca1b50a,euler,16x16,17599,-4.2591953388182446e-05,0.06777862781618296,1.0,0,0,0,,,0.411275447005369
20260123_221112,2026-01-23T22:18:19.578300,15cedc7a9730972b927f01fdf3bc98946ca1b50a,euler,16x16,17699,0.0002217723085777834,0.06463400239094426,1.0,0,0,0,,,0.41194925612260613
20260123_221112,2026-01-23T22:18:20.276326,15cedc7a9730972b927f01fdf3bc98946ca1b50a,euler,16x16,17799,2.6234134566038847e-05,0.0761729772322451,1.0,0,0,0,,,0.40870818633503053
20260123_221112,2026-01-23T22:18:21.040382,15cedc7a9730972b927f01fdf3bc98946ca1b50a,euler,16x16,17899,0.0004576108476612717,0.0663155347289603,1.0,0,0,0,,,0.4118002135529732
20260123_221112,2026-01-23T22:18:21.834776,15cedc7a9730972b927f01fdf3bc98946ca1b50a,euler,16x16,17999,2.7399761165725067e-05,0.07043507599615623,1.0,0,0,0,,,0.41071216521164966
20260123_221112,2026-01-23T22:18:22.601923,15cedc7a9730972b927f01fdf3bc98946ca1b50a,euler,16x16,18099,0.00022619824449066073,0.06887519286295174,1.0,0,0,0,,,0.4111989754573941
20260123_221112,2026-01-23T22:18:23.299029,15cedc7a9730972b927f01fdf3bc98946ca1b50a,euler,16x16,18199,0.0002565952017903328,0.07125518142142027,1.0,0,0,0,,,0.41048547597364693
20260123_221112,2026-01-23T22:18:24.065748,15cedc7a9730972b927f01fdf3bc98946ca1b50a,euler,16x16,18299,8.621436427347362e-05,0.06863838710807613,1.0,0,0,0,,,0.4113846798969337
20260123_221112,2026-01-23T22:18:24.760918,15cedc7a9730972b927f01fdf3bc98946ca1b50a,euler,16x16,18399,0.0003334408102091402,0.06589839605764154,1.0,0,0,0,,,0.41206781692921124
20260123_221112,2026-01-23T22:18:25.529450,15cedc7a9730972b927f01fdf3bc98946ca1b50a,euler,16x16,18499,0.0004271712969057262,0.06490951994745502,1.0,0,0,0,,,0.41215384638750274
20260123_221112,2026-01-23T22:18:26.221335,15cedc7a9730972b927f01fdf3bc98946ca1b50a,euler,16x16,18599,0.0003150524862576276,0.064198094695721,1.0,0,0,0,,,0.41231320849324227
20260123_221112,2026-01-23T22:18:26.916555,15cedc7a9730972b927f01fdf3bc98946ca1b50a,euler,16x16,18699,-1.52374996105209e-05,0.06330234889461281,1.0,0,0,0,,,0.41253337135440543
20260123_221112,2026-01-23T22:18:27.673223,15cedc7a9730972b927f01fdf3bc98946ca1b50a,euler,16x16,18799,7.717575499555096e-05,0.07163308021452394,1.0,0,0,0,,,0.4103475633417353
20260123_221112,2026-01-23T22:18:28.436140,15cedc7a9730972b927f01fdf3bc98946ca1b50a,euler,16x16,18899,0.00037467561196535826,0.06920582478113374,1.0,0,0,0,,,0.41105003232925463
20260123_221112,2026-01-23T22:18:29.167405,15cedc7a9730972b927f01fdf3bc98946ca1b50a,euler,16x16,18999,0.0002142796292901039,0.06506028324200543,1.0,0,0,0,,,0.4122764246356673
20260123_221112,2026-01-23T22:18:29.931758,15cedc7a9730972b927f01fdf3bc98946ca1b50a,euler,16x16,19099,0.0002583075547590852,0.0678003559079798,1.0,0,0,0,,,0.4114388729708591
20260123_221112,2026-01-23T22:18:30.601865,15cedc7a9730972b927f01fdf3bc98946ca1b50a,euler,16x16,19199,-0.0002018652594415471,0.0647713234000139,1.0,0,0,0,,,0.4121957435748983
20260123_221112,2026-01-23T22:18:31.364369,15cedc7a9730972b927f01fdf3bc98946ca1b50a,euler,16x16,19299,0.00024232441501226276,0.06236726016511966,1.0,0,0,0,,,0.4127391772202084
20260123_221112,2026-01-23T22:18:32.137241,15cedc7a9730972b927f01fdf3bc98946ca1b50a,euler,16x16,19399,0.00014355636085383594,0.06744618438463931,1.0,0,0,0,,,0.41170989602608044
20260123_221112,2026-01-23T22:18:32.921228,15cedc7a9730972b927f01fdf3bc98946ca1b50a,euler,16x16,19499,0.00015961367171257734,0.06287390685014088,1.0,0,0,0,,,0.4127087377518215
20260123_221112,2026-01-23T22:18:33.616681,15cedc7a9730972b927f01fdf3bc98946ca1b50a,euler,16x16,19599,0.00037634980981238186,0.06519305295721096,1.0,0,0,0,,,0.4121474283380562
20260123_221112,2026-01-23T22:18:34.404951,15cedc7a9730972b927f01fdf3bc98946ca1b50a,euler,16x16,19699,0.00023948962916620076,0.06221360956757053,1.0,0,0,0,,,0.41248867646554677
20260123_221112,2026-01-23T22:18:35.179956,15cedc7a9730972b927f01fdf3bc98946ca1b50a,euler,16x16,19799,0.00013603387924376875,0.07240624982572626,1.0,0,0,0,,,0.4102205151810794
20260123_221112,2026-01-23T22:18:35.952536,15cedc7a9730972b927f01fdf3bc98946ca1b50a,euler,16x16,19899,0.00020245174528099597,0.06158100200043009,1.0,0,0,0,,,0.4129509792662514
20260123_221112,2026-01-23T22:18:36.737543,15cedc7a9730972b927f01fdf3bc98946ca1b50a,euler,16x16,19999,0.0004019487532787025,0.06374688463140955,1.0,0,0,0,,,0.4126031300305402
20260123_221112,2026-01-23T22:18:37.430290,15cedc7a9730972b927f01fdf3bc98946ca1b50a,euler,16x16,20099,0.0003553141141310334,0.06421106603583666,1.0,0,0,0,,,0.41215258487175893
20260123_221112,2026-01-23T22:18:38.119394,15cedc7a9730972b927f01fdf3bc98946ca1b50a,euler,16x16,20199,5.240421523922123e-05,0.06742864206872583,1.0,0,0,0,,,0.4117056687613682
20260123_221112,2026-01-23T22:18:38.821634,15cedc7a9730972b927f01fdf3bc98946ca1b50a,euler,16x16,20299,0.0002496863016858697,0.06277267327628806,1.0,0,0,0,,,0.4129558529581389
20260123_221112,2026-01-23T22:18:39.566457,15cedc7a9730972b927f01fdf3bc98946ca1b50a,euler,16x16,20399,0.00010849773389054462,0.06566309353019278,1.0,0,0,0,,,0.4121536834619619
20260123_221112,2026-01-23T22:18:40.264096,15cedc7a9730972b927f01fdf3bc98946ca1b50a,euler,16x16,20499,0.00018138199811801314,0.06345340297269103,1.0,0,0,0,,,0.4125283833108375
20260123_221112,2026-01-23T22:18:41.021065,15cedc7a9730972b927f01fdf3bc98946ca1b50a,euler,16x16,20599,-6.0371108702383935e-05,0.06419985498352161,1.0,0,0,0,,,0.41256327448919516
20260123_221112,2026-01-23T22:18:41.719898,15cedc7a9730972b927f01fdf3bc98946ca1b50a,euler,16x16,20699,0.00011797613115049899,0.061680911613514126,1.0,0,0,0,,,0.41301777856427335
20260123_221112,2026-01-23T22:18:42.514894,15cedc7a9730972b927f01fdf3bc98946ca1b50a,euler,16x16,20799,9.962276817532256e-05,0.06490294489550706,1.0,0,0,0,,,0.41241077757716244
20260123_221112,2026-01-23T22:18:43.306459,15cedc7a9730972b927f01fdf3bc98946ca1b50a,euler,16x16,20899,8.026762225199491e-05,0.06516092167259104,1.0,0,0,0,,,0.41229433083578987
20260123_221112,2026-01-23T22:18:44.099161,15cedc7a9730972b927f01fdf3bc98946ca1b50a,euler,16x16,20999,7.849209941923618e-05,0.0635568802976286,1.0,0,0,0,,,0.4127166236770598
20260123_221112,2026-01-23T22:18:44.865315,15cedc7a9730972b927f01fdf3bc98946ca1b50a,euler,16x16,21099,0.0004160901880823076,0.06416234062513013,1.0,0,0,0,,,0.41266078967893394
20260123_221112,2026-01-23T22:18:45.653299,15cedc7a9730972b927f01fdf3bc98946ca1b50a,euler,16x16,21199,3.713224577950314e-05,0.06547041442542195,1.0,0,0,0,,,0.4122055079460385
20260123_221112,2026-01-23T22:18:46.484955,15cedc7a9730972b927f01fdf3bc98946ca1b50a,euler,16x16,21299,0.00017197428678628057,0.06464940127974388,1.0,0,0,0,,,0.4126215113048349
20260123_221112,2026-01-23T22:18:47.582654,15cedc7a9730972b927f01fdf3bc98946ca1b50a,euler,16x16,21399,0.0003176193276885897,0.0615814908448192,1.0,0,0,0,,,0.4132813533383747
20260123_221112,2026-01-23T22:18:48.645388,15cedc7a9730972b927f01fdf3bc98946ca1b50a,euler,16x16,21499,0.00021066144108772278,0.062112102543899254,1.0,0,0,0,,,0.4130492336266687
20260123_221112,2026-01-23T22:18:49.406034,15cedc7a9730972b927f01fdf3bc98946ca1b50a,euler,16x16,21599,0.00034446478821337223,0.06049836891488667,1.0,0,0,0,,,0.41347893102031436
20260123_221112,2026-01-23T22:18:50.087362,15cedc7a9730972b927f01fdf3bc98946ca1b50a,euler,16x16,21699,0.00045245420187711716,0.05686841569855687,1.0,0,0,0,,,0.4139323453915831
20260123_221112,2026-01-23T22:18:50.860492,15cedc7a9730972b927f01fdf3bc98946ca1b50a,euler,16x16,21799,0.00024186584050767124,0.06468537304207075,1.0,0,0,0,,,0.41252346682033836
20260123_221112,2026-01-23T22:18:51.533135,15cedc7a9730972b927f01fdf3bc98946ca1b50a,euler,16x16,21899,-9.879571734927595e-06,0.0586421998654987,1.0,0,0,0,,,0.4134874895513113
20260123_221112,2026-01-23T22:18:52.294926,15cedc7a9730972b927f01fdf3bc98946ca1b50a,euler,16x16,21999,0.00016339858120772988,0.0598245314832252,1.0,0,0,0,,,0.4134903931878901
20260123_221112,2026-01-23T22:18:53.046970,15cedc7a9730972b927f01fdf3bc98946ca1b50a,euler,16x16,22099,0.00023123499704524875,0.06493555247167933,1.0,0,0,0,,,0.41247220787696826
20260123_221112,2026-01-23T22:18:53.713737,15cedc7a9730972b927f01fdf3bc98946ca1b50a,euler,16x16,22199,0.0003477886784821749,0.066678384089671,1.0,0,0,0,,,0.411998325849953
20260123_221112,2026-01-23T22:18:54.490640,15cedc7a9730972b927f01fdf3bc98946ca1b50a,euler,16x16,22299,0.00016325913020409644,0.06121004523708052,1.0,0,0,0,,,0.4133692459265712
20260123_221112,2026-01-23T22:18:55.279682,15cedc7a9730972b927f01fdf3bc98946ca1b50a,euler,16x16,22399,8.558334229746833e-06,0.05563745212355798,1.0,0,0,0,,,0.413971176750327
20260123_221112,2026-01-23T22:18:55.975007,15cedc7a9730972b927f01fdf3bc98946ca1b50a,euler,16x16,22499,-6.63228565827012e-05,0.06254084519254548,1.0,0,0,0,,,0.41308384472108517
20260123_221112,2026-01-23T22:18:56.753065,15cedc7a9730972b927f01fdf3bc98946ca1b50a,euler,16x16,22599,0.0003057975263800472,0.0600453591073574,1.0,0,0,0,,,0.413503199961441
20260123_221112,2026-01-23T22:18:57.447161,15cedc7a9730972b927f01fdf3bc98946ca1b50a,euler,16x16,22699,0.00018685331451706588,0.06453451749594478,1.0,0,0,0,,,0.4125804212107219
20260123_221112,2026-01-23T22:18:58.221232,15cedc7a9730972b927f01fdf3bc98946ca1b50a,euler,16x16,22799,-0.0001569084415677935,0.06161349047503336,1.0,0,0,0,,,0.41332359625506493
20260123_221112,2026-01-23T22:18:58.974183,15cedc7a9730972b927f01fdf3bc98946ca1b50a,euler,16x16,22899,0.000197747751371935,0.06122365126031127,1.0,0,0,0,,,0.41335621708134196
20260123_221112,2026-01-23T22:18:59.734105,15cedc7a9730972b927f01fdf3bc98946ca1b50a,euler,16x16,22999,0.00040212299791164696,0.06331864031013992,1.0,0,0,0,,,0.4127946131486619
20260123_221112,2026-01-23T22:19:00.496193,15cedc7a9730972b927f01fdf3bc98946ca1b50a,euler,16x16,23099,0.00018080274458043277,0.06275732941904152,1.0,0,0,0,,,0.41301368758821577
20260123_221112,2026-01-23T22:19:01.196582,15cedc7a9730972b927f01fdf3bc98946ca1b50a,euler,16x16,23199,-5.344427700038068e-05,0.059940409832152,1.0,0,0,0,,,0.4136063240124205
20260123_221112,2026-01-23T22:19:02.006912,15cedc7a9730972b927f01fdf3bc98946ca1b50a,euler,16x16,23299,0.00015449999773409218,0.05879289605417398,1.0,0,0,0,,,0.4141270677347668
20260123_221112,2026-01-23T22:19:02.778706,15cedc7a9730972b927f01fdf3bc98946ca1b50a,euler,16x16,23399,0.00028778688283637166,0.06612295772358266,1.0,0,0,0,,,0.41232102895980266
20260123_221112,2026-01-23T22:19:03.552439,15cedc7a9730972b927f01fdf3bc98946ca1b50a,euler,16x16,23499,0.00017957254021894187,0.060546196111640714,1.0,0,0,0,,,0.4132886551151094
20260123_221112,2026-01-23T22:19:04.247609,15cedc7a9730972b927f01fdf3bc98946ca1b50a,euler,16x16,23599,0.00017349066911265254,0.058932650044976075,1.0,0,0,0,,,0.4136487227614762
20260123_221112,2026-01-23T22:19:05.007846,15cedc7a9730972b927f01fdf3bc98946ca1b50a,euler,16x16,23699,0.00044283110764808953,0.06322057649789031,1.0,0,0,0,,,0.4128273505763078
20260123_221112,2026-01-23T22:19:05.692246,15cedc7a9730972b927f01fdf3bc98946ca1b50a,euler,16x16,23799,0.00021741149248555303,0.0667446793480076,1.0,0,0,0,,,0.412000169256997
20260123_221112,2026-01-23T22:19:06.375288,15cedc7a9730972b927f01fdf3bc98946ca1b50a,euler,16x16,23899,0.0003204583190381527,0.06550089546861727,1.0,0,0,0,,,0.4123944747593067
20260123_221112,2026-01-23T22:19:07.073438,15cedc7a9730972b927f01fdf3bc98946ca1b50a,euler,16x16,23999,-2.1642554202117026e-05,0.058082689217862936,1.0,0,0,0,,,0.41414870025060235
20260123_221112,2026-01-23T22:19:07.880805,15cedc7a9730972b927f01fdf3bc98946ca1b50a,euler,16x16,24099,0.00023913176846690476,0.06526076268779889,1.0,0,0,0,,,0.41246658395757463
20260123_221112,2026-01-23T22:19:08.648411,15cedc7a9730972b927f01fdf3bc98946ca1b50a,euler,16x16,24199,0.00023052880715113133,0.06379462040836416,1.0,0,0,0,,,0.4128751400850693
20260123_221112,2026-01-23T22:19:09.364639,15cedc7a9730972b927f01fdf3bc98946ca1b50a,euler,16x16,24299,0.00026358445757068694,0.06063780755060634,1.0,0,0,0,,,0.4134889320584462
20260123_221112,2026-01-23T22:19:10.050513,15cedc7a9730972b927f01fdf3bc98946ca1b50a,euler,16x16,24399,0.0005339193739928305,0.060581607509011516,1.0,0,0,0,,,0.4136829625766788
20260123_221112,2026-01-23T22:19:10.819240,15cedc7a9730972b927f01fdf3bc98946ca1b50a,euler,16x16,24499,0.0004293514066375792,0.06196544292947238,1.0,0,0,0,,,0.41317336878082256
20260123_221112,2026-01-23T22:19:11.594419,15cedc7a9730972b927f01fdf3bc98946ca1b50a,euler,16x16,24599,-1.8511724192649126e-05,0.05928382564854246,1.0,0,0,0,,,0.4136684242268794
20260123_221112,2026-01-23T22:19:12.329061,15cedc7a9730972b927f01fdf3bc98946ca1b50a,euler,16x16,24699,0.00019028611131943762,0.06430296965026627,1.0,0,0,0,,,0.4126620612313842
20260123_221112,2026-01-23T22:19:13.071805,15cedc7a9730972b927f01fdf3bc98946ca1b50a,euler,16x16,24799,9.825834422372282e-05,0.06693278903539976,1.0,0,0,0,,,0.4119077076221097
20260123_221112,2026-01-23T22:19:13.879947,15cedc7a9730972b927f01fdf3bc98946ca1b50a,euler,16x16,24899,0.0002780785143841058,0.06287895412647913,1.0,0,0,0,,,0.4128671376482794
20260123_221112,2026-01-23T22:19:14.607062,15cedc7a9730972b927f01fdf3bc98946ca1b50a,euler,16x16,24999,0.00045228024828247726,0.06177192373208527,1.0,0,0,0,,,0.4132083848324195
20260123_221112,2026-01-23T22:19:15.327311,15cedc7a9730972b927f01fdf3bc98946ca1b50a,euler,16x16,25099,0.00016084130038507283,0.060596733993199904,1.0,0,0,0,,,0.4135310820622984
20260123_221112,2026-01-23T22:19:16.036510,15cedc7a9730972b927f01fdf3bc98946ca1b50a,euler,16x16,25199,0.0001588715531397611,0.058138006974224936,1.0,0,0,0,,,0.413951940297998
20260123_221112,2026-01-23T22:19:16.777654,15cedc7a9730972b927f01fdf3bc98946ca1b50a,euler,16x16,25299,0.0001269934291485697,0.062066121885495706,1.0,0,0,0,,,0.4132528294646445
20260123_221112,2026-01-23T22:19:17.492501,15cedc7a9730972b927f01fdf3bc98946ca1b50a,euler,16x16,25399,0.00023147976025938988,0.0586471290725558,1.0,0,0,0,,,0.4140394406753695
20260123_221112,2026-01-23T22:19:18.228557,15cedc7a9730972b927f01fdf3bc98946ca1b50a,euler,16x16,25499,0.0001633292413316667,0.059621642786250956,1.0,0,0,0,,,0.4139881257039728
20260123_221112,2026-01-23T22:19:19.038149,15cedc7a9730972b927f01fdf3bc98946ca1b50a,euler,16x16,25599,5.2312203479232267e-05,0.05960719501325684,1.0,0,0,0,,,0.4138982207409093
20260123_221112,2026-01-23T22:19:19.848534,15cedc7a9730972b927f01fdf3bc98946ca1b50a,euler,16x16,25699,0.0004343253676779568,0.05624206567611964,1.0,0,0,0,,,0.41365049710765733
20260123_221112,2026-01-23T22:19:20.669490,15cedc7a9730972b927f01fdf3bc98946ca1b50a,euler,16x16,25799,0.0003168440889567137,0.06067019715040715,1.0,0,0,0,,,0.4135072759204286
20260123_221112,2026-01-23T22:19:21.391685,15cedc7a9730972b927f01fdf3bc98946ca1b50a,euler,16x16,25899,0.00010552853927947581,0.05712661315240439,1.0,0,0,0,,,0.4142471774615641
20260123_221112,2026-01-23T22:19:22.191874,15cedc7a9730972b927f01fdf3bc98946ca1b50a,euler,16x16,25999,5.158450221642852e-05,0.05899184331862898,1.0,0,0,0,,,0.4138932328805712
20260123_221112,2026-01-23T22:19:22.906580,15cedc7a9730972b927f01fdf3bc98946ca1b50a,euler,16x16,26099,0.00014026937424205244,0.061772234748816574,1.0,0,0,0,,,0.41339764024133785
20260123_221112,2026-01-23T22:19:23.736097,15cedc7a9730972b927f01fdf3bc98946ca1b50a,euler,16x16,26199,-2.627367211971432e-05,0.058849838809562696,1.0,0,0,0,,,0.4139446264916682
20260123_221112,2026-01-23T22:19:24.482200,15cedc7a9730972b927f01fdf3bc98946ca1b50a,euler,16x16,26299,7.981914677657187e-06,0.060667188074774,1.0,0,0,0,,,0.41346191307515434
20260123_221112,2026-01-23T22:19:25.321913,15cedc7a9730972b927f01fdf3bc98946ca1b50a,euler,16x16,26399,0.0003799987898673862,0.06211063594049619,1.0,0,0,0,,,0.41327105518145946
20260123_221112,2026-01-23T22:19:26.161345,15cedc7a9730972b927f01fdf3bc98946ca1b50a,euler,16x16,26499,0.00028185074916109443,0.062211421910885745,1.0,0,0,0,,,0.413293776029634
20260123_221112,2026-01-23T22:19:26.896495,15cedc7a9730972b927f01fdf3bc98946ca1b50a,euler,16x16,26599,0.00040852557867765427,0.06475239556696125,1.0,0,0,0,,,0.41245727747494887
20260123_221112,2026-01-23T22:19:27.628795,15cedc7a9730972b927f01fdf3bc98946ca1b50a,euler,16x16,26699,0.00017644322360865772,0.06093806162742567,1.0,0,0,0,,,0.41355480464594907
20260123_221112,2026-01-23T22:19:28.475879,15cedc7a9730972b927f01fdf3bc98946ca1b50a,euler,16x16,26799,0.0003362829447723925,0.0642469437036084,1.0,0,0,0,,,0.4127089124983787
20260123_221112,2026-01-23T22:19:29.311558,15cedc7a9730972b927f01fdf3bc98946ca1b50a,euler,16x16,26899,-0.00016835247515700758,0.06366641989670142,1.0,0,0,0,,,0.4128070912743723
20260123_221112,2026-01-23T22:19:30.042181,15cedc7a9730972b927f01fdf3bc98946ca1b50a,euler,16x16,26999,0.0003261692763771862,0.06412731647541704,1.0,0,0,0,,,0.4128167261853357
20260123_221112,2026-01-23T22:19:30.739158,15cedc7a9730972b927f01fdf3bc98946ca1b50a,euler,16x16,27099,9.908824722515419e-05,0.06047485973221683,1.0,0,0,0,,,0.4136398698880418
20260123_221112,2026-01-23T22:19:31.506043,15cedc7a9730972b927f01fdf3bc98946ca1b50a,euler,16x16,27199,0.0002231231046607718,0.0647635376045264,1.0,0,0,0,,,0.4126613536903293
20260123_221112,2026-01-23T22:19:32.198654,15cedc7a9730972b927f01fdf3bc98946ca1b50a,euler,16x16,27299,2.6539659302216023e-05,0.06158540879641123,1.0,0,0,0,,,0.41336145346620146
20260123_221112,2026-01-23T22:19:32.937426,15cedc7a9730972b927f01fdf3bc98946ca1b50a,euler,16x16,27399,-0.00015181627532001585,0.06274506206148317,1.0,0,0,0,,,0.4129361314851048
20260123_221112,2026-01-23T22:19:33.654801,15cedc7a9730972b927f01fdf3bc98946ca1b50a,euler,16x16,27499,0.0002922079002019018,0.06642488663936547,1.0,0,0,0,,,0.4122148300289748
20260123_221112,2026-01-23T22:19:34.340999,15cedc7a9730972b927f01fdf3bc98946ca1b50a,euler,16x16,27599,0.00011775553866755217,0.06197550238488475,1.0,0,0,0,,,0.4133789855357028
20260123_221112,2026-01-23T22:19:35.123631,15cedc7a9730972b927f01fdf3bc98946ca1b50a,euler,16x16,27699,0.0003529866808094084,0.054151007158423,1.0,0,0,0,,,0.4148920133760268
20260123_221112,2026-01-23T22:19:35.979739,15cedc7a9730972b927f01fdf3bc98946ca1b50a,euler,16x16,27799,0.00022167802671901882,0.05529482499533515,1.0,0,0,0,,,0.4147625998371817
20260123_221112,2026-01-23T22:19:36.836813,15cedc7a9730972b927f01fdf3bc98946ca1b50a,euler,16x16,27899,-4.661652201320976e-05,0.05967671614531582,1.0,0,0,0,,,0.41388475725228013
20260123_221112,2026-01-23T22:19:37.576194,15cedc7a9730972b927f01fdf3bc98946ca1b50a,euler,16x16,27999,-0.00018959528824780136,0.05229006228555818,1.0,0,0,0,,,0.41424879323334035
20260123_221112,2026-01-23T22:19:38.316112,15cedc7a9730972b927f01fdf3bc98946ca1b50a,euler,16x16,28099,0.0004631202027667314,0.05935478167402607,1.0,0,0,0,,,0.4140410003011426
20260123_221112,2026-01-23T22:19:39.047638,15cedc7a9730972b927f01fdf3bc98946ca1b50a,euler,16x16,28199,0.0002168798673665151,0.059141555510414036,1.0,0,0,0,,,0.4139371060103323
20260123_221112,2026-01-23T22:19:39.846981,15cedc7a9730972b927f01fdf3bc98946ca1b50a,euler,16x16,28299,0.00043688842561095953,0.05686310475829714,1.0,0,0,0,,,0.4140917208880064
20260123_221112,2026-01-23T22:19:40.644623,15cedc7a9730972b927f01fdf3bc98946ca1b50a,euler,16x16,28399,1.909046113723889e-05,0.058536746383579155,1.0,0,0,0,,,0.41405323233054225
20260123_221112,2026-01-23T22:19:41.500531,15cedc7a9730972b927f01fdf3bc98946ca1b50a,euler,16x16,28499,2.563628186180722e-05,0.0597213215383772,1.0,0,0,0,,,0.4138285872057647
20260123_221112,2026-01-23T22:19:42.350964,15cedc7a9730972b927f01fdf3bc98946ca1b50a,euler,16x16,28599,-5.764155503129587e-06,0.05528511435750488,1.0,0,0,0,,,0.41430032447806947
20260123_221112,2026-01-23T22:19:43.198775,15cedc7a9730972b927f01fdf3bc98946ca1b50a,euler,16x16,28699,4.221285053063184e-06,0.05931031307369949,1.0,0,0,0,,,0.4139678652370319
20260123_221112,2026-01-23T22:19:43.940341,15cedc7a9730972b927f01fdf3bc98946ca1b50a,euler,16x16,28799,0.00012844923185184598,0.05995245708155835,1.0,0,0,0,,,0.4139195969374593
20260123_221112,2026-01-23T22:19:44.696389,15cedc7a9730972b927f01fdf3bc98946ca1b50a,euler,16x16,28899,0.00023678668367210776,0.060054187344951514,1.0,0,0,0,,,0.4138482031477203
20260123_221112,2026-01-23T22:19:45.422162,15cedc7a9730972b927f01fdf3bc98946ca1b50a,euler,16x16,28999,0.0003343696880619973,0.058648413382702526,1.0,0,0,0,,,0.4140379897321549
20260123_221112,2026-01-23T22:19:46.353259,15cedc7a9730972b927f01fdf3bc98946ca1b50a,euler,16x16,29099,0.0002718163304962218,0.06013662903042359,1.0,0,0,0,,,0.4137405048892824
20260123_221112,2026-01-23T22:19:47.614773,15cedc7a9730972b927f01fdf3bc98946ca1b50a,euler,16x16,29199,0.00033782317768782377,0.06144133144395255,1.0,0,0,0,,,0.4135021999941183
20260123_221112,2026-01-23T22:19:48.713906,15cedc7a9730972b927f01fdf3bc98946ca1b50a,euler,16x16,29299,0.00027737891650758684,0.05703397540320339,1.0,0,0,0,,,0.4144032651385149
20260123_221112,2026-01-23T22:19:49.486434,15cedc7a9730972b927f01fdf3bc98946ca1b50a,euler,16x16,29399,1.7831061995821074e-05,0.06120483736568076,1.0,0,0,0,,,0.4135216999513583
20260123_221112,2026-01-23T22:19:50.242729,15cedc7a9730972b927f01fdf3bc98946ca1b50a,euler,16x16,29499,0.0004856684827245772,0.055099325181522545,1.0,0,0,0,,,0.4146639575576739
20260123_221112,2026-01-23T22:19:50.968682,15cedc7a9730972b927f01fdf3bc98946ca1b50a,euler,16x16,29599,0.00028064625803381205,0.05816001326554215,1.0,0,0,0,,,0.4141038521325937
20260123_221112,2026-01-23T22:19:51.642201,15cedc7a9730972b927f01fdf3bc98946ca1b50a,euler,16x16,29699,0.0003444696485530585,0.06266967807305264,1.0,0,0,0,,,0.4129501645249879
20260123_221112,2026-01-23T22:19:52.375027,15cedc7a9730972b927f01fdf3bc98946ca1b50a,euler,16x16,29799,0.00012528555816970766,0.05795237001993428,1.0,0,0,0,,,0.41420670289018213
20260123_221112,2026-01-23T22:19:53.117070,15cedc7a9730972b927f01fdf3bc98946ca1b50a,euler,16x16,29899,0.00032073608599603176,0.059426108203701915,1.0,0,0,0,,,0.41359656881841855
20260123_221112,2026-01-23T22:19:53.829490,15cedc7a9730972b927f01fdf3bc98946ca1b50a,euler,16x16,29999,0.00012129871174693108,0.05631195278915129,1.0,0,0,0,,,0.41466768323427305
20260123_221112,2026-01-23T22:19:54.528791,15cedc7a9730972b927f01fdf3bc98946ca1b50a,euler,16x16,30099,0.00046618146006949246,0.056032304725217724,1.0,0,0,0,,,0.4146819487543176
20260123_221112,2026-01-23T22:19:55.238622,15cedc7a9730972b927f01fdf3bc98946ca1b50a,euler,16x16,30199,0.0002624924818519503,0.05633208947893536,1.0,0,0,0,,,0.41460754121814847
20260123_221112,2026-01-23T22:19:56.026156,15cedc7a9730972b927f01fdf3bc98946ca1b50a,euler,16x16,30299,0.00018752412870526314,0.05843648444015116,1.0,0,0,0,,,0.41431285486668884
20260123_221112,2026-01-23T22:19:56.969974,15cedc7a9730972b927f01fdf3bc98946ca1b50a,euler,16x16,30399,0.00043725065188482404,0.05885388497515351,1.0,0,0,0,,,0.41410184015592855
20260123_221112,2026-01-23T22:19:57.750953,15cedc7a9730972b927f01fdf3bc98946ca1b50a,euler,16x16,30499,0.00022139245993457735,0.05797456387925422,1.0,0,0,0,,,0.4142761577109926
20260123_221112,2026-01-23T22:19:58.462154,15cedc7a9730972b927f01fdf3bc98946ca1b50a,euler,16x16,30599,-1.8015402019955218e-05,0.059706304247742994,1.0,0,0,0,,,0.41375849694953964
20260123_221112,2026-01-23T22:19:59.178675,15cedc7a9730972b927f01fdf3bc98946ca1b50a,euler,16x16,30699,0.00037080500624142587,0.05464283842879467,1.0,0,0,0,,,0.4146437603319372
20260123_221112,2026-01-23T22:19:59.887007,15cedc7a9730972b927f01fdf3bc98946ca1b50a,euler,16x16,30799,7.585294952150434e-07,0.06037565670134427,1.0,0,0,0,,,0.4136284614182435
20260123_221112,2026-01-23T22:20:00.601522,15cedc7a9730972b927f01fdf3bc98946ca1b50a,euler,16x16,30899,0.00045340435463003814,0.05437758884301729,1.0,0,0,0,,,0.4140600889908935
20260123_221112,2026-01-23T22:20:01.310947,15cedc7a9730972b927f01fdf3bc98946ca1b50a,euler,16x16,30999,-4.1742892790352926e-05,0.061476957222014336,1.0,0,0,0,,,0.41346085295270474
20260123_221112,2026-01-23T22:20:02.023111,15cedc7a9730972b927f01fdf3bc98946ca1b50a,euler,16x16,31099,0.00026304397033527493,0.05964757377686056,1.0,0,0,0,,,0.4139227803600415
20260123_221112,2026-01-23T22:20:02.750157,15cedc7a9730972b927f01fdf3bc98946ca1b50a,euler,16x16,31199,1.2371569027891383e-05,0.05289752985779387,1.0,0,0,0,,,0.4151786042142578
20260123_221112,2026-01-23T22:20:03.499852,15cedc7a9730972b927f01fdf3bc98946ca1b50a,euler,16x16,31299,8.693130075698718e-05,0.058434606632840766,1.0,0,0,0,,,0.41418527466340765
20260123_221112,2026-01-23T22:20:04.264443,15cedc7a9730972b927f01fdf3bc98946ca1b50a,euler,16x16,31399,0.0002540305140428245,0.05912986789701108,1.0,0,0,0,,,0.41386998117775586
20260123_221112,2026-01-23T22:20:04.951568,15cedc7a9730972b927f01fdf3bc98946ca1b50a,euler,16x16,31499,1.6965659597190097e-05,0.058697793535907296,1.0,0,0,0,,,0.414078147295833
20260123_221112,2026-01-23T22:20:05.683874,15cedc7a9730972b927f01fdf3bc98946ca1b50a,euler,16x16,31599,7.754925172775984e-05,0.053513348150240746,1.0,0,0,0,,,0.41477290111589854
20260123_221112,2026-01-23T22:20:06.361658,15cedc7a9730972b927f01fdf3bc98946ca1b50a,euler,16x16,31699,-0.0003174416196998209,0.05487096926625895,1.0,0,0,0,,,0.41480926802399337
20260123_221112,2026-01-23T22:20:07.084470,15cedc7a9730972b927f01fdf3bc98946ca1b50a,euler,16x16,31799,0.00014961320266593248,0.05845199856499903,1.0,0,0,0,,,0.41416026229531466
20260123_221112,2026-01-23T22:20:07.907461,15cedc7a9730972b927f01fdf3bc98946ca1b50a,euler,16x16,31899,6.228564598131925e-05,0.06099811517027092,1.0,0,0,0,,,0.4135839904261594
20260123_221112,2026-01-23T22:20:08.619925,15cedc7a9730972b927f01fdf3bc98946ca1b50a,euler,16x16,31999,3.7406858609756455e-05,0.05924543555300943,1.0,0,0,0,,,0.41400385945062224
20260123_221112,2026-01-23T22:20:09.354255,15cedc7a9730972b927f01fdf3bc98946ca1b50a,euler,16x16,32099,0.00017672477406449616,0.05968226374643791,1.0,0,0,0,,,0.4138010957097732
20260123_221112,2026-01-23T22:20:10.165080,15cedc7a9730972b927f01fdf3bc98946ca1b50a,euler,16x16,32199,0.00010187720181420445,0.06189061530752951,1.0,0,0,0,,,0.4132807305019537
20260123_221112,2026-01-23T22:20:10.896884,15cedc7a9730972b927f01fdf3bc98946ca1b50a,euler,16x16,32299,0.0003671150770969689,0.058060604932431946,1.0,0,0,0,,,0.4141544212501176
20260123_221112,2026-01-23T22:20:11.603080,15cedc7a9730972b927f01fdf3bc98946ca1b50a,euler,16x16,32399,0.00010827308869920671,0.061661407629196675,1.0,0,0,0,,,0.41324742240772505
20260123_221112,2026-01-23T22:20:12.307675,15cedc7a9730972b927f01fdf3bc98946ca1b50a,euler,16x16,32499,0.00035951213794760406,0.054242222447360294,1.0,0,0,0,,,0.41475913225134786
20260123_221112,2026-01-23T22:20:13.020969,15cedc7a9730972b927f01fdf3bc98946ca1b50a,euler,16x16,32599,0.00011069046740885824,0.056777719858741874,1.0,0,0,0,,,0.4143869344843193
20260123_221112,2026-01-23T22:20:13.815344,15cedc7a9730972b927f01fdf3bc98946ca1b50a,euler,16x16,32699,8.953281212598085e-05,0.05761255351832006,1.0,0,0,0,,,0.41433300775264126
20260123_221112,2026-01-23T22:20:14.560438,15cedc7a9730972b927f01fdf3bc98946ca1b50a,euler,16x16,32799,0.000259536987869069,0.058049213536319255,1.0,0,0,0,,,0.4141412686659964
20260123_221112,2026-01-23T22:20:15.326930,15cedc7a9730972b927f01fdf3bc98946ca1b50a,euler,16x16,32899,0.00017400944489054382,0.05393366097188391,1.0,0,0,0,,,0.4148559123555896
20260123_221112,2026-01-23T22:20:16.084934,15cedc7a9730972b927f01fdf3bc98946ca1b50a,euler,16x16,32999,0.0004067384288646281,0.0574488256918562,1.0,0,0,0,,,0.4142699795160076
20260123_221112,2026-01-23T22:20:16.903428,15cedc7a9730972b927f01fdf3bc98946ca1b50a,euler,16x16,33099,2.82860200968571e-05,0.05851832409120334,1.0,0,0,0,,,0.41371301396951893
20260123_221112,2026-01-23T22:20:17.720308,15cedc7a9730972b927f01fdf3bc98946ca1b50a,euler,16x16,33199,0.00046681074309162796,0.06129591299424419,1.0,0,0,0,,,0.4133545219582696
20260123_221112,2026-01-23T22:20:18.473568,15cedc7a9730972b927f01fdf3bc98946ca1b50a,euler,16x16,33299,9.390276682097465e-05,0.056103610183874934,1.0,0,0,0,,,0.41460180657718093
20260123_221112,2026-01-23T22:20:19.189757,15cedc7a9730972b927f01fdf3bc98946ca1b50a,euler,16x16,33399,0.00013847149966750294,0.059634143581911304,1.0,0,0,0,,,0.41386945785935964
20260123_221112,2026-01-23T22:20:19.967772,15cedc7a9730972b927f01fdf3bc98946ca1b50a,euler,16x16,33499,0.0004509897262323648,0.05575722929430413,1.0,0,0,0,,,0.4145985842186572
20260123_221112,2026-01-23T22:20:20.749445,15cedc7a9730972b927f01fdf3bc98946ca1b50a,euler,16x16,33599,0.00020027912978548557,0.05501041666575247,1.0,0,0,0,,,0.4146816467179558
20260123_221112,2026-01-23T22:20:21.531112,15cedc7a9730972b927f01fdf3bc98946ca1b50a,euler,16x16,33699,0.00015238365449476987,0.05863981518468336,1.0,0,0,0,,,0.4141191343363172
20260123_221112,2026-01-23T22:20:22.255958,15cedc7a9730972b927f01fdf3bc98946ca1b50a,euler,16x16,33799,0.00017215439584106207,0.05875651982190902,1.0,0,0,0,,,0.4139735968892235
20260123_221112,2026-01-23T22:20:22.968325,15cedc7a9730972b927f01fdf3bc98946ca1b50a,euler,16x16,33899,0.0003907816717401147,0.053988781410647564,1.0,0,0,0,,,0.4149889076843559
20260123_221112,2026-01-23T22:20:23.650102,15cedc7a9730972b927f01fdf3bc98946ca1b50a,euler,16x16,33999,0.00014275731518864632,0.05471159075393075,1.0,0,0,0,,,0.4146589814929585
20260123_221112,2026-01-23T22:20:24.338712,15cedc7a9730972b927f01fdf3bc98946ca1b50a,euler,16x16,34099,4.377132427180186e-06,0.05652112347552702,1.0,0,0,0,,,0.41440162764299876
20260123_221112,2026-01-23T22:20:25.042485,15cedc7a9730972b927f01fdf3bc98946ca1b50a,euler,16x16,34199,0.00026129226898774505,0.06324743119748064,1.0,0,0,0,,,0.41293662746636917
20260123_221112,2026-01-23T22:20:25.761971,15cedc7a9730972b927f01fdf3bc98946ca1b50a,euler,16x16,34299,-5.339513154467568e-05,0.059121384200595914,1.0,0,0,0,,,0.41390033862428893
20260123_221112,2026-01-23T22:20:26.468267,15cedc7a9730972b927f01fdf3bc98946ca1b50a,euler,16x16,34399,3.680169538711198e-05,0.05682841081517608,1.0,0,0,0,,,0.4144453105185069
20260123_221112,2026-01-23T22:20:27.190532,15cedc7a9730972b927f01fdf3bc98946ca1b50a,euler,16x16,34499,-6.054179903003387e-05,0.05753989312725935,1.0,0,0,0,,,0.4142342065316472
20260123_221112,2026-01-23T22:20:27.906237,15cedc7a9730972b927f01fdf3bc98946ca1b50a,euler,16x16,34599,0.00019678479293361306,0.05579633845841272,1.0,0,0,0,,,0.41456989078236883
20260123_221112,2026-01-23T22:20:28.659547,15cedc7a9730972b927f01fdf3bc98946ca1b50a,euler,16x16,34699,0.00013817523722536862,0.05663991790925138,1.0,0,0,0,,,0.4144348018020396
20260123_221112,2026-01-23T22:20:29.376026,15cedc7a9730972b927f01fdf3bc98946ca1b50a,euler,16x16,34799,0.00035618848050944507,0.059681229284972236,1.0,0,0,0,,,0.413877411565329
20260123_221112,2026-01-23T22:20:30.200642,15cedc7a9730972b927f01fdf3bc98946ca1b50a,euler,16x16,34899,8.758805051911622e-05,0.06333378533648101,1.0,0,0,0,,,0.41290093159079966
20260123_221112,2026-01-23T22:20:30.922346,15cedc7a9730972b927f01fdf3bc98946ca1b50a,euler,16x16,34999,0.00026300770696252584,0.05232933703068625,1.0,0,0,0,,,0.4153739338995571
20260123_221112,2026-01-23T22:20:31.643410,15cedc7a9730972b927f01fdf3bc98946ca1b50a,euler,16x16,35099,1.7063823179341853e-05,0.053269393672858316,1.0,0,0,0,,,0.4149989872543175
20260123_221112,2026-01-23T22:20:32.435878,15cedc7a9730972b927f01fdf3bc98946ca1b50a,euler,16x16,35199,0.00011914085189346224,0.05446423998638011,1.0,0,0,0,,,0.41495878484848164
20260123_221112,2026-01-23T22:20:33.228921,15cedc7a9730972b927f01fdf3bc98946ca1b50a,euler,16x16,35299,0.0005097456160001457,0.060256235521926556,1.0,0,0,0,,,0.4137526182618837
20260123_221112,2026-01-23T22:20:34.068255,15cedc7a9730972b927f01fdf3bc98946ca1b50a,euler,16x16,35399,0.00015508689102716744,0.05743797382093817,1.0,0,0,0,,,0.414316868192538
20260123_221112,2026-01-23T22:20:34.789475,15cedc7a9730972b927f01fdf3bc98946ca1b50a,euler,16x16,35499,0.00019183012773282826,0.060210561383153165,1.0,0,0,0,,,0.41370521634336577
20260123_221112,2026-01-23T22:20:35.602510,15cedc7a9730972b927f01fdf3bc98946ca1b50a,euler,16x16,35599,0.0001472503790864721,0.05462148302239484,1.0,0,0,0,,,0.4148461010774207
20260123_221112,2026-01-23T22:20:36.394851,15cedc7a9730972b927f01fdf3bc98946ca1b50a,euler,16x16,35699,0.00011214910773560405,0.05814393977685995,1.0,0,0,0,,,0.41421362140284423
20260123_221112,2026-01-23T22:20:37.111179,15cedc7a9730972b927f01fdf3bc98946ca1b50a,euler,16x16,35799,4.3955737055512145e-05,0.056816408711201805,1.0,0,0,0,,,0.41449515677046866
20260123_221112,2026-01-23T22:20:37.901255,15cedc7a9730972b927f01fdf3bc98946ca1b50a,euler,16x16,35899,0.00042579672299325466,0.056501438034124475,1.0,0,0,0,,,0.4145031445573314
20260123_221112,2026-01-23T22:20:38.603388,15cedc7a9730972b927f01fdf3bc98946ca1b50a,euler,16x16,35999,0.00019633519696071744,0.05320582287183697,1.0,0,0,0,,,0.41496723358601084
20260123_221112,2026-01-23T22:20:39.409061,15cedc7a9730972b927f01fdf3bc98946ca1b50a,euler,16x16,36099,-0.00010628318705130368,0.063287099550123,1.0,0,0,0,,,0.4129455954207282
20260123_221112,2026-01-23T22:20:40.229619,15cedc7a9730972b927f01fdf3bc98946ca1b50a,euler,16x16,36199,-0.00011526736489031464,0.06005092539596944,1.0,0,0,0,,,0.4136742427038971
20260123_221112,2026-01-23T22:20:41.018683,15cedc7a9730972b927f01fdf3bc98946ca1b50a,euler,16x16,36299,6.676328484900296e-05,0.054187604551582357,1.0,0,0,0,,,0.41478952137023606
20260123_221112,2026-01-23T22:20:41.834813,15cedc7a9730972b927f01fdf3bc98946ca1b50a,euler,16x16,36399,0.0001433354482287541,0.057151137241341986,1.0,0,0,0,,,0.41442267027000224
20260123_221112,2026-01-23T22:20:42.543415,15cedc7a9730972b927f01fdf3bc98946ca1b50a,euler,16x16,36499,0.000334452633978799,0.058124878702965364,1.0,0,0,0,,,0.41405477827395565
20260123_221112,2026-01-23T22:20:43.308067,15cedc7a9730972b927f01fdf3bc98946ca1b50a,euler,16x16,36599,0.0002768184640444815,0.057522417407476496,1.0,0,0,0,,,0.4141394027267509
20260123_221112,2026-01-23T22:20:44.107624,15cedc7a9730972b927f01fdf3bc98946ca1b50a,euler,16x16,36699,0.00014312469284050167,0.05821606799693427,1.0,0,0,0,,,0.41397669244329427
20260123_221112,2026-01-23T22:20:44.938140,15cedc7a9730972b927f01fdf3bc98946ca1b50a,euler,16x16,36799,-5.8664481912273914e-05,0.057891997915248794,1.0,0,0,0,,,0.41412108417350335
20260123_221112,2026-01-23T22:20:45.768755,15cedc7a9730972b927f01fdf3bc98946ca1b50a,euler,16x16,36899,0.0003660241491161287,0.057333334769964495,1.0,0,0,0,,,0.4142610212297315
20260123_221112,2026-01-23T22:20:46.656752,15cedc7a9730972b927f01fdf3bc98946ca1b50a,euler,16x16,36999,0.0002065223961835727,0.057549392491041546,1.0,0,0,0,,,0.41436734749947834
20260123_221112,2026-01-23T22:20:48.104358,15cedc7a9730972b927f01fdf3bc98946ca1b50a,euler,16x16,37099,0.0003906413330696523,0.05729748690890347,1.0,0,0,0,,,0.4144349168159165
20260123_221112,2026-01-23T22:20:48.800960,15cedc7a9730972b927f01fdf3bc98946ca1b50a,euler,16x16,37199,7.481641659978777e-05,0.06245891420092676,1.0,0,0,0,,,0.4130157021369092
20260123_221112,2026-01-23T22:20:49.543579,15cedc7a9730972b927f01fdf3bc98946ca1b50a,euler,16x16,37299,0.000331166316755116,0.04956501454817271,1.0,0,0,0,,,0.4154741204289871
20260123_221112,2026-01-23T22:20:50.213533,15cedc7a9730972b927f01fdf3bc98946ca1b50a,euler,16x16,37399,0.00014803549856878817,0.05376497852177408,1.0,0,0,0,,,0.4149450706021473
20260123_221112,2026-01-23T22:20:50.913689,15cedc7a9730972b927f01fdf3bc98946ca1b50a,euler,16x16,37499,-9.081453026738018e-05,0.05584380521299863,1.0,0,0,0,,,0.4142952220803385
20260123_221112,2026-01-23T22:20:51.667642,15cedc7a9730972b927f01fdf3bc98946ca1b50a,euler,16x16,37599,0.00032095081405714154,0.054626239427514066,1.0,0,0,0,,,0.4148031772597456
20260123_221112,2026-01-23T22:20:52.406258,15cedc7a9730972b927f01fdf3bc98946ca1b50a,euler,16x16,37699,0.0006254265317693353,0.060037315741915336,1.0,0,0,0,,,0.41348996583205544
20260123_221112,2026-01-23T22:20:53.163305,15cedc7a9730972b927f01fdf3bc98946ca1b50a,euler,16x16,37799,0.00033378394437022507,0.056747285376998205,1.0,0,0,0,,,0.41424504084755387
20260123_221112,2026-01-23T22:20:53.910679,15cedc7a9730972b927f01fdf3bc98946ca1b50a,euler,16x16,37899,0.0004024147929158062,0.05303368717005242,1.0,0,0,0,,,0.41502946684898545
20260123_221112,2026-01-23T22:20:54.670264,15cedc7a9730972b927f01fdf3bc98946ca1b50a,euler,16x16,37999,0.00033623690251260996,0.05012692763989889,1.0,0,0,0,,,0.41543215793862553
20260123_221112,2026-01-23T22:20:55.435364,15cedc7a9730972b927f01fdf3bc98946ca1b50a,euler,16x16,38099,-3.7606365367537364e-05,0.05590810209626852,1.0,0,0,0,,,0.4145666864405996
20260123_221112,2026-01-23T22:20:56.140593,15cedc7a9730972b927f01fdf3bc98946ca1b50a,euler,16x16,38199,0.0005946481833234429,0.05129762903986034,1.0,0,0,0,,,0.4152208999824055
20260123_221112,2026-01-23T22:20:56.846586,15cedc7a9730972b927f01fdf3bc98946ca1b50a,euler,16x16,38299,0.00046633274178020656,0.055302427624660595,1.0,0,0,0,,,0.41472934403153017
20260123_221112,2026-01-23T22:20:57.634289,15cedc7a9730972b927f01fdf3bc98946ca1b50a,euler,16x16,38399,0.00015849780174903572,0.053285000197031425,1.0,0,0,0,,,0.4151515977154999
20260123_221112,2026-01-23T22:20:58.424516,15cedc7a9730972b927f01fdf3bc98946ca1b50a,euler,16x16,38499,0.0003823145816568285,0.05641656654079497,1.0,0,0,0,,,0.414560044705843
20260123_221112,2026-01-23T22:20:59.139390,15cedc7a9730972b927f01fdf3bc98946ca1b50a,euler,16x16,38599,0.0002696851151995361,0.05041671896858815,1.0,0,0,0,,,0.415584432343334
20260123_221112,2026-01-23T22:20:59.895199,15cedc7a9730972b927f01fdf3bc98946ca1b50a,euler,16x16,38699,-6.469181244028732e-05,0.057612685519588924,1.0,0,0,0,,,0.4141701301950804
20260123_221112,2026-01-23T22:21:00.628442,15cedc7a9730972b927f01fdf3bc98946ca1b50a,euler,16x16,38799,0.00044104919652454555,0.05654185697320372,1.0,0,0,0,,,0.4143667818308094
20260123_221112,2026-01-23T22:21:01.348207,15cedc7a9730972b927f01fdf3bc98946ca1b50a,euler,16x16,38899,0.00012598240573424846,0.054352287401902684,1.0,0,0,0,,,0.41466846204398455
20260123_221112,2026-01-23T22:21:02.221514,15cedc7a9730972b927f01fdf3bc98946ca1b50a,euler,16x16,38999,7.043333607725799e-05,0.060725320725400704,1.0,0,0,0,,,0.41347285760234864
20260123_221112,2026-01-23T22:21:02.974067,15cedc7a9730972b927f01fdf3bc98946ca1b50a,euler,16x16,39099,-9.398791007697582e-05,0.056394237154916024,1.0,0,0,0,,,0.4144704507918803
20260123_221112,2026-01-23T22:21:03.841939,15cedc7a9730972b927f01fdf3bc98946ca1b50a,euler,16x16,39199,0.0004150129680056125,0.05825684254293719,1.0,0,0,0,,,0.41398583838196523
20260123_221112,2026-01-23T22:21:04.618590,15cedc7a9730972b927f01fdf3bc98946ca1b50a,euler,16x16,39299,-0.0002469040628056973,0.05250132911536639,1.0,0,0,0,,,0.4149858125870099
20260123_221112,2026-01-23T22:21:05.360446,15cedc7a9730972b927f01fdf3bc98946ca1b50a,euler,16x16,39399,9.659698116593063e-05,0.05297541437798827,1.0,0,0,0,,,0.4151686659798893
20260123_221112,2026-01-23T22:21:06.091647,15cedc7a9730972b927f01fdf3bc98946ca1b50a,euler,16x16,39499,0.00011027458822354674,0.056978537104864696,1.0,0,0,0,,,0.4141906703052011
20260123_221112,2026-01-23T22:21:06.852203,15cedc7a9730972b927f01fdf3bc98946ca1b50a,euler,16x16,39599,7.775783888064325e-05,0.05903803001321535,1.0,0,0,0,,,0.4137247929395017
20260123_221112,2026-01-23T22:21:07.613780,15cedc7a9730972b927f01fdf3bc98946ca1b50a,euler,16x16,39699,-1.7495753127150238e-05,0.059624703668464465,1.0,0,0,0,,,0.4136745996276503
20260123_221112,2026-01-23T22:21:08.348331,15cedc7a9730972b927f01fdf3bc98946ca1b50a,euler,16x16,39799,0.0003228472196497023,0.054428951205011344,1.0,0,0,0,,,0.414726954076868
20260123_221112,2026-01-23T22:21:09.148497,15cedc7a9730972b927f01fdf3bc98946ca1b50a,euler,16x16,39899,5.912327833357267e-05,0.05354340753008387,1.0,0,0,0,,,0.4149779386227844
20260123_221112,2026-01-23T22:21:09.877005,15cedc7a9730972b927f01fdf3bc98946ca1b50a,euler,16x16,39999,0.0004974971525371075,0.05941211534550234,1.0,0,0,0,,,0.41367769700685975
20260123_221112,2026-01-23T22:21:10.563950,15cedc7a9730972b927f01fdf3bc98946ca1b50a,euler,16x16,40099,0.00014424321125261486,0.053178213884924615,1.0,0,0,0,,,0.41504252865714836
20260123_221112,2026-01-23T22:21:11.352490,15cedc7a9730972b927f01fdf3bc98946ca1b50a,euler,16x16,40199,8.045053982641548e-05,0.057512294641148855,1.0,0,0,0,,,0.4141466471582937
20260123_221112,2026-01-23T22:21:12.092585,15cedc7a9730972b927f01fdf3bc98946ca1b50a,euler,16x16,40299,0.0002201736788265407,0.050888958943395436,1.0,0,0,0,,,0.41559241584238704
20260123_221112,2026-01-23T22:21:12.825681,15cedc7a9730972b927f01fdf3bc98946ca1b50a,euler,16x16,40399,0.00017154624219983816,0.05253892869080801,1.0,0,0,0,,,0.4150131431358697
20260123_221112,2026-01-23T22:21:13.655378,15cedc7a9730972b927f01fdf3bc98946ca1b50a,euler,16x16,40499,0.00016116266488097608,0.054601331557288406,1.0,0,0,0,,,0.4145738383366405
20260123_221112,2026-01-23T22:21:14.380850,15cedc7a9730972b927f01fdf3bc98946ca1b50a,euler,16x16,40599,0.00010919830674538389,0.056632886446390106,1.0,0,0,0,,,0.41424784610745136
20260123_221112,2026-01-23T22:21:15.111583,15cedc7a9730972b927f01fdf3bc98946ca1b50a,euler,16x16,40699,0.0003057057620026171,0.05651394743836818,1.0,0,0,0,,,0.4142588377949984
20260123_221112,2026-01-23T22:21:15.927767,15cedc7a9730972b927f01fdf3bc98946ca1b50a,euler,16x16,40799,0.0002131215005647391,0.05334244054408828,1.0,0,0,0,,,0.41501777963716624
20260123_221112,2026-01-23T22:21:16.714571,15cedc7a9730972b927f01fdf3bc98946ca1b50a,euler,16x16,40899,0.0003389697230886668,0.051985565203084436,1.0,0,0,0,,,0.4151714007898121
20260123_221112,2026-01-23T22:21:17.505448,15cedc7a9730972b927f01fdf3bc98946ca1b50a,euler,16x16,40999,0.0002950631605926901,0.05523681180175458,1.0,0,0,0,,,0.4145596989013377
20260123_221112,2026-01-23T22:21:18.225982,15cedc7a9730972b927f01fdf3bc98946ca1b50a,euler,16x16,41099,0.0001702018198557198,0.056513449720796416,1.0,0,0,0,,,0.41433397798753013
20260123_221112,2026-01-23T22:21:18.959206,15cedc7a9730972b927f01fdf3bc98946ca1b50a,euler,16x16,41199,-4.5182969188317657e-07,0.05259062639380432,1.0,0,0,0,,,0.4150765404643648
20260123_221112,2026-01-23T22:21:19.704228,15cedc7a9730972b927f01fdf3bc98946ca1b50a,euler,16x16,41299,0.0002128364285454154,0.05312370428814234,1.0,0,0,0,,,0.4150569296003148
20260123_221112,2026-01-23T22:21:20.551155,15cedc7a9730972b927f01fdf3bc98946ca1b50a,euler,16x16,41399,-2.9791488486807793e-05,0.05811191102908424,1.0,0,0,0,,,0.4139810507434291
20260123_221112,2026-01-23T22:21:21.255186,15cedc7a9730972b927f01fdf3bc98946ca1b50a,euler,16x16,41499,1.824799255700782e-05,0.052979592925611316,1.0,0,0,0,,,0.41516013215756453
20260123_221112,2026-01-23T22:21:21.965635,15cedc7a9730972b927f01fdf3bc98946ca1b50a,euler,16x16,41599,0.0004084639949724078,0.050130196941863686,1.0,0,0,0,,,0.41566508018610426
20260123_221112,2026-01-23T22:21:22.801936,15cedc7a9730972b927f01fdf3bc98946ca1b50a,euler,16x16,41699,0.0001764340267982334,0.05538078454646211,1.0,0,0,0,,,0.414647993022041
20260123_221112,2026-01-23T22:21:23.635144,15cedc7a9730972b927f01fdf3bc98946ca1b50a,euler,16x16,41799,7.521472434746101e-05,0.05342314720700642,1.0,0,0,0,,,0.41510328076807346
20260123_221112,2026-01-23T22:21:24.352340,15cedc7a9730972b927f01fdf3bc98946ca1b50a,euler,16x16,41899,0.0001700304273981601,0.05499319894509427,1.0,0,0,0,,,0.4146563233109358
20260123_221112,2026-01-23T22:21:25.170456,15cedc7a9730972b927f01fdf3bc98946ca1b50a,euler,16x16,41999,0.0003752077464014292,0.05486953443878747,1.0,0,0,0,,,0.41480921090311557
20260123_221112,2026-01-23T22:21:25.962966,15cedc7a9730972b927f01fdf3bc98946ca1b50a,euler,16x16,42099,0.0001816927397157997,0.05925552161886913,1.0,0,0,0,,,0.41375949650614247
20260123_221112,2026-01-23T22:21:26.720451,15cedc7a9730972b927f01fdf3bc98946ca1b50a,euler,16x16,42199,0.0001778471196303144,0.05648134377641668,1.0,0,0,0,,,0.41439991348109095
20260123_221112,2026-01-23T22:21:27.531906,15cedc7a9730972b927f01fdf3bc98946ca1b50a,euler,16x16,42299,-0.00013408355880528688,0.054479941242288984,1.0,0,0,0,,,0.41480542729655767
20260123_221112,2026-01-23T22:21:28.286561,15cedc7a9730972b927f01fdf3bc98946ca1b50a,euler,16x16,42399,0.00022064382210373878,0.057366483542439256,1.0,0,0,0,,,0.4141714635080095
20260123_221112,2026-01-23T22:21:29.008554,15cedc7a9730972b927f01fdf3bc98946ca1b50a,euler,16x16,42499,6.668499554507434e-05,0.05196661622074998,1.0,0,0,0,,,0.41530455255537746
20260123_221112,2026-01-23T22:21:29.805930,15cedc7a9730972b927f01fdf3bc98946ca1b50a,euler,16x16,42599,-7.248661131598055e-05,0.05818654978444215,1.0,0,0,0,,,0.41387284459898366
20260123_221112,2026-01-23T22:21:30.595052,15cedc7a9730972b927f01fdf3bc98946ca1b50a,euler,16x16,42699,6.964460771996528e-05,0.05087574772899302,1.0,0,0,0,,,0.414678949560362
20260123_221112,2026-01-23T22:21:31.303951,15cedc7a9730972b927f01fdf3bc98946ca1b50a,euler,16x16,42799,9.662995580583811e-05,0.05245702324229455,1.0,0,0,0,,,0.41509382767995817
20260123_221112,2026-01-23T22:21:32.100835,15cedc7a9730972b927f01fdf3bc98946ca1b50a,euler,16x16,42899,0.00017909079906530678,0.054759361362387154,1.0,0,0,0,,,0.4145911757167571
20260123_221112,2026-01-23T22:21:32.825356,15cedc7a9730972b927f01fdf3bc98946ca1b50a,euler,16x16,42999,6.495357229141518e-05,0.05227421333361235,1.0,0,0,0,,,0.4149608698063324
20260123_221112,2026-01-23T22:21:33.592577,15cedc7a9730972b927f01fdf3bc98946ca1b50a,euler,16x16,43099,-1.6848913219291717e-05,0.06076923451572611,1.0,0,0,0,,,0.41337354172263563
20260123_221112,2026-01-23T22:21:34.372338,15cedc7a9730972b927f01fdf3bc98946ca1b50a,euler,16x16,43199,0.00015546029317192733,0.05053901110394008,1.0,0,0,0,,,0.41555697406053105
20260123_221112,2026-01-23T22:21:35.077193,15cedc7a9730972b927f01fdf3bc98946ca1b50a,euler,16x16,43299,0.00040081964107230306,0.05215800406266226,1.0,0,0,0,,,0.415280238160487
20260123_221112,2026-01-23T22:21:35.776208,15cedc7a9730972b927f01fdf3bc98946ca1b50a,euler,16x16,43399,0.0001196966040879488,0.05413693799100543,1.0,0,0,0,,,0.4147995406697036
20260123_221112,2026-01-23T22:21:36.597467,15cedc7a9730972b927f01fdf3bc98946ca1b50a,euler,16x16,43499,6.859371205791831e-05,0.05385957991373175,1.0,0,0,0,,,0.4149982456618373
20260123_221112,2026-01-23T22:21:37.359145,15cedc7a9730972b927f01fdf3bc98946ca1b50a,euler,16x16,43599,1.1018815712304786e-05,0.0517513525436334,1.0,0,0,0,,,0.41539613656450936
20260123_221112,2026-01-23T22:21:38.178709,15cedc7a9730972b927f01fdf3bc98946ca1b50a,euler,16x16,43699,-1.996279024751857e-05,0.05756034937697905,1.0,0,0,0,,,0.41407982370151836
20260123_221112,2026-01-23T22:21:38.932914,15cedc7a9730972b927f01fdf3bc98946ca1b50a,euler,16x16,43799,0.00021039452985860407,0.05850045018876358,1.0,0,0,0,,,0.41393054900788695
20260123_221112,2026-01-23T22:21:39.678505,15cedc7a9730972b927f01fdf3bc98946ca1b50a,euler,16x16,43899,1.1978358088526875e-05,0.05301000281914639,1.0,0,0,0,,,0.41482767140912347
20260123_221112,2026-01-23T22:21:40.468837,15cedc7a9730972b927f01fdf3bc98946ca1b50a,euler,16x16,43999,-2.3930952011141926e-06,0.05457395958869824,1.0,0,0,0,,,0.41468646214718247
20260123_221112,2026-01-23T22:21:41.252961,15cedc7a9730972b927f01fdf3bc98946ca1b50a,euler,16x16,44099,0.0005333325825631618,0.053402869026891724,1.0,0,0,0,,,0.4150228472818379
20260123_221112,2026-01-23T22:21:42.006976,15cedc7a9730972b927f01fdf3bc98946ca1b50a,euler,16x16,44199,0.000448812497779727,0.05570283117109284,1.0,0,0,0,,,0.41451126631770685
20260123_221112,2026-01-23T22:21:42.767814,15cedc7a9730972b927f01fdf3bc98946ca1b50a,euler,16x16,44299,0.0002779890492092818,0.05606671142652431,1.0,0,0,0,,,0.4144530805878619
20260123_221112,2026-01-23T22:21:43.492145,15cedc7a9730972b927f01fdf3bc98946ca1b50a,euler,16x16,44399,-0.00013098417548462749,0.05219746515905285,1.0,0,0,0,,,0.41515915515462093
20260123_221112,2026-01-23T22:21:44.329973,15cedc7a9730972b927f01fdf3bc98946ca1b50a,euler,16x16,44499,0.00016906914243008941,0.0507028430517596,1.0,0,0,0,,,0.4151234629018521
20260123_221112,2026-01-23T22:21:45.118859,15cedc7a9730972b927f01fdf3bc98946ca1b50a,euler,16x16,44599,0.00019238826644141227,0.054563043625494176,1.0,0,0,0,,,0.4146518427139426
20260123_221112,2026-01-23T22:21:45.844183,15cedc7a9730972b927f01fdf3bc98946ca1b50a,euler,16x16,44699,-0.00012847589096054435,0.0571101010416487,1.0,0,0,0,,,0.4141755315250092
20260123_221112,2026-01-23T22:21:46.855912,15cedc7a9730972b927f01fdf3bc98946ca1b50a,euler,16x16,44799,0.0002134900860255584,0.057710230500912306,1.0,0,0,0,,,0.41393902715136416
20260123_221112,2026-01-23T22:21:47.994364,15cedc7a9730972b927f01fdf3bc98946ca1b50a,euler,16x16,44899,0.00036849104799330235,0.05422355423356635,1.0,0,0,0,,,0.41470056998050037
20260123_221112,2026-01-23T22:21:48.946349,15cedc7a9730972b927f01fdf3bc98946ca1b50a,euler,16x16,44999,6.843770097475499e-05,0.04967978452168381,1.0,0,0,0,,,0.41527759894866834
20260123_221112,2026-01-23T22:21:49.707463,15cedc7a9730972b927f01fdf3bc98946ca1b50a,euler,16x16,45099,0.0003384007723070681,0.05161049096860324,1.0,0,0,0,,,0.4150801519680652
20260123_221112,2026-01-23T22:21:50.407238,15cedc7a9730972b927f01fdf3bc98946ca1b50a,euler,16x16,45199,0.00010647920134942979,0.052540266083407235,1.0,0,0,0,,,0.41503479142864363
20260123_221112,2026-01-23T22:21:51.120776,15cedc7a9730972b927f01fdf3bc98946ca1b50a,euler,16x16,45299,0.0002201507450081408,0.05427798457847075,1.0,0,0,0,,,0.4145264364459347
20260123_221112,2026-01-23T22:21:51.857182,15cedc7a9730972b927f01fdf3bc98946ca1b50a,euler,16x16,45399,0.0003636989858932793,0.055346674014696194,1.0,0,0,0,,,0.4143527593364821
20260123_221112,2026-01-23T22:21:52.613158,15cedc7a9730972b927f01fdf3bc98946ca1b50a,euler,16x16,45499,0.00032306514913216233,0.05322971262748297,1.0,0,0,0,,,0.41478682509784925
20260123_221112,2026-01-23T22:21:53.383222,15cedc7a9730972b927f01fdf3bc98946ca1b50a,euler,16x16,45599,0.000251069781370461,0.05136640835084904,1.0,0,0,0,,,0.41510117300933375
20260123_221112,2026-01-23T22:21:54.139527,15cedc7a9730972b927f01fdf3bc98946ca1b50a,euler,16x16,45699,-3.793680662056431e-05,0.051577211262617766,1.0,0,0,0,,,0.4149092668862825
20260123_221112,2026-01-23T22:21:54.883696,15cedc7a9730972b927f01fdf3bc98946ca1b50a,euler,16x16,45799,0.00021951452072244138,0.052242258327344186,1.0,0,0,0,,,0.4150397846257263
20260123_221112,2026-01-23T22:21:55.571364,15cedc7a9730972b927f01fdf3bc98946ca1b50a,euler,16x16,45899,5.322169090504758e-05,0.050160461179655155,1.0,0,0,0,,,0.4152360159250306
20260123_221112,2026-01-23T22:21:56.392566,15cedc7a9730972b927f01fdf3bc98946ca1b50a,euler,16x16,45999,0.00029284998890943825,0.04682159687530657,1.0,0,0,0,,,0.4158320631335214
20260123_221112,2026-01-23T22:21:57.221369,15cedc7a9730972b927f01fdf3bc98946ca1b50a,euler,16x16,46099,0.00043985177762806416,0.049039276547758845,1.0,0,0,0,,,0.4156209608806841
20260123_221112,2026-01-23T22:21:58.041204,15cedc7a9730972b927f01fdf3bc98946ca1b50a,euler,16x16,46199,3.626420220825821e-05,0.05293647502089129,1.0,0,0,0,,,0.414888622224513
20260123_221112,2026-01-23T22:21:58.766788,15cedc7a9730972b927f01fdf3bc98946ca1b50a,euler,16x16,46299,0.00010714295785874128,0.05163217178032824,1.0,0,0,0,,,0.4151081503199464
20260123_221112,2026-01-23T22:21:59.501919,15cedc7a9730972b927f01fdf3bc98946ca1b50a,euler,16x16,46399,0.00019308057380840182,0.04889768994652627,1.0,0,0,0,,,0.4156367479686621
20260123_221112,2026-01-23T22:22:00.237825,15cedc7a9730972b927f01fdf3bc98946ca1b50a,euler,16x16,46499,0.0005626538186334074,0.049763783441653685,1.0,0,0,0,,,0.41556135166275054
20260123_221112,2026-01-23T22:22:00.967260,15cedc7a9730972b927f01fdf3bc98946ca1b50a,euler,16x16,46599,-1.0163283150177449e-05,0.05290514286320672,1.0,0,0,0,,,0.4148221077548714
20260123_221112,2026-01-23T22:22:01.743566,15cedc7a9730972b927f01fdf3bc98946ca1b50a,euler,16x16,46699,6.538235174957663e-05,0.051697401638048174,1.0,0,0,0,,,0.41514476826798097
20260123_221112,2026-01-23T22:22:02.586636,15cedc7a9730972b927f01fdf3bc98946ca1b50a,euler,16x16,46799,0.00022089203412178904,0.04964621605817115,1.0,0,0,0,,,0.4154390026085596
20260123_221112,2026-01-23T22:22:03.317694,15cedc7a9730972b927f01fdf3bc98946ca1b50a,euler,16x16,46899,0.0001855588925536722,0.054541509579239575,1.0,0,0,0,,,0.4144536967870609
20260123_221112,2026-01-23T22:22:04.108807,15cedc7a9730972b927f01fdf3bc98946ca1b50a,euler,16x16,46999,1.0737425327533856e-05,0.053988351000285775,1.0,0,0,0,,,0.4146194095674654
20260123_221112,2026-01-23T22:22:04.826038,15cedc7a9730972b927f01fdf3bc98946ca1b50a,euler,16x16,47099,0.00013666065933648497,0.04505646792124821,1.0,0,0,0,,,0.4161226116345588
20260123_221112,2026-01-23T22:22:05.530654,15cedc7a9730972b927f01fdf3bc98946ca1b50a,euler,16x16,47199,0.00021191724226810038,0.05163846941030556,1.0,0,0,0,,,0.415104590865231
20260123_221112,2026-01-23T22:22:06.236139,15cedc7a9730972b927f01fdf3bc98946ca1b50a,euler,16x16,47299,0.0002250217366963625,0.05465032555161429,1.0,0,0,0,,,0.41465140900239883
20260123_221112,2026-01-23T22:22:06.977100,15cedc7a9730972b927f01fdf3bc98946ca1b50a,euler,16x16,47399,-0.00013773721002507955,0.052399364186934465,1.0,0,0,0,,,0.4151001686556912
20260123_221112,2026-01-23T22:22:07.800188,15cedc7a9730972b927f01fdf3bc98946ca1b50a,euler,16x16,47499,0.00017710388056002557,0.05998182020967647,1.0,0,0,0,,,0.41308917025492653
20260123_221112,2026-01-23T22:22:08.523872,15cedc7a9730972b927f01fdf3bc98946ca1b50a,euler,16x16,47599,5.554203380597755e-05,0.05400447116761143,1.0,0,0,0,,,0.41455567385927117
20260123_221112,2026-01-23T22:22:09.328540,15cedc7a9730972b927f01fdf3bc98946ca1b50a,euler,16x16,47699,0.0002248328528366983,0.05012532064761217,1.0,0,0,0,,,0.4153138842542493
20260123_221112,2026-01-23T22:22:10.103858,15cedc7a9730972b927f01fdf3bc98946ca1b50a,euler,16x16,47799,0.0003109351673629135,0.05267799902267143,1.0,0,0,0,,,0.41500890406537444
20260123_221112,2026-01-23T22:22:10.907285,15cedc7a9730972b927f01fdf3bc98946ca1b50a,euler,16x16,47899,5.144362148712389e-05,0.05375419949018692,1.0,0,0,0,,,0.41464384920290565
20260123_221112,2026-01-23T22:22:11.612771,15cedc7a9730972b927f01fdf3bc98946ca1b50a,euler,16x16,47999,5.724643779103644e-05,0.051110438561038335,1.0,0,0,0,,,0.41541552343657073
20260123_221112,2026-01-23T22:22:12.380054,15cedc7a9730972b927f01fdf3bc98946ca1b50a,euler,16x16,48099,0.00013465402298606932,0.049794303246764,1.0,0,0,0,,,0.41566649613100737
20260123_221112,2026-01-23T22:22:13.106144,15cedc7a9730972b927f01fdf3bc98946ca1b50a,euler,16x16,48199,-0.00011800356151070446,0.05240225396986148,1.0,0,0,0,,,0.41501938895572565
20260123_221112,2026-01-23T22:22:13.872484,15cedc7a9730972b927f01fdf3bc98946ca1b50a,euler,16x16,48299,0.00035703665344044566,0.04911584559933772,1.0,0,0,0,,,0.4158077310177918
20260123_221112,2026-01-23T22:22:14.639582,15cedc7a9730972b927f01fdf3bc98946ca1b50a,euler,16x16,48399,-7.65727018006146e-05,0.05043948107741812,1.0,0,0,0,,,0.41551446936745245
20260123_221112,2026-01-23T22:22:15.368887,15cedc7a9730972b927f01fdf3bc98946ca1b50a,euler,16x16,48499,4.3673870095517486e-05,0.05095646677768229,1.0,0,0,0,,,0.41521119763892966
20260123_221112,2026-01-23T22:22:16.054195,15cedc7a9730972b927f01fdf3bc98946ca1b50a,euler,16x16,48599,0.00021138315787538886,0.049201394040821925,1.0,0,0,0,,,0.4151982394799828
20260123_221112,2026-01-23T22:22:16.786939,15cedc7a9730972b927f01fdf3bc98946ca1b50a,euler,16x16,48699,0.00025837565772235394,0.048646952061557155,1.0,0,0,0,,,0.41570369405485796
20260123_221112,2026-01-23T22:22:17.496912,15cedc7a9730972b927f01fdf3bc98946ca1b50a,euler,16x16,48799,8.145354513544589e-05,0.051007609558774335,1.0,0,0,0,,,0.41521120897280195
20260123_221112,2026-01-23T22:22:18.333546,15cedc7a9730972b927f01fdf3bc98946ca1b50a,euler,16x16,48899,6.212416337803006e-06,0.05378680995437776,1.0,0,0,0,,,0.4147731728369739
20260123_221112,2026-01-23T22:22:19.057898,15cedc7a9730972b927f01fdf3bc98946ca1b50a,euler,16x16,48999,5.994722232571803e-05,0.05201462490755944,1.0,0,0,0,,,0.4152468166067447
20260123_221112,2026-01-23T22:22:19.776158,15cedc7a9730972b927f01fdf3bc98946ca1b50a,euler,16x16,49099,0.0009278411162085831,0.0478668536926034,1.0,0,0,0,,,0.4161411568402988
20260123_221112,2026-01-23T22:22:20.596341,15cedc7a9730972b927f01fdf3bc98946ca1b50a,euler,16x16,49199,-6.0338734328979626e-05,0.05579414008763137,1.0,0,0,0,,,0.4143398696860139
20260123_221112,2026-01-23T22:22:21.425431,15cedc7a9730972b927f01fdf3bc98946ca1b50a,euler,16x16,49299,-1.3723685697186738e-05,0.05000867011121613,1.0,0,0,0,,,0.41555151824998837
20260123_221112,2026-01-23T22:22:22.201997,15cedc7a9730972b927f01fdf3bc98946ca1b50a,euler,16x16,49399,0.0003025771875400096,0.05489144913895075,1.0,0,0,0,,,0.4147578261497096
20260123_221112,2026-01-23T22:22:22.952290,15cedc7a9730972b927f01fdf3bc98946ca1b50a,euler,16x16,49499,0.00026742275804281235,0.04818832050699769,1.0,0,0,0,,,0.41607108870713416
20260123_221112,2026-01-23T22:22:23.644480,15cedc7a9730972b927f01fdf3bc98946ca1b50a,euler,16x16,49599,-4.648718095268123e-05,0.053281572237807495,1.0,0,0,0,,,0.41504682357752876
20260123_221112,2026-01-23T22:22:24.361891,15cedc7a9730972b927f01fdf3bc98946ca1b50a,euler,16x16,49699,0.00025412847753614187,0.05098174808857152,1.0,0,0,0,,,0.415483796562411
20260123_221112,2026-01-23T22:22:25.118147,15cedc7a9730972b927f01fdf3bc98946ca1b50a,euler,16x16,49799,0.000363080675015226,0.05251511089319024,1.0,0,0,0,,,0.4152102631856185
20260123_221112,2026-01-23T22:22:25.801112,15cedc7a9730972b927f01fdf3bc98946ca1b50a,euler,16x16,49899,-4.040742351207882e-05,0.05632532046945471,1.0,0,0,0,,,0.4143450009889013
20260123_221112,2026-01-23T22:22:26.489179,15cedc7a9730972b927f01fdf3bc98946ca1b50a,euler,16x16,49999,0.0002732779539655894,0.046100402062422746,1.0,0,0,0,,,0.4162607755309873
20260123_221112,2026-01-23T22:22:27.145256,15cedc7a9730972b927f01fdf3bc98946ca1b50a,euler,32x32,0,8.259081840515137,0.2815012098327861,1.0,0,0,0,,,-0.16411449982049137
20260123_221112,2026-01-23T22:22:28.075671,15cedc7a9730972b927f01fdf3bc98946ca1b50a,euler,32x32,99,0.07100164890289307,0.3919016568615916,1.0,0,0,0,,,-0.4219129870688756
20260123_221112,2026-01-23T22:22:29.121355,15cedc7a9730972b927f01fdf3bc98946ca1b50a,euler,32x32,199,0.06564724445343018,0.41454007113177793,1.0,0,0,0,,,-0.48869474505365573
20260123_221112,2026-01-23T22:22:30.296704,15cedc7a9730972b927f01fdf3bc98946ca1b50a,euler,32x32,299,0.05366707220673561,0.4244446533214068,1.0,0,0,0,,,-0.48891579563282284
20260123_221112,2026-01-23T22:22:31.435325,15cedc7a9730972b927f01fdf3bc98946ca1b50a,euler,32x32,399,0.04822945594787598,0.4218689774161612,1.0,0,0,0,,,-0.435898631891256
20260123_221112,2026-01-23T22:22:32.482655,15cedc7a9730972b927f01fdf3bc98946ca1b50a,euler,32x32,499,0.04850573465228081,0.41683489937509877,1.0,0,0,0,,,-0.36614872770139073
20260123_221112,2026-01-23T22:22:33.513359,15cedc7a9730972b927f01fdf3bc98946ca1b50a,euler,32x32,599,0.03173094615340233,0.412213059119822,1.0,0,0,0,,,-0.30803233165395194
20260123_221112,2026-01-23T22:22:34.588064,15cedc7a9730972b927f01fdf3bc98946ca1b50a,euler,32x32,699,0.03102889657020569,0.4066055354439595,1.0,0,0,0,,,-0.2444663992369693
20260123_221112,2026-01-23T22:22:35.582803,15cedc7a9730972b927f01fdf3bc98946ca1b50a,euler,32x32,799,0.021736761555075645,0.40166770812771574,1.0,0,0,0,,,-0.19277902503984126
20260123_221112,2026-01-23T22:22:37.036679,15cedc7a9730972b927f01fdf3bc98946ca1b50a,euler,32x32,899,0.020039476454257965,0.3959714227175573,1.0,0,0,0,,,-0.14369604430812877
20260123_221112,2026-01-23T22:22:37.932160,15cedc7a9730972b927f01fdf3bc98946ca1b50a,euler,32x32,999,0.013389849103987217,0.3897478217713797,1.0,0,0,0,,,-0.0990542917088804
20260123_221112,2026-01-23T22:22:38.798992,15cedc7a9730972b927f01fdf3bc98946ca1b50a,euler,32x32,1099,0.012084676884114742,0.38321448611350206,1.0,0,0,0,,,-0.0592937886056291
20260123_221112,2026-01-23T22:22:39.656351,15cedc7a9730972b927f01fdf3bc98946ca1b50a,euler,32x32,1199,0.0113141518086195,0.37382976504239196,1.0,0,0,0,,,-0.013513571757131929
20260123_221112,2026-01-23T22:22:40.594676,15cedc7a9730972b927f01fdf3bc98946ca1b50a,euler,32x32,1299,0.010123766027390957,0.3629209647599055,1.0,0,0,0,,,0.030973731046352843
20260123_221112,2026-01-23T22:22:41.531160,15cedc7a9730972b927f01fdf3bc98946ca1b50a,euler,32x32,1399,0.010279739275574684,0.35195245012502707,1.0,0,0,0,,,0.07058559744670519
20260123_221112,2026-01-23T22:22:42.491889,15cedc7a9730972b927f01fdf3bc98946ca1b50a,euler,32x32,1499,0.005560748279094696,0.34251613387983526,1.0,0,0,0,,,0.10109300433477497
20260123_221112,2026-01-23T22:22:43.511089,15cedc7a9730972b927f01fdf3bc98946ca1b50a,euler,32x32,1599,0.005092043895274401,0.3281425871573447,1.0,0,0,0,,,0.13823231430416996
20260123_221112,2026-01-23T22:22:44.445811,15cedc7a9730972b927f01fdf3bc98946ca1b50a,euler,32x32,1699,0.0058307647705078125,0.3179984494009841,1.0,0,0,0,,,0.1642689474194556
20260123_221112,2026-01-23T22:22:45.456021,15cedc7a9730972b927f01fdf3bc98946ca1b50a,euler,32x32,1799,0.004850315395742655,0.30164602291348275,1.0,0,0,0,,,0.19696135362012246
20260123_221112,2026-01-23T22:22:46.647054,15cedc7a9730972b927f01fdf3bc98946ca1b50a,euler,32x32,1899,0.005273081362247467,0.28919093531054385,1.0,0,0,0,,,0.21906690458461558
20260123_221112,2026-01-23T22:22:47.959947,15cedc7a9730972b927f01fdf3bc98946ca1b50a,euler,32x32,1999,0.004509900696575642,0.27750751372703236,1.0,0,0,0,,,0.23800802366022256
20260123_221112,2026-01-23T22:22:49.134898,15cedc7a9730972b927f01fdf3bc98946ca1b50a,euler,32x32,2099,0.004309081472456455,0.2649965054976201,1.0,0,0,0,,,0.2559483636623916
20260123_221112,2026-01-23T22:22:49.974572,15cedc7a9730972b927f01fdf3bc98946ca1b50a,euler,32x32,2199,0.003202140796929598,0.25351143640124063,1.0,0,0,0,,,0.2707303450556142
20260123_221112,2026-01-23T22:22:51.068338,15cedc7a9730972b927f01fdf3bc98946ca1b50a,euler,32x32,2299,0.0017618355341255665,0.23730470804061043,1.0,0,0,0,,,0.28898050265550407
20260123_221112,2026-01-23T22:22:52.106651,15cedc7a9730972b927f01fdf3bc98946ca1b50a,euler,32x32,2399,0.0022929878905415535,0.22482580339041305,1.0,0,0,0,,,0.3020481784247009
20260123_221112,2026-01-23T22:22:53.140797,15cedc7a9730972b927f01fdf3bc98946ca1b50a,euler,32x32,2499,0.0024574226699769497,0.2113582337052503,1.0,0,0,0,,,0.31534880641827606
20260123_221112,2026-01-23T22:22:54.020163,15cedc7a9730972b927f01fdf3bc98946ca1b50a,euler,32x32,2599,0.0019321022555232048,0.19838851917484135,1.0,0,0,0,,,0.3267895959176834
20260123_221112,2026-01-23T22:22:54.861055,15cedc7a9730972b927f01fdf3bc98946ca1b50a,euler,32x32,2699,0.002058538608253002,0.18599868042234446,1.0,0,0,0,,,0.3372088238624811
20260123_221112,2026-01-23T22:22:55.942243,15cedc7a9730972b927f01fdf3bc98946ca1b50a,euler,32x32,2799,0.0015372948255389929,0.1800897690095735,1.0,0,0,0,,,0.3422495120805644
20260123_221112,2026-01-23T22:22:57.255668,15cedc7a9730972b927f01fdf3bc98946ca1b50a,euler,32x32,2899,0.001577208866365254,0.17132192404569652,1.0,0,0,0,,,0.3489600793452948
20260123_221112,2026-01-23T22:22:58.781948,15cedc7a9730972b927f01fdf3bc98946ca1b50a,euler,32x32,2999,0.0012810641201213002,0.16442962265748065,1.0,0,0,0,,,0.3539318877716988
20260123_221112,2026-01-23T22:23:00.107705,15cedc7a9730972b927f01fdf3bc98946ca1b50a,euler,32x32,3099,0.0011347359977662563,0.1557165533999796,1.0,0,0,0,,,0.3598266067572221
20260123_221112,2026-01-23T22:23:01.174542,15cedc7a9730972b927f01fdf3bc98946ca1b50a,euler,32x32,3199,0.0010386924259364605,0.15324263372764108,1.0,0,0,0,,,0.362088656272874
20260123_221112,2026-01-23T22:23:02.256623,15cedc7a9730972b927f01fdf3bc98946ca1b50a,euler,32x32,3299,0.0006969332462176681,0.14509615614413632,1.0,0,0,0,,,0.36684823730291044
20260123_221112,2026-01-23T22:23:03.338365,15cedc7a9730972b927f01fdf3bc98946ca1b50a,euler,32x32,3399,0.001064511714503169,0.14209718318699743,1.0,0,0,0,,,0.3689235660062955
20260123_221112,2026-01-23T22:23:04.397781,15cedc7a9730972b927f01fdf3bc98946ca1b50a,euler,32x32,3499,0.0011922084959223866,0.13814847592904697,1.0,0,0,0,,,0.37141238011929434
20260123_221112,2026-01-23T22:23:05.473408,15cedc7a9730972b927f01fdf3bc98946ca1b50a,euler,32x32,3599,0.0003819323028437793,0.13444310526108894,1.0,0,0,0,,,0.3741087705442461
20260123_221112,2026-01-23T22:23:06.319451,15cedc7a9730972b927f01fdf3bc98946ca1b50a,euler,32x32,3699,0.0005816900520585477,0.12581931709471975,1.0,0,0,0,,,0.378478184173947
20260123_221112,2026-01-23T22:23:07.241675,15cedc7a9730972b927f01fdf3bc98946ca1b50a,euler,32x32,3799,0.0006926196510903537,0.12538941448496188,1.0,0,0,0,,,0.37904724531080836
20260123_221112,2026-01-23T22:23:08.215823,15cedc7a9730972b927f01fdf3bc98946ca1b50a,euler,32x32,3899,0.0006245787953957915,0.12797046505518664,1.0,0,0,0,,,0.3783334374487226
20260123_221112,2026-01-23T22:23:09.144887,15cedc7a9730972b927f01fdf3bc98946ca1b50a,euler,32x32,3999,0.0009411874925717711,0.12550837640461396,1.0,0,0,0,,,0.37985363586876064
20260123_221112,2026-01-23T22:23:10.301532,15cedc7a9730972b927f01fdf3bc98946ca1b50a,euler,32x32,4099,0.0004677308024838567,0.11580013652332127,1.0,0,0,0,,,0.383869790411024
20260123_221112,2026-01-23T22:23:11.375916,15cedc7a9730972b927f01fdf3bc98946ca1b50a,euler,32x32,4199,0.0006421392317861319,0.11795660113159101,1.0,0,0,0,,,0.38399019037301785
20260123_221112,2026-01-23T22:23:12.433968,15cedc7a9730972b927f01fdf3bc98946ca1b50a,euler,32x32,4299,0.00038172892527654767,0.11574179594063025,1.0,0,0,0,,,0.3851398710069346
20260123_221112,2026-01-23T22:23:13.411334,15cedc7a9730972b927f01fdf3bc98946ca1b50a,euler,32x32,4399,0.0006465953774750233,0.11480708637413045,1.0,0,0,0,,,0.38591408392584536
20260123_221112,2026-01-23T22:23:14.340359,15cedc7a9730972b927f01fdf3bc98946ca1b50a,euler,32x32,4499,0.0007445289520546794,0.11429237420408754,1.0,0,0,0,,,0.38656442960639786
20260123_221112,2026-01-23T22:23:15.494383,15cedc7a9730972b927f01fdf3bc98946ca1b50a,euler,32x32,4599,0.0005144255701452494,0.1101715670811609,1.0,0,0,0,,,0.3885086227335621
20260123_221112,2026-01-23T22:23:16.673580,15cedc7a9730972b927f01fdf3bc98946ca1b50a,euler,32x32,4699,0.0008786155376583338,0.1088711582011456,1.0,0,0,0,,,0.38957757780242913
20260123_221112,2026-01-23T22:23:17.623281,15cedc7a9730972b927f01fdf3bc98946ca1b50a,euler,32x32,4799,0.00016082817455753684,0.10698510397338395,1.0,0,0,0,,,0.3902181088958264
20260123_221112,2026-01-23T22:23:18.580301,15cedc7a9730972b927f01fdf3bc98946ca1b50a,euler,32x32,4899,0.00020833543385379016,0.10268969486096466,1.0,0,0,0,,,0.3924487197425457
20260123_221112,2026-01-23T22:23:19.516029,15cedc7a9730972b927f01fdf3bc98946ca1b50a,euler,32x32,4999,0.00027736290940083563,0.10059536987057072,1.0,0,0,0,,,0.3934505246438782
20260123_221112,2026-01-23T22:23:20.466874,15cedc7a9730972b927f01fdf3bc98946ca1b50a,euler,32x32,5099,0.00041759933810681105,0.10616725277861405,1.0,0,0,0,,,0.39179660617953704
20260123_221112,2026-01-23T22:23:21.327791,15cedc7a9730972b927f01fdf3bc98946ca1b50a,euler,32x32,5199,0.0004013956349808723,0.10378113377941191,1.0,0,0,0,,,0.3930862729004474
20260123_221112,2026-01-23T22:23:22.408453,15cedc7a9730972b927f01fdf3bc98946ca1b50a,euler,32x32,5299,0.00024858879623934627,0.10277750977893448,1.0,0,0,0,,,0.39354899117471837
20260123_221112,2026-01-23T22:23:23.607093,15cedc7a9730972b927f01fdf3bc98946ca1b50a,euler,32x32,5399,0.0003471439122222364,0.10031440994996955,1.0,0,0,0,,,0.39488438526477043
20260123_221112,2026-01-23T22:23:24.785939,15cedc7a9730972b927f01fdf3bc98946ca1b50a,euler,32x32,5499,0.00015834954683668911,0.09959771184396232,1.0,0,0,0,,,0.395269537931558
20260123_221112,2026-01-23T22:23:25.941246,15cedc7a9730972b927f01fdf3bc98946ca1b50a,euler,32x32,5599,0.0003441094886511564,0.09783579696657398,1.0,0,0,0,,,0.39602990517361136
20260123_221112,2026-01-23T22:23:27.022060,15cedc7a9730972b927f01fdf3bc98946ca1b50a,euler,32x32,5699,5.968131881672889e-05,0.09500577901013457,1.0,0,0,0,,,0.3972420288865893
20260123_221112,2026-01-23T22:23:28.118514,15cedc7a9730972b927f01fdf3bc98946ca1b50a,euler,32x32,5799,0.0005599147407338023,0.09370091089524067,1.0,0,0,0,,,0.3979654992082443
20260123_221112,2026-01-23T22:23:29.369812,15cedc7a9730972b927f01fdf3bc98946ca1b50a,euler,32x32,5899,0.0002397750795353204,0.09726058466145332,1.0,0,0,0,,,0.39691237678734453
20260123_221112,2026-01-23T22:23:30.532235,15cedc7a9730972b927f01fdf3bc98946ca1b50a,euler,32x32,5999,0.00033489405177533627,0.09531069017633854,1.0,0,0,0,,,0.3976822351832611
20260123_221112,2026-01-23T22:23:31.549599,15cedc7a9730972b927f01fdf3bc98946ca1b50a,euler,32x32,6099,0.0005019857781007886,0.09044623321282415,1.0,0,0,0,,,0.3997826335658204
20260123_221112,2026-01-23T22:23:32.780405,15cedc7a9730972b927f01fdf3bc98946ca1b50a,euler,32x32,6199,0.00014178320998325944,0.08957939538973733,1.0,0,0,0,,,0.39982685045680644
20260123_221112,2026-01-23T22:23:34.058849,15cedc7a9730972b927f01fdf3bc98946ca1b50a,euler,32x32,6299,0.0005081956624053419,0.09257209597668407,1.0,0,0,0,,,0.39921500998248427
20260123_221112,2026-01-23T22:23:35.296368,15cedc7a9730972b927f01fdf3bc98946ca1b50a,euler,32x32,6399,0.00014161835133563727,0.08999501907605008,1.0,0,0,0,,,0.400298609401425
20260123_221112,2026-01-23T22:23:36.465481,15cedc7a9730972b927f01fdf3bc98946ca1b50a,euler,32x32,6499,0.0003105199721176177,0.08804665564948663,1.0,0,0,0,,,0.40111873876535953
20260123_221112,2026-01-23T22:23:37.635469,15cedc7a9730972b927f01fdf3bc98946ca1b50a,euler,32x32,6599,0.00015693902969360352,0.09368143195475569,1.0,0,0,0,,,0.3992481811597697
20260123_221112,2026-01-23T22:23:38.808090,15cedc7a9730972b927f01fdf3bc98946ca1b50a,euler,32x32,6699,0.00016886385856196284,0.08637321052563493,1.0,0,0,0,,,0.40182979130842444
20260123_221112,2026-01-23T22:23:40.108226,15cedc7a9730972b927f01fdf3bc98946ca1b50a,euler,32x32,6799,0.0005748053081333637,0.0855535599058203,1.0,0,0,0,,,0.40230936617749835
20260123_221112,2026-01-23T22:23:41.406212,15cedc7a9730972b927f01fdf3bc98946ca1b50a,euler,32x32,6899,0.000344851054251194,0.08729786142230296,1.0,0,0,0,,,0.4019008463165854
20260123_221112,2026-01-23T22:23:42.611309,15cedc7a9730972b927f01fdf3bc98946ca1b50a,euler,32x32,6999,0.00022221714607439935,0.08346431202389795,1.0,0,0,0,,,0.40317199196008585
20260123_221112,2026-01-23T22:23:43.810457,15cedc7a9730972b927f01fdf3bc98946ca1b50a,euler,32x32,7099,0.0004231163766235113,0.08556989335498656,1.0,0,0,0,,,0.40288499183601606
20260123_221112,2026-01-23T22:23:44.949542,15cedc7a9730972b927f01fdf3bc98946ca1b50a,euler,32x32,7199,0.00032844190718606114,0.08269711578293937,1.0,0,0,0,,,0.40379889822531717
20260123_221112,2026-01-23T22:23:46.136261,15cedc7a9730972b927f01fdf3bc98946ca1b50a,euler,32x32,7299,0.00042144907638430595,0.08484496711258543,1.0,0,0,0,,,0.4032720272348115
20260123_221112,2026-01-23T22:23:47.216355,15cedc7a9730972b927f01fdf3bc98946ca1b50a,euler,32x32,7399,0.0004139681113883853,0.08546451008271105,1.0,0,0,0,,,0.40311598242243263
20260123_221112,2026-01-23T22:23:48.289703,15cedc7a9730972b927f01fdf3bc98946ca1b50a,euler,32x32,7499,0.0002590568910818547,0.081823915219029,1.0,0,0,0,,,0.4043942419911273
20260123_221112,2026-01-23T22:23:49.276698,15cedc7a9730972b927f01fdf3bc98946ca1b50a,euler,32x32,7599,0.0004577350046020001,0.08254228331828926,1.0,0,0,0,,,0.4043602594591714
20260123_221112,2026-01-23T22:23:50.515407,15cedc7a9730972b927f01fdf3bc98946ca1b50a,euler,32x32,7699,0.000440691044786945,0.08231048851441301,1.0,0,0,0,,,0.4043718696041123
20260123_221112,2026-01-23T22:23:51.740263,15cedc7a9730972b927f01fdf3bc98946ca1b50a,euler,32x32,7799,0.0001094771723728627,0.08160678741849552,1.0,0,0,0,,,0.4047988886760977
20260123_221112,2026-01-23T22:23:52.970719,15cedc7a9730972b927f01fdf3bc98946ca1b50a,euler,32x32,7899,0.0005530121852643788,0.07873352178783534,1.0,0,0,0,,,0.4055112003599467
20260123_221112,2026-01-23T22:23:54.239826,15cedc7a9730972b927f01fdf3bc98946ca1b50a,euler,32x32,7999,8.468804298900068e-05,0.08270266200761398,1.0,0,0,0,,,0.4045354467838972
20260123_221112,2026-01-23T22:23:55.409975,15cedc7a9730972b927f01fdf3bc98946ca1b50a,euler,32x32,8099,-7.210267358459532e-05,0.07865214520457812,1.0,0,0,0,,,0.40593163159207635
20260123_221112,2026-01-23T22:23:56.580837,15cedc7a9730972b927f01fdf3bc98946ca1b50a,euler,32x32,8199,0.00022037560120224953,0.07478597605837421,1.0,0,0,0,,,0.4069879938374934
20260123_221112,2026-01-23T22:23:57.748140,15cedc7a9730972b927f01fdf3bc98946ca1b50a,euler,32x32,8299,3.765529254451394e-05,0.07812992842405947,1.0,0,0,0,,,0.40594290144436
20260123_221112,2026-01-23T22:23:58.810320,15cedc7a9730972b927f01fdf3bc98946ca1b50a,euler,32x32,8399,-1.1885356798302382e-05,0.08162550479017228,1.0,0,0,0,,,0.40490545015650314
20260123_221112,2026-01-23T22:23:59.981695,15cedc7a9730972b927f01fdf3bc98946ca1b50a,euler,32x32,8499,0.0002638395526446402,0.0779785202120911,1.0,0,0,0,,,0.4058494441251104
20260123_221112,2026-01-23T22:24:01.059746,15cedc7a9730972b927f01fdf3bc98946ca1b50a,euler,32x32,8599,0.000235066341701895,0.0842395511498762,1.0,0,0,0,,,0.4040788986382413
20260123_221112,2026-01-23T22:24:02.320210,15cedc7a9730972b927f01fdf3bc98946ca1b50a,euler,32x32,8699,0.00010193453636020422,0.07833512745546614,1.0,0,0,0,,,0.4061985761722462
20260123_221112,2026-01-23T22:24:03.592784,15cedc7a9730972b927f01fdf3bc98946ca1b50a,euler,32x32,8799,0.0005441993707790971,0.0787097859212372,1.0,0,0,0,,,0.4062864527477271
20260123_221112,2026-01-23T22:24:04.780278,15cedc7a9730972b927f01fdf3bc98946ca1b50a,euler,32x32,8899,0.00023808979312889278,0.07719334691068071,1.0,0,0,0,,,0.4066751432069219
20260123_221112,2026-01-23T22:24:06.023668,15cedc7a9730972b927f01fdf3bc98946ca1b50a,euler,32x32,8999,0.000673457165248692,0.07643333030355279,1.0,0,0,0,,,0.4070270144779936
20260123_221112,2026-01-23T22:24:07.253373,15cedc7a9730972b927f01fdf3bc98946ca1b50a,euler,32x32,9099,0.0005262409104034305,0.07531817349132325,1.0,0,0,0,,,0.4069293856647479
20260123_221112,2026-01-23T22:24:08.208830,15cedc7a9730972b927f01fdf3bc98946ca1b50a,euler,32x32,9199,0.0005500647239387035,0.07735772759486281,1.0,0,0,0,,,0.4068572357056963
20260123_221112,2026-01-23T22:24:09.177771,15cedc7a9730972b927f01fdf3bc98946ca1b50a,euler,32x32,9299,0.00052523089107126,0.07905277361162007,1.0,0,0,0,,,0.4063423969539217
20260123_221112,2026-01-23T22:24:10.350509,15cedc7a9730972b927f01fdf3bc98946ca1b50a,euler,32x32,9399,0.0005287323729135096,0.07325111993879546,1.0,0,0,0,,,0.4076271965965411
20260123_221112,2026-01-23T22:24:11.519454,15cedc7a9730972b927f01fdf3bc98946ca1b50a,euler,32x32,9499,0.0003360761620569974,0.07816992255269724,1.0,0,0,0,,,0.40674673180668863
20260123_221112,2026-01-23T22:24:12.605102,15cedc7a9730972b927f01fdf3bc98946ca1b50a,euler,32x32,9599,4.278447158867493e-05,0.07299267881164269,1.0,0,0,0,,,0.4081549582687941
20260123_221112,2026-01-23T22:24:13.928453,15cedc7a9730972b927f01fdf3bc98946ca1b50a,euler,32x32,9699,0.00018605476361699402,0.08077612351113203,1.0,0,0,0,,,0.4060840664721866
20260123_221112,2026-01-23T22:24:15.003691,15cedc7a9730972b927f01fdf3bc98946ca1b50a,euler,32x32,9799,0.000653554976452142,0.07495385273985448,1.0,0,0,0,,,0.4078559143868564
20260123_221112,2026-01-23T22:24:16.248182,15cedc7a9730972b927f01fdf3bc98946ca1b50a,euler,32x32,9899,0.00045044723083265126,0.07072198694088001,1.0,0,0,0,,,0.408767094106383
20260123_221112,2026-01-23T22:24:17.341870,15cedc7a9730972b927f01fdf3bc98946ca1b50a,euler,32x32,9999,0.00013939340715296566,0.07442007940211624,1.0,0,0,0,,,0.4081263163837111
20260123_221112,2026-01-23T22:24:18.564111,15cedc7a9730972b927f01fdf3bc98946ca1b50a,euler,32x32,10099,3.310471220174804e-05,0.07585438416350371,1.0,0,0,0,,,0.4078968749120264
20260123_221112,2026-01-23T22:24:19.540063,15cedc7a9730972b927f01fdf3bc98946ca1b50a,euler,32x32,10199,0.00037561036879196763,0.07623003137679916,1.0,0,0,0,,,0.40773405767095483
20260123_221112,2026-01-23T22:24:20.507909,15cedc7a9730972b927f01fdf3bc98946ca1b50a,euler,32x32,10299,0.00037387252086773515,0.07046976582434582,1.0,0,0,0,,,0.4092157493738857
20260123_221112,2026-01-23T22:24:21.675448,15cedc7a9730972b927f01fdf3bc98946ca1b50a,euler,32x32,10399,0.0002587759227026254,0.07596649255905503,1.0,0,0,0,,,0.40777544877574035
20260123_221112,2026-01-23T22:24:22.851276,15cedc7a9730972b927f01fdf3bc98946ca1b50a,euler,32x32,10499,2.1681007638107985e-06,0.07386622649155469,1.0,0,0,0,,,0.4084826120166304
20260123_221112,2026-01-23T22:24:24.088820,15cedc7a9730972b927f01fdf3bc98946ca1b50a,euler,32x32,10599,0.0008241456816904247,0.07187678317655809,1.0,0,0,0,,,0.40909890874773547
20260123_221112,2026-01-23T22:24:25.173097,15cedc7a9730972b927f01fdf3bc98946ca1b50a,euler,32x32,10699,0.00012290004815440625,0.07425723965920042,1.0,0,0,0,,,0.40815418281612986
20260123_221112,2026-01-23T22:24:26.402509,15cedc7a9730972b927f01fdf3bc98946ca1b50a,euler,32x32,10799,0.00020591530483216047,0.07573524101433576,1.0,0,0,0,,,0.40806663475582394
20260123_221112,2026-01-23T22:24:27.735129,15cedc7a9730972b927f01fdf3bc98946ca1b50a,euler,32x32,10899,0.0004430472035892308,0.07097063744775368,1.0,0,0,0,,,0.40879248730380335
20260123_221112,2026-01-23T22:24:29.076682,15cedc7a9730972b927f01fdf3bc98946ca1b50a,euler,32x32,10999,0.00027736317133530974,0.06664307136241404,1.0,0,0,0,,,0.4094244733912424
20260123_221112,2026-01-23T22:24:30.212615,15cedc7a9730972b927f01fdf3bc98946ca1b50a,euler,32x32,11099,0.00016314488311763853,0.07468729310938216,1.0,0,0,0,,,0.4085683561441131
20260123_221112,2026-01-23T22:24:31.274636,15cedc7a9730972b927f01fdf3bc98946ca1b50a,euler,32x32,11199,0.0006457720883190632,0.06954359120016307,1.0,0,0,0,,,0.4093494677283489
20260123_221112,2026-01-23T22:24:32.339141,15cedc7a9730972b927f01fdf3bc98946ca1b50a,euler,32x32,11299,-0.00013112023589201272,0.07314678527596698,1.0,0,0,0,,,0.4090664378003965
20260123_221112,2026-01-23T22:24:33.356240,15cedc7a9730972b927f01fdf3bc98946ca1b50a,euler,32x32,11399,2.205629789386876e-05,0.07366460645254846,1.0,0,0,0,,,0.4087577876298921
20260123_221112,2026-01-23T22:24:34.531821,15cedc7a9730972b927f01fdf3bc98946ca1b50a,euler,32x32,11499,6.679597572656348e-05,0.06977614282088325,1.0,0,0,0,,,0.4099300323694641
20260123_221112,2026-01-23T22:24:35.684078,15cedc7a9730972b927f01fdf3bc98946ca1b50a,euler,32x32,11599,0.00018967223877552897,0.07150476318121946,1.0,0,0,0,,,0.40957142649185463
20260123_221112,2026-01-23T22:24:36.840622,15cedc7a9730972b927f01fdf3bc98946ca1b50a,euler,32x32,11699,0.0002450839092489332,0.06719964761126902,1.0,0,0,0,,,0.410499552906753
20260123_221112,2026-01-23T22:24:38.069631,15cedc7a9730972b927f01fdf3bc98946ca1b50a,euler,32x32,11799,0.00044278459972701967,0.07220014727903618,1.0,0,0,0,,,0.40958470983091533
20260123_221112,2026-01-23T22:24:39.040043,15cedc7a9730972b927f01fdf3bc98946ca1b50a,euler,32x32,11899,0.0006304426351562142,0.07491497037273803,1.0,0,0,0,,,0.40877648048051024
20260123_221112,2026-01-23T22:24:40.063313,15cedc7a9730972b927f01fdf3bc98946ca1b50a,euler,32x32,11999,0.00019363949832040817,0.07214233784692624,1.0,0,0,0,,,0.4095418001423945
20260123_221112,2026-01-23T22:24:41.209091,15cedc7a9730972b927f01fdf3bc98946ca1b50a,euler,32x32,12099,0.00011493931378936395,0.06933469299739954,1.0,0,0,0,,,0.4099598028064912
20260123_221112,2026-01-23T22:24:42.223686,15cedc7a9730972b927f01fdf3bc98946ca1b50a,euler,32x32,12199,0.0003256911295466125,0.07301949372817035,1.0,0,0,0,,,0.4094768764546515
20260123_221112,2026-01-23T22:24:43.423657,15cedc7a9730972b927f01fdf3bc98946ca1b50a,euler,32x32,12299,0.0003101290494669229,0.06663446848673629,1.0,0,0,0,,,0.41071939158924337
20260123_221112,2026-01-23T22:24:44.503551,15cedc7a9730972b927f01fdf3bc98946ca1b50a,euler,32x32,12399,0.00016099834465421736,0.07252233652896393,1.0,0,0,0,,,0.4096930737782518
20260123_221112,2026-01-23T22:24:45.583370,15cedc7a9730972b927f01fdf3bc98946ca1b50a,euler,32x32,12499,0.00013844951172359288,0.07356390119126445,1.0,0,0,0,,,0.4094557025293564
20260123_221112,2026-01-23T22:24:46.736987,15cedc7a9730972b927f01fdf3bc98946ca1b50a,euler,32x32,12599,0.00017337247845716774,0.0696831765369643,1.0,0,0,0,,,0.4103239028584811
20260123_221112,2026-01-23T22:24:47.905825,15cedc7a9730972b927f01fdf3bc98946ca1b50a,euler,32x32,12699,0.0001570837339386344,0.06382167511259468,1.0,0,0,0,,,0.4107742122965188
20260123_221112,2026-01-23T22:24:49.150262,15cedc7a9730972b927f01fdf3bc98946ca1b50a,euler,32x32,12799,0.00036003615241497755,0.06964952182464913,1.0,0,0,0,,,0.41012648185515566
20260123_221112,2026-01-23T22:24:50.288126,15cedc7a9730972b927f01fdf3bc98946ca1b50a,euler,32x32,12899,0.0003256544005125761,0.06735851021094277,1.0,0,0,0,,,0.4107689991533202
20260123_221112,2026-01-23T22:24:51.405983,15cedc7a9730972b927f01fdf3bc98946ca1b50a,euler,32x32,12999,0.00012021122529404238,0.07218645611239481,1.0,0,0,0,,,0.40971575166306057
20260123_221112,2026-01-23T22:24:52.571148,15cedc7a9730972b927f01fdf3bc98946ca1b50a,euler,32x32,13099,0.00038221522117964923,0.06381704997373162,1.0,0,0,0,,,0.41140409144176493
20260123_221112,2026-01-23T22:24:53.612550,15cedc7a9730972b927f01fdf3bc98946ca1b50a,euler,32x32,13199,0.00017858785577118397,0.06685367486614269,1.0,0,0,0,,,0.4108269875378644
20260123_221112,2026-01-23T22:24:54.774775,15cedc7a9730972b927f01fdf3bc98946ca1b50a,euler,32x32,13299,0.0003518039593473077,0.06762302378512686,1.0,0,0,0,,,0.4107235846864207
20260123_221112,2026-01-23T22:24:55.915609,15cedc7a9730972b927f01fdf3bc98946ca1b50a,euler,32x32,13399,6.753594061592594e-05,0.06730301428306121,1.0,0,0,0,,,0.41083012492838256
20260123_221112,2026-01-23T22:24:57.056403,15cedc7a9730972b927f01fdf3bc98946ca1b50a,euler,32x32,13499,0.00029636238468810916,0.07022071545881772,1.0,0,0,0,,,0.41021162408888834
20260123_221112,2026-01-23T22:24:58.129901,15cedc7a9730972b927f01fdf3bc98946ca1b50a,euler,32x32,13599,7.965302211232483e-05,0.0780865739073488,1.0,0,0,0,,,0.40809862602712654
20260123_221112,2026-01-23T22:24:59.281835,15cedc7a9730972b927f01fdf3bc98946ca1b50a,euler,32x32,13699,0.00016999282524921,0.07093562262376508,1.0,0,0,0,,,0.41028853105896035
20260123_221112,2026-01-23T22:25:00.503382,15cedc7a9730972b927f01fdf3bc98946ca1b50a,euler,32x32,13799,0.0006775703513994813,0.06914494307216955,1.0,0,0,0,,,0.4110167291291845
20260123_221112,2026-01-23T22:25:01.468630,15cedc7a9730972b927f01fdf3bc98946ca1b50a,euler,32x32,13899,0.00019274622900411487,0.06940864414798853,1.0,0,0,0,,,0.4108671470857681
20260123_221112,2026-01-23T22:25:02.471923,15cedc7a9730972b927f01fdf3bc98946ca1b50a,euler,32x32,13999,0.00026805963716469705,0.06872010850245715,1.0,0,0,0,,,0.4109954153093737
20260123_221112,2026-01-23T22:25:03.425998,15cedc7a9730972b927f01fdf3bc98946ca1b50a,euler,32x32,14099,0.00047333340626209974,0.06866511292701034,1.0,0,0,0,,,0.41094222495426336
20260123_221112,2026-01-23T22:25:04.471666,15cedc7a9730972b927f01fdf3bc98946ca1b50a,euler,32x32,14199,-0.0001339368463959545,0.0671276710868915,1.0,0,0,0,,,0.41117686726441216
20260123_221112,2026-01-23T22:25:05.666384,15cedc7a9730972b927f01fdf3bc98946ca1b50a,euler,32x32,14299,0.0002140747819794342,0.06720775876601692,1.0,0,0,0,,,0.4115153511409012
20260123_221112,2026-01-23T22:25:06.841555,15cedc7a9730972b927f01fdf3bc98946ca1b50a,euler,32x32,14399,0.0004963898682035506,0.06374167562571528,1.0,0,0,0,,,0.41183543653843413
20260123_221112,2026-01-23T22:25:07.834496,15cedc7a9730972b927f01fdf3bc98946ca1b50a,euler,32x32,14499,-4.4094664190197363e-05,0.06721623985435145,1.0,0,0,0,,,0.41145827305112825
20260123_221112,2026-01-23T22:25:08.990390,15cedc7a9730972b927f01fdf3bc98946ca1b50a,euler,32x32,14599,-5.781422805739567e-05,0.06895297207331169,1.0,0,0,0,,,0.4111245529846248
20260123_221112,2026-01-23T22:25:10.147494,15cedc7a9730972b927f01fdf3bc98946ca1b50a,euler,32x32,14699,0.0005283395294100046,0.0685707851956613,1.0,0,0,0,,,0.41136020309170773
20260123_221112,2026-01-23T22:25:11.295472,15cedc7a9730972b927f01fdf3bc98946ca1b50a,euler,32x32,14799,1.9248167518526316e-05,0.06701043020584621,1.0,0,0,0,,,0.4116329068638576
20260123_221112,2026-01-23T22:25:12.523286,15cedc7a9730972b927f01fdf3bc98946ca1b50a,euler,32x32,14899,-0.00010283946176059544,0.07040932467953098,1.0,0,0,0,,,0.4107479335464099
20260123_221112,2026-01-23T22:25:13.533005,15cedc7a9730972b927f01fdf3bc98946ca1b50a,euler,32x32,14999,0.0004101667436771095,0.06445798667831695,1.0,0,0,0,,,0.41196764184290047
20260123_221112,2026-01-23T22:25:14.532224,15cedc7a9730972b927f01fdf3bc98946ca1b50a,euler,32x32,15099,-1.9580184016376734e-06,0.06546781939778157,1.0,0,0,0,,,0.4118311463982238
20260123_221112,2026-01-23T22:25:15.774499,15cedc7a9730972b927f01fdf3bc98946ca1b50a,euler,32x32,15199,0.00035932628088630736,0.07028290081525483,1.0,0,0,0,,,0.41090379527211274
20260123_221112,2026-01-23T22:25:16.786967,15cedc7a9730972b927f01fdf3bc98946ca1b50a,euler,32x32,15299,0.00013250808115117252,0.06832293368639512,1.0,0,0,0,,,0.41145374741529794
20260123_221112,2026-01-23T22:25:17.934311,15cedc7a9730972b927f01fdf3bc98946ca1b50a,euler,32x32,15399,0.00039813306648284197,0.06728083949288703,1.0,0,0,0,,,0.4113945768585564
20260123_221112,2026-01-23T22:25:19.075052,15cedc7a9730972b927f01fdf3bc98946ca1b50a,euler,32x32,15499,0.00026487483410164714,0.06821591814310522,1.0,0,0,0,,,0.41135679773935047
20260123_221112,2026-01-23T22:25:20.079118,15cedc7a9730972b927f01fdf3bc98946ca1b50a,euler,32x32,15599,0.00047064226237125695,0.06678260903969203,1.0,0,0,0,,,0.41171759840624644
20260123_221112,2026-01-23T22:25:21.226514,15cedc7a9730972b927f01fdf3bc98946ca1b50a,euler,32x32,15699,-1.1565571185201406e-05,0.06693721756357263,1.0,0,0,0,,,0.41183868045837113
20260123_221112,2026-01-23T22:25:22.378001,15cedc7a9730972b927f01fdf3bc98946ca1b50a,euler,32x32,15799,0.0004332006792537868,0.07333128822720028,1.0,0,0,0,,,0.41009803191460853
20260123_221112,2026-01-23T22:25:23.475900,15cedc7a9730972b927f01fdf3bc98946ca1b50a,euler,32x32,15899,0.0004971037851646543,0.06550718110185699,1.0,0,0,0,,,0.41197275776987397
20260123_221112,2026-01-23T22:25:24.487666,15cedc7a9730972b927f01fdf3bc98946ca1b50a,euler,32x32,15999,-0.00017253340047318488,0.06614448645854282,1.0,0,0,0,,,0.41176027518770947
20260123_221112,2026-01-23T22:25:25.513333,15cedc7a9730972b927f01fdf3bc98946ca1b50a,euler,32x32,16099,-0.0002489386824890971,0.06679765196091467,1.0,0,0,0,,,0.4118301250981926
20260123_221112,2026-01-23T22:25:26.818510,15cedc7a9730972b927f01fdf3bc98946ca1b50a,euler,32x32,16199,0.0003592089342419058,0.06802194223837432,1.0,0,0,0,,,0.41143454646634914
20260123_221112,2026-01-23T22:25:27.864852,15cedc7a9730972b927f01fdf3bc98946ca1b50a,euler,32x32,16299,0.0004382182378321886,0.06672759409811987,1.0,0,0,0,,,0.4117457609908308
20260123_221112,2026-01-23T22:25:28.950590,15cedc7a9730972b927f01fdf3bc98946ca1b50a,euler,32x32,16399,0.0005112093640491366,0.06560252916835452,1.0,0,0,0,,,0.41186509041820507
20260123_221112,2026-01-23T22:25:30.010716,15cedc7a9730972b927f01fdf3bc98946ca1b50a,euler,32x32,16499,5.611000597127713e-05,0.06424959738367761,1.0,0,0,0,,,0.41222981710714296
20260123_221112,2026-01-23T22:25:31.194757,15cedc7a9730972b927f01fdf3bc98946ca1b50a,euler,32x32,16599,0.00027945596957579255,0.06934146081388462,1.0,0,0,0,,,0.4111491184347014
20260123_221112,2026-01-23T22:25:32.291079,15cedc7a9730972b927f01fdf3bc98946ca1b50a,euler,32x32,16699,0.0001784690102795139,0.06585435573084396,1.0,0,0,0,,,0.41207532981840134
20260123_221112,2026-01-23T22:25:33.464462,15cedc7a9730972b927f01fdf3bc98946ca1b50a,euler,32x32,16799,0.0005047708982601762,0.06654304729749129,1.0,0,0,0,,,0.411861262098533
20260123_221112,2026-01-23T22:25:34.587553,15cedc7a9730972b927f01fdf3bc98946ca1b50a,euler,32x32,16899,0.0003922607866115868,0.07029079667754559,1.0,0,0,0,,,0.41098886203291257
20260123_221112,2026-01-23T22:25:35.621891,15cedc7a9730972b927f01fdf3bc98946ca1b50a,euler,32x32,16999,-9.462639354751445e-06,0.06872687997885805,1.0,0,0,0,,,0.4113369105197193
20260123_221112,2026-01-23T22:25:36.800379,15cedc7a9730972b927f01fdf3bc98946ca1b50a,euler,32x32,17099,5.593877358478494e-05,0.06888594423460745,1.0,0,0,0,,,0.4112783982876004
20260123_221112,2026-01-23T22:25:37.868190,15cedc7a9730972b927f01fdf3bc98946ca1b50a,euler,32x32,17199,0.000457207701401785,0.06643524017083109,1.0,0,0,0,,,0.4118746959204588
20260123_221112,2026-01-23T22:25:38.919560,15cedc7a9730972b927f01fdf3bc98946ca1b50a,euler,32x32,17299,0.00024706870317459106,0.06709816097867588,1.0,0,0,0,,,0.41180127891753604
20260123_221112,2026-01-23T22:25:40.182104,15cedc7a9730972b927f01fdf3bc98946ca1b50a,euler,32x32,17399,0.0003971881524194032,0.06880397397810156,1.0,0,0,0,,,0.41132725496574696
20260123_221112,2026-01-23T22:25:41.364543,15cedc7a9730972b927f01fdf3bc98946ca1b50a,euler,32x32,17499,0.000261609791778028,0.06632118567220459,1.0,0,0,0,,,0.4120102681573311
20260123_221112,2026-01-23T22:25:42.582813,15cedc7a9730972b927f01fdf3bc98946ca1b50a,euler,32x32,17599,3.247276981710456e-05,0.07528461416997743,1.0,0,0,0,,,0.40946405283546494
20260123_221112,2026-01-23T22:25:43.606446,15cedc7a9730972b927f01fdf3bc98946ca1b50a,euler,32x32,17699,0.0001429938420187682,0.07094693287355767,1.0,0,0,0,,,0.41073581055729347
20260123_221112,2026-01-23T22:25:44.543217,15cedc7a9730972b927f01fdf3bc98946ca1b50a,euler,32x32,17799,0.0001310257357545197,0.07213745690485666,1.0,0,0,0,,,0.4103309932395114
20260123_221112,2026-01-23T22:25:45.643216,15cedc7a9730972b927f01fdf3bc98946ca1b50a,euler,32x32,17899,0.0005110086058266461,0.06565437176614068,1.0,0,0,0,,,0.41219850381465983
20260123_221112,2026-01-23T22:25:46.888567,15cedc7a9730972b927f01fdf3bc98946ca1b50a,euler,32x32,17999,1.028086626320146e-05,0.06882773758716212,1.0,0,0,0,,,0.41136550198264316
20260123_221112,2026-01-23T22:25:48.084198,15cedc7a9730972b927f01fdf3bc98946ca1b50a,euler,32x32,18099,0.0002830536395777017,0.06536755496159458,1.0,0,0,0,,,0.41214607285878835
20260123_221112,2026-01-23T22:25:49.261992,15cedc7a9730972b927f01fdf3bc98946ca1b50a,euler,32x32,18199,0.0002922107232734561,0.06950032265966001,1.0,0,0,0,,,0.41126737144330283
20260123_221112,2026-01-23T22:25:50.207720,15cedc7a9730972b927f01fdf3bc98946ca1b50a,euler,32x32,18299,1.6573867469560355e-05,0.06387404628636432,1.0,0,0,0,,,0.4120745265522141
20260123_221112,2026-01-23T22:25:51.170815,15cedc7a9730972b927f01fdf3bc98946ca1b50a,euler,32x32,18399,0.000419337215134874,0.06588058905963408,1.0,0,0,0,,,0.41201640748582935
20260123_221112,2026-01-23T22:25:52.191507,15cedc7a9730972b927f01fdf3bc98946ca1b50a,euler,32x32,18499,0.0004610861651599407,0.06773488695787819,1.0,0,0,0,,,0.4115145388670002
20260123_221112,2026-01-23T22:25:53.363496,15cedc7a9730972b927f01fdf3bc98946ca1b50a,euler,32x32,18599,0.00025992447626776993,0.06865132134760643,1.0,0,0,0,,,0.41129417782240074
20260123_221112,2026-01-23T22:25:54.538239,15cedc7a9730972b927f01fdf3bc98946ca1b50a,euler,32x32,18699,-0.00010001524788094684,0.06440006485569029,1.0,0,0,0,,,0.41231960606376095
20260123_221112,2026-01-23T22:25:55.703256,15cedc7a9730972b927f01fdf3bc98946ca1b50a,euler,32x32,18799,0.00017446231504436582,0.07003298438557977,1.0,0,0,0,,,0.4109514843278763
20260123_221112,2026-01-23T22:25:56.881038,15cedc7a9730972b927f01fdf3bc98946ca1b50a,euler,32x32,18899,0.0002946775930467993,0.06554232793409027,1.0,0,0,0,,,0.41209526690258297
20260123_221112,2026-01-23T22:25:57.912154,15cedc7a9730972b927f01fdf3bc98946ca1b50a,euler,32x32,18999,9.585735097061843e-05,0.06600995864519063,1.0,0,0,0,,,0.41213199749370555
20260123_221112,2026-01-23T22:25:58.851610,15cedc7a9730972b927f01fdf3bc98946ca1b50a,euler,32x32,19099,0.00018797678058035672,0.07104369391898217,1.0,0,0,0,,,0.41072406835578157
20260123_221112,2026-01-23T22:25:59.929170,15cedc7a9730972b927f01fdf3bc98946ca1b50a,euler,32x32,19199,-0.0001930514699779451,0.06855128299255739,1.0,0,0,0,,,0.4114751996689574
20260123_221112,2026-01-23T22:26:01.181015,15cedc7a9730972b927f01fdf3bc98946ca1b50a,euler,32x32,19299,0.00045052601490169764,0.06649648905797222,1.0,0,0,0,,,0.411761268652786
20260123_221112,2026-01-23T22:26:02.263811,15cedc7a9730972b927f01fdf3bc98946ca1b50a,euler,32x32,19399,0.0002612543466966599,0.06612018845677085,1.0,0,0,0,,,0.4120390776797207
20260123_221112,2026-01-23T22:26:03.296659,15cedc7a9730972b927f01fdf3bc98946ca1b50a,euler,32x32,19499,0.00015244114911183715,0.06338501391364844,1.0,0,0,0,,,0.4126200321427941
20260123_221112,2026-01-23T22:26:04.247269,15cedc7a9730972b927f01fdf3bc98946ca1b50a,euler,32x32,19599,0.00026686908677220345,0.06820911983973929,1.0,0,0,0,,,0.4115666031064119
20260123_221112,2026-01-23T22:26:05.438984,15cedc7a9730972b927f01fdf3bc98946ca1b50a,euler,32x32,19699,0.0001569953456055373,0.06862966731401685,1.0,0,0,0,,,0.4112431300895204
20260123_221112,2026-01-23T22:26:06.585891,15cedc7a9730972b927f01fdf3bc98946ca1b50a,euler,32x32,19799,0.00014635050320066512,0.07239728158128855,1.0,0,0,0,,,0.41037926929229884
20260123_221112,2026-01-23T22:26:07.691292,15cedc7a9730972b927f01fdf3bc98946ca1b50a,euler,32x32,19899,0.0004887950490228832,0.06772630016952462,1.0,0,0,0,,,0.4116318702663419
20260123_221112,2026-01-23T22:26:08.801277,15cedc7a9730972b927f01fdf3bc98946ca1b50a,euler,32x32,19999,0.0003413988742977381,0.06906354403025033,1.0,0,0,0,,,0.41139944813150553
20260123_221112,2026-01-23T22:26:09.760141,15cedc7a9730972b927f01fdf3bc98946ca1b50a,euler,32x32,20099,0.00024409832258243114,0.06732869353963906,1.0,0,0,0,,,0.4116331212576869
20260123_221112,2026-01-23T22:26:10.799544,15cedc7a9730972b927f01fdf3bc98946ca1b50a,euler,32x32,20199,8.224235352827236e-05,0.06894482242827507,1.0,0,0,0,,,0.4114099988157715
20260123_221112,2026-01-23T22:26:11.817375,15cedc7a9730972b927f01fdf3bc98946ca1b50a,euler,32x32,20299,9.284765110351145e-05,0.06553611496001395,1.0,0,0,0,,,0.4124912611394598
20260123_221112,2026-01-23T22:26:12.764146,15cedc7a9730972b927f01fdf3bc98946ca1b50a,euler,32x32,20399,0.0002092014765366912,0.07268582919292385,1.0,0,0,0,,,0.4098737893047054
20260123_221112,2026-01-23T22:26:13.862263,15cedc7a9730972b927f01fdf3bc98946ca1b50a,euler,32x32,20499,0.00010792030661832541,0.06571392636855307,1.0,0,0,0,,,0.4123023723049078
20260123_221112,2026-01-23T22:26:15.006638,15cedc7a9730972b927f01fdf3bc98946ca1b50a,euler,32x32,20599,-9.299242810811847e-05,0.06840253626840422,1.0,0,0,0,,,0.4117227413862985
20260123_221112,2026-01-23T22:26:16.167239,15cedc7a9730972b927f01fdf3bc98946ca1b50a,euler,32x32,20699,9.715847409097478e-05,0.06611428329233604,1.0,0,0,0,,,0.4123388736944652
20260123_221112,2026-01-23T22:26:17.414319,15cedc7a9730972b927f01fdf3bc98946ca1b50a,euler,32x32,20799,0.00012769698514603078,0.06327122719925683,1.0,0,0,0,,,0.41237943191984233
20260123_221112,2026-01-23T22:26:18.435481,15cedc7a9730972b927f01fdf3bc98946ca1b50a,euler,32x32,20899,4.273139711585827e-05,0.06742863468116411,1.0,0,0,0,,,0.41198645759138686
20260123_221112,2026-01-23T22:26:19.462475,15cedc7a9730972b927f01fdf3bc98946ca1b50a,euler,32x32,20999,0.00015342177357524633,0.06399747148570896,1.0,0,0,0,,,0.4125965125712674
20260123_221112,2026-01-23T22:26:20.628532,15cedc7a9730972b927f01fdf3bc98946ca1b50a,euler,32x32,21099,0.00022635496861767024,0.07089529765682528,1.0,0,0,0,,,0.41098427304007124
20260123_221112,2026-01-23T22:26:21.802645,15cedc7a9730972b927f01fdf3bc98946ca1b50a,euler,32x32,21199,-1.0759657016023993e-05,0.0651412575833092,1.0,0,0,0,,,0.4123266891076167
20260123_221112,2026-01-23T22:26:23.038519,15cedc7a9730972b927f01fdf3bc98946ca1b50a,euler,32x32,21299,0.0001526628329884261,0.06400693678486277,1.0,0,0,0,,,0.4126616676495341
20260123_221112,2026-01-23T22:26:24.234900,15cedc7a9730972b927f01fdf3bc98946ca1b50a,euler,32x32,21399,0.00012860157585237175,0.06389556091602572,1.0,0,0,0,,,0.412675174219714
20260123_221112,2026-01-23T22:26:25.275630,15cedc7a9730972b927f01fdf3bc98946ca1b50a,euler,32x32,21499,6.600571941817179e-05,0.06701556963475014,1.0,0,0,0,,,0.41200936990175263
20260123_221112,2026-01-23T22:26:26.223269,15cedc7a9730972b927f01fdf3bc98946ca1b50a,euler,32x32,21599,0.0003156849998049438,0.06705889115532045,1.0,0,0,0,,,0.4120868578016331
20260123_221112,2026-01-23T22:26:27.174611,15cedc7a9730972b927f01fdf3bc98946ca1b50a,euler,32x32,21699,0.00022772845113649964,0.06297707260324387,1.0,0,0,0,,,0.4126059999139472
20260123_221112,2026-01-23T22:26:28.269821,15cedc7a9730972b927f01fdf3bc98946ca1b50a,euler,32x32,21799,0.00032458268105983734,0.0747188365306647,1.0,0,0,0,,,0.40980984298734713
20260123_221112,2026-01-23T22:26:29.325702,15cedc7a9730972b927f01fdf3bc98946ca1b50a,euler,32x32,21899,-0.00013511654105968773,0.06618606425108738,1.0,0,0,0,,,0.41214558613469005
20260123_221112,2026-01-23T22:26:30.656033,15cedc7a9730972b927f01fdf3bc98946ca1b50a,euler,32x32,21999,0.00013631345063913614,0.06538734591682442,1.0,0,0,0,,,0.4125272222010583
20260123_221112,2026-01-23T22:26:31.859142,15cedc7a9730972b927f01fdf3bc98946ca1b50a,euler,32x32,22099,0.00017287310038227588,0.06677374139901077,1.0,0,0,0,,,0.4122474104282313
20260123_221112,2026-01-23T22:26:33.116940,15cedc7a9730972b927f01fdf3bc98946ca1b50a,euler,32x32,22199,0.00037726564914919436,0.0667286692251946,1.0,0,0,0,,,0.4122682465520629
20260123_221112,2026-01-23T22:26:34.361066,15cedc7a9730972b927f01fdf3bc98946ca1b50a,euler,32x32,22299,0.00012805277947336435,0.06477147542020248,1.0,0,0,0,,,0.4123440314772444
20260123_221112,2026-01-23T22:26:35.552543,15cedc7a9730972b927f01fdf3bc98946ca1b50a,euler,32x32,22399,0.00012147091183578596,0.067990367366001,1.0,0,0,0,,,0.4117785428796421
20260123_221112,2026-01-23T22:26:36.576102,15cedc7a9730972b927f01fdf3bc98946ca1b50a,euler,32x32,22499,0.00014127336908131838,0.06663702423029463,1.0,0,0,0,,,0.4121195793679535
20260123_221112,2026-01-23T22:26:37.609715,15cedc7a9730972b927f01fdf3bc98946ca1b50a,euler,32x32,22599,0.00027850488550029695,0.06459201374244003,1.0,0,0,0,,,0.41267289435427457
20260123_221112,2026-01-23T22:26:38.804052,15cedc7a9730972b927f01fdf3bc98946ca1b50a,euler,32x32,22699,0.00014223663310986012,0.06844078343201546,1.0,0,0,0,,,0.4118270471148726
20260123_221112,2026-01-23T22:26:39.915773,15cedc7a9730972b927f01fdf3bc98946ca1b50a,euler,32x32,22799,-0.00025848764926195145,0.06385038118671219,1.0,0,0,0,,,0.4127780462825098
20260123_221112,2026-01-23T22:26:41.116840,15cedc7a9730972b927f01fdf3bc98946ca1b50a,euler,32x32,22899,0.0001433057914255187,0.06622907819692045,1.0,0,0,0,,,0.41245451400924193
20260123_221112,2026-01-23T22:26:42.204759,15cedc7a9730972b927f01fdf3bc98946ca1b50a,euler,32x32,22999,0.0003581928031053394,0.07150480437012448,1.0,0,0,0,,,0.4109971419896373
20260123_221112,2026-01-23T22:26:43.240370,15cedc7a9730972b927f01fdf3bc98946ca1b50a,euler,32x32,23099,0.00025966059183701873,0.06284186940923973,1.0,0,0,0,,,0.4126480309768078
20260123_221112,2026-01-23T22:26:44.196326,15cedc7a9730972b927f01fdf3bc98946ca1b50a,euler,32x32,23199,-8.111067290883511e-05,0.06328892224424636,1.0,0,0,0,,,0.41283475600374625
20260123_221112,2026-01-23T22:26:45.243358,15cedc7a9730972b927f01fdf3bc98946ca1b50a,euler,32x32,23299,0.0003399148117750883,0.0679615271473449,1.0,0,0,0,,,0.4119436974078817
20260123_221112,2026-01-23T22:26:46.313249,15cedc7a9730972b927f01fdf3bc98946ca1b50a,euler,32x32,23399,0.0002803900861181319,0.0701786929222726,1.0,0,0,0,,,0.4113906904738742
20260123_221112,2026-01-23T22:26:47.354765,15cedc7a9730972b927f01fdf3bc98946ca1b50a,euler,32x32,23499,0.00019954980234615505,0.06385339013446355,1.0,0,0,0,,,0.4125866501661495
20260123_221112,2026-01-23T22:26:48.551871,15cedc7a9730972b927f01fdf3bc98946ca1b50a,euler,32x32,23599,0.00016336169210262597,0.06385197436255112,1.0,0,0,0,,,0.4129079798394839
20260123_221112,2026-01-23T22:26:49.802206,15cedc7a9730972b927f01fdf3bc98946ca1b50a,euler,32x32,23699,0.00029843521770089865,0.06784019548489596,1.0,0,0,0,,,0.4121600766440882
20260123_221112,2026-01-23T22:26:50.899488,15cedc7a9730972b927f01fdf3bc98946ca1b50a,euler,32x32,23799,0.00019569002324715257,0.06568467715078441,1.0,0,0,0,,,0.4127911560871004
20260123_221112,2026-01-23T22:26:52.064912,15cedc7a9730972b927f01fdf3bc98946ca1b50a,euler,32x32,23899,0.00047994893975555897,0.06527144954205141,1.0,0,0,0,,,0.4128158844602793
20260123_221112,2026-01-23T22:26:52.990055,15cedc7a9730972b927f01fdf3bc98946ca1b50a,euler,32x32,23999,0.0004739642608910799,0.05920863201667089,1.0,0,0,0,,,0.41376710186305005
20260123_221112,2026-01-23T22:26:54.174393,15cedc7a9730972b927f01fdf3bc98946ca1b50a,euler,32x32,24099,0.00017024093540385365,0.06602483713380934,1.0,0,0,0,,,0.4125687211504108
20260123_221112,2026-01-23T22:26:55.364609,15cedc7a9730972b927f01fdf3bc98946ca1b50a,euler,32x32,24199,0.0001748751528793946,0.06742040886332688,1.0,0,0,0,,,0.41224982175456887
20260123_221112,2026-01-23T22:26:56.490793,15cedc7a9730972b927f01fdf3bc98946ca1b50a,euler,32x32,24299,0.00025172843015752733,0.062415043400505965,1.0,0,0,0,,,0.4133948930583663
20260123_221112,2026-01-23T22:26:57.524140,15cedc7a9730972b927f01fdf3bc98946ca1b50a,euler,32x32,24399,0.0007301410660147667,0.06239447424526588,1.0,0,0,0,,,0.41331573861672505
20260123_221112,2026-01-23T22:26:58.578055,15cedc7a9730972b927f01fdf3bc98946ca1b50a,euler,32x32,24499,0.0003525905485730618,0.0681232754312805,1.0,0,0,0,,,0.41185206265548835
20260123_221112,2026-01-23T22:26:59.609482,15cedc7a9730972b927f01fdf3bc98946ca1b50a,euler,32x32,24599,0.00014774638111703098,0.06435220222752833,1.0,0,0,0,,,0.4124388741662919
20260123_221112,2026-01-23T22:27:00.743450,15cedc7a9730972b927f01fdf3bc98946ca1b50a,euler,32x32,24699,0.00014138550614006817,0.0646586174847107,1.0,0,0,0,,,0.41260103456400044
20260123_221112,2026-01-23T22:27:01.754258,15cedc7a9730972b927f01fdf3bc98946ca1b50a,euler,32x32,24799,4.31066655437462e-05,0.06563862110451738,1.0,0,0,0,,,0.41254751483163205
20260123_221112,2026-01-23T22:27:02.773791,15cedc7a9730972b927f01fdf3bc98946ca1b50a,euler,32x32,24899,0.00024350517196580768,0.06616299745830474,1.0,0,0,0,,,0.4123283452058792
20260123_221112,2026-01-23T22:27:03.703927,15cedc7a9730972b927f01fdf3bc98946ca1b50a,euler,32x32,24999,0.0003211332659702748,0.06711894325868344,1.0,0,0,0,,,0.4120845685123232
20260123_221112,2026-01-23T22:27:04.735908,15cedc7a9730972b927f01fdf3bc98946ca1b50a,euler,32x32,25099,0.0002613273973111063,0.06523407053624396,1.0,0,0,0,,,0.4126101459349919
20260123_221112,2026-01-23T22:27:06.000267,15cedc7a9730972b927f01fdf3bc98946ca1b50a,euler,32x32,25199,0.00017837926861830056,0.06141071249778179,1.0,0,0,0,,,0.41328147241305785
20260123_221112,2026-01-23T22:27:07.054074,15cedc7a9730972b927f01fdf3bc98946ca1b50a,euler,32x32,25299,5.2034767577424645e-05,0.07181311507672944,1.0,0,0,0,,,0.4107902746983596
20260123_221112,2026-01-23T22:27:08.127357,15cedc7a9730972b927f01fdf3bc98946ca1b50a,euler,32x32,25399,0.00017813866725191474,0.06800305179840507,1.0,0,0,0,,,0.4116242006799692
20260123_221112,2026-01-23T22:27:09.275809,15cedc7a9730972b927f01fdf3bc98946ca1b50a,euler,32x32,25499,5.5752134358044714e-05,0.06804995099453663,1.0,0,0,0,,,0.41204279370686514
20260123_221112,2026-01-23T22:27:10.499519,15cedc7a9730972b927f01fdf3bc98946ca1b50a,euler,32x32,25599,0.00024270423455163836,0.06159945270817843,1.0,0,0,0,,,0.41312216289612996
20260123_221112,2026-01-23T22:27:11.437495,15cedc7a9730972b927f01fdf3bc98946ca1b50a,euler,32x32,25699,0.0001413620193488896,0.06503934278000088,1.0,0,0,0,,,0.4126884800021374
20260123_221112,2026-01-23T22:27:12.585941,15cedc7a9730972b927f01fdf3bc98946ca1b50a,euler,32x32,25799,0.00031126016983762383,0.06286349671641801,1.0,0,0,0,,,0.41311456955752557
20260123_221112,2026-01-23T22:27:13.732457,15cedc7a9730972b927f01fdf3bc98946ca1b50a,euler,32x32,25899,1.4869190636090934e-05,0.06738348117269197,1.0,0,0,0,,,0.41215504524148006
20260123_221112,2026-01-23T22:27:14.899872,15cedc7a9730972b927f01fdf3bc98946ca1b50a,euler,32x32,25999,3.765359360841103e-05,0.06378032878383237,1.0,0,0,0,,,0.41298178956935394
20260123_221112,2026-01-23T22:27:15.879812,15cedc7a9730972b927f01fdf3bc98946ca1b50a,euler,32x32,26099,0.0001344408083241433,0.06364771962398663,1.0,0,0,0,,,0.41309910333530064
20260123_221112,2026-01-23T22:27:16.909579,15cedc7a9730972b927f01fdf3bc98946ca1b50a,euler,32x32,26199,-0.00016282647266052663,0.06371761733513268,1.0,0,0,0,,,0.41306807275349366
20260123_221112,2026-01-23T22:27:17.852370,15cedc7a9730972b927f01fdf3bc98946ca1b50a,euler,32x32,26299,-5.2722461987286806e-05,0.06630410100169684,1.0,0,0,0,,,0.412516277664076
20260123_221112,2026-01-23T22:27:19.144407,15cedc7a9730972b927f01fdf3bc98946ca1b50a,euler,32x32,26399,0.0004285330360289663,0.06276920912841888,1.0,0,0,0,,,0.41292915440211014
20260123_221112,2026-01-23T22:27:20.358140,15cedc7a9730972b927f01fdf3bc98946ca1b50a,euler,32x32,26499,0.00029087672010064125,0.06550624537801923,1.0,0,0,0,,,0.4126014453706534
20260123_221112,2026-01-23T22:27:21.306880,15cedc7a9730972b927f01fdf3bc98946ca1b50a,euler,32x32,26599,0.0002207406796514988,0.06562696536882867,1.0,0,0,0,,,0.412418958082753
20260123_221112,2026-01-23T22:27:22.475930,15cedc7a9730972b927f01fdf3bc98946ca1b50a,euler,32x32,26699,8.266587974503636e-05,0.06355984097328474,1.0,0,0,0,,,0.4128264253485603
20260123_221112,2026-01-23T22:27:23.431128,15cedc7a9730972b927f01fdf3bc98946ca1b50a,euler,32x32,26799,0.00020186605979688466,0.06987217133766535,1.0,0,0,0,,,0.4114308793904975
20260123_221112,2026-01-23T22:27:24.379381,15cedc7a9730972b927f01fdf3bc98946ca1b50a,euler,32x32,26899,-0.0001504807878518477,0.0675264100255299,1.0,0,0,0,,,0.41197663498583026
20260123_221112,2026-01-23T22:27:25.342829,15cedc7a9730972b927f01fdf3bc98946ca1b50a,euler,32x32,26999,0.0003178995684720576,0.0657424177681969,1.0,0,0,0,,,0.41248635378427567
20260123_221112,2026-01-23T22:27:26.294507,15cedc7a9730972b927f01fdf3bc98946ca1b50a,euler,32x32,27099,0.00012395525118336082,0.06587876832283655,1.0,0,0,0,,,0.4124411831240494
20260123_221112,2026-01-23T22:27:27.419936,15cedc7a9730972b927f01fdf3bc98946ca1b50a,euler,32x32,27199,8.949494804255664e-05,0.06443769752619119,1.0,0,0,0,,,0.41277093878153337
20260123_221112,2026-01-23T22:27:28.563784,15cedc7a9730972b927f01fdf3bc98946ca1b50a,euler,32x32,27299,5.662879266310483e-05,0.061635450808935274,1.0,0,0,0,,,0.41304923348782835
20260123_221112,2026-01-23T22:27:29.702152,15cedc7a9730972b927f01fdf3bc98946ca1b50a,euler,32x32,27399,-0.00020535386283881962,0.06984419201729906,1.0,0,0,0,,,0.41155744527493965
20260123_221112,2026-01-23T22:27:30.865170,15cedc7a9730972b927f01fdf3bc98946ca1b50a,euler,32x32,27499,0.0003164022054988891,0.06585548890867358,1.0,0,0,0,,,0.4127545992083693
20260123_221112,2026-01-23T22:27:31.988464,15cedc7a9730972b927f01fdf3bc98946ca1b50a,euler,32x32,27599,4.299511783756316e-05,0.06528721585331368,1.0,0,0,0,,,0.4127861931432588
20260123_221112,2026-01-23T22:27:32.944478,15cedc7a9730972b927f01fdf3bc98946ca1b50a,euler,32x32,27699,0.00020641103037633002,0.057575885326259596,1.0,0,0,0,,,0.4136867966662983
20260123_221112,2026-01-23T22:27:33.878038,15cedc7a9730972b927f01fdf3bc98946ca1b50a,euler,32x32,27799,0.00024484365712851286,0.06448317600490555,1.0,0,0,0,,,0.4130954462669589
20260123_221112,2026-01-23T22:27:34.831939,15cedc7a9730972b927f01fdf3bc98946ca1b50a,euler,32x32,27899,-0.0002226792712463066,0.062331959796138106,1.0,0,0,0,,,0.4132969238360223
20260123_221112,2026-01-23T22:27:35.732015,15cedc7a9730972b927f01fdf3bc98946ca1b50a,euler,32x32,27999,-0.00013484244118444622,0.06228901842183404,1.0,0,0,0,,,0.41350026976639054
20260123_221112,2026-01-23T22:27:36.720784,15cedc7a9730972b927f01fdf3bc98946ca1b50a,euler,32x32,28099,0.000765842036344111,0.06600808747982229,1.0,0,0,0,,,0.4128057699677951
20260123_221112,2026-01-23T22:27:37.630235,15cedc7a9730972b927f01fdf3bc98946ca1b50a,euler,32x32,28199,-4.165267455391586e-06,0.06942601433776872,1.0,0,0,0,,,0.41194451340782334
20260123_221112,2026-01-23T22:27:38.552617,15cedc7a9730972b927f01fdf3bc98946ca1b50a,euler,32x32,28299,0.0002971035137306899,0.062049592746006965,1.0,0,0,0,,,0.4135611333402577
20260123_221112,2026-01-23T22:27:39.600948,15cedc7a9730972b927f01fdf3bc98946ca1b50a,euler,32x32,28399,-1.6392703400924802e-05,0.06761856895325763,1.0,0,0,0,,,0.41224351527497005
20260123_221112,2026-01-23T22:27:40.697791,15cedc7a9730972b927f01fdf3bc98946ca1b50a,euler,32x32,28499,8.333644655067474e-05,0.06937335052218259,1.0,0,0,0,,,0.4117252691271813
20260123_221112,2026-01-23T22:27:41.771039,15cedc7a9730972b927f01fdf3bc98946ca1b50a,euler,32x32,28599,2.31787416851148e-05,0.06321317183021165,1.0,0,0,0,,,0.41341004078794635
20260123_221112,2026-01-23T22:27:42.670505,15cedc7a9730972b927f01fdf3bc98946ca1b50a,euler,32x32,28699,-2.187932113884017e-05,0.06610840736579121,1.0,0,0,0,,,0.4129887817744623
20260123_221112,2026-01-23T22:27:43.631347,15cedc7a9730972b927f01fdf3bc98946ca1b50a,euler,32x32,28799,-6.745806604158133e-05,0.060139487333253784,1.0,0,0,0,,,0.4138478930235161
20260123_221112,2026-01-23T22:27:44.573310,15cedc7a9730972b927f01fdf3bc98946ca1b50a,euler,32x32,28899,0.0002646725333761424,0.06012425242042809,1.0,0,0,0,,,0.41424002753803
20260123_221112,2026-01-23T22:27:45.720224,15cedc7a9730972b927f01fdf3bc98946ca1b50a,euler,32x32,28999,0.00022092512517701834,0.06642844368750957,1.0,0,0,0,,,0.4129081778807806
20260123_221112,2026-01-23T22:27:46.662579,15cedc7a9730972b927f01fdf3bc98946ca1b50a,euler,32x32,29099,0.00014455242489930242,0.0598905502719208,1.0,0,0,0,,,0.4142263783464258
20260123_221112,2026-01-23T22:27:47.809035,15cedc7a9730972b927f01fdf3bc98946ca1b50a,euler,32x32,29199,0.0005159565480425954,0.06576146168008563,1.0,0,0,0,,,0.4131847619338618
20260123_221112,2026-01-23T22:27:48.959934,15cedc7a9730972b927f01fdf3bc98946ca1b50a,euler,32x32,29299,0.00012818242248613387,0.06293675270524546,1.0,0,0,0,,,0.4138797698043688
20260123_221112,2026-01-23T22:27:50.094418,15cedc7a9730972b927f01fdf3bc98946ca1b50a,euler,32x32,29399,-0.00010115050827153027,0.06227020177109807,1.0,0,0,0,,,0.41387832837056204
20260123_221112,2026-01-23T22:27:51.083068,15cedc7a9730972b927f01fdf3bc98946ca1b50a,euler,32x32,29499,0.0003038875584024936,0.062045364853474894,1.0,0,0,0,,,0.4138828131279699
20260123_221112,2026-01-23T22:27:52.242849,15cedc7a9730972b927f01fdf3bc98946ca1b50a,euler,32x32,29599,0.00010679499246180058,0.0630241922024652,1.0,0,0,0,,,0.4136845570159642
20260123_221112,2026-01-23T22:27:53.388551,15cedc7a9730972b927f01fdf3bc98946ca1b50a,euler,32x32,29699,9.222076914738864e-05,0.062025766728293096,1.0,0,0,0,,,0.4139132533613692
20260123_221112,2026-01-23T22:27:54.578349,15cedc7a9730972b927f01fdf3bc98946ca1b50a,euler,32x32,29799,0.0001432884018868208,0.06482197465760692,1.0,0,0,0,,,0.4125997236575315
20260123_221112,2026-01-23T22:27:55.755480,15cedc7a9730972b927f01fdf3bc98946ca1b50a,euler,32x32,29899,0.00018023853772319853,0.06307544004353986,1.0,0,0,0,,,0.4137239526272541
20260123_221112,2026-01-23T22:27:56.908430,15cedc7a9730972b927f01fdf3bc98946ca1b50a,euler,32x32,29999,0.0002075217926176265,0.06146784361146274,1.0,0,0,0,,,0.4142549805363635
20260123_221112,2026-01-23T22:27:58.040200,15cedc7a9730972b927f01fdf3bc98946ca1b50a,euler,32x32,30099,0.00043044687481597066,0.05927244943792175,1.0,0,0,0,,,0.41458824571865416
20260123_221112,2026-01-23T22:27:59.011856,15cedc7a9730972b927f01fdf3bc98946ca1b50a,euler,32x32,30199,0.0003381987626198679,0.0652028368214087,1.0,0,0,0,,,0.4133220057360175
20260123_221112,2026-01-23T22:27:59.907197,15cedc7a9730972b927f01fdf3bc98946ca1b50a,euler,32x32,30299,5.69473959330935e-05,0.0661911779743241,1.0,0,0,0,,,0.412965242819802
20260123_221112,2026-01-23T22:28:00.996606,15cedc7a9730972b927f01fdf3bc98946ca1b50a,euler,32x32,30399,0.0005376136396080256,0.0646200956325265,1.0,0,0,0,,,0.41358298585061604
20260123_221112,2026-01-23T22:28:02.093232,15cedc7a9730972b927f01fdf3bc98946ca1b50a,euler,32x32,30499,0.00011264281056355685,0.05907980018033413,1.0,0,0,0,,,0.41465965536273675
20260123_221112,2026-01-23T22:28:03.084046,15cedc7a9730972b927f01fdf3bc98946ca1b50a,euler,32x32,30599,-0.0001200763217639178,0.06524189989355364,1.0,0,0,0,,,0.41350922271899976
20260123_221112,2026-01-23T22:28:04.088542,15cedc7a9730972b927f01fdf3bc98946ca1b50a,euler,32x32,30699,0.00025576920597814023,0.058757813302509024,1.0,0,0,0,,,0.4146789516595051
20260123_221112,2026-01-23T22:28:05.071598,15cedc7a9730972b927f01fdf3bc98946ca1b50a,euler,32x32,30799,-8.72541349963285e-05,0.0625111441347326,1.0,0,0,0,,,0.4139691223489923
20260123_221112,2026-01-23T22:28:06.225815,15cedc7a9730972b927f01fdf3bc98946ca1b50a,euler,32x32,30899,0.0003849599161185324,0.05726015958429343,1.0,0,0,0,,,0.4142746385643335
20260123_221112,2026-01-23T22:28:07.269201,15cedc7a9730972b927f01fdf3bc98946ca1b50a,euler,32x32,30999,5.251733455224894e-05,0.06442499320706702,1.0,0,0,0,,,0.4137540030380784
20260123_221112,2026-01-23T22:28:08.242332,15cedc7a9730972b927f01fdf3bc98946ca1b50a,euler,32x32,31099,0.00020747333473991603,0.059355489028894225,1.0,0,0,0,,,0.4145805253164384
20260123_221112,2026-01-23T22:28:09.329213,15cedc7a9730972b927f01fdf3bc98946ca1b50a,euler,32x32,31199,-7.441852358169854e-05,0.061676593864503956,1.0,0,0,0,,,0.4143615812332737
20260123_221112,2026-01-23T22:28:10.402012,15cedc7a9730972b927f01fdf3bc98946ca1b50a,euler,32x32,31299,3.2551375625189394e-05,0.060834470928930386,1.0,0,0,0,,,0.41459824393229444
20260123_221112,2026-01-23T22:28:11.567018,15cedc7a9730972b927f01fdf3bc98946ca1b50a,euler,32x32,31399,0.00014769512927159667,0.06203151704514312,1.0,0,0,0,,,0.41428475126229786
20260123_221112,2026-01-23T22:28:12.719538,15cedc7a9730972b927f01fdf3bc98946ca1b50a,euler,32x32,31499,3.0715127650182694e-06,0.061625089384288005,1.0,0,0,0,,,0.4144837509062334
20260123_221112,2026-01-23T22:28:13.722976,15cedc7a9730972b927f01fdf3bc98946ca1b50a,euler,32x32,31599,-3.9164449844975024e-05,0.05930567359497218,1.0,0,0,0,,,0.414969023802537
20260123_221112,2026-01-23T22:28:14.661520,15cedc7a9730972b927f01fdf3bc98946ca1b50a,euler,32x32,31699,-0.00034333058283664286,0.06362206073954439,1.0,0,0,0,,,0.4140249072190033
20260123_221112,2026-01-23T22:28:15.789612,15cedc7a9730972b927f01fdf3bc98946ca1b50a,euler,32x32,31799,-2.152851266146172e-05,0.06425668404706812,1.0,0,0,0,,,0.41376703511710317
20260123_221112,2026-01-23T22:28:16.719157,15cedc7a9730972b927f01fdf3bc98946ca1b50a,euler,32x32,31899,6.916548954905011e-06,0.060125622337218375,1.0,0,0,0,,,0.41488862440122853
20260123_221112,2026-01-23T22:28:17.644674,15cedc7a9730972b927f01fdf3bc98946ca1b50a,euler,32x32,31999,-5.5016877013258636e-05,0.05662029334183899,1.0,0,0,0,,,0.4152185629414855
20260123_221112,2026-01-23T22:28:18.809694,15cedc7a9730972b927f01fdf3bc98946ca1b50a,euler,32x32,32099,0.00010456709424033761,0.0603475941898796,1.0,0,0,0,,,0.414761889196933
20260123_221112,2026-01-23T22:28:19.977008,15cedc7a9730972b927f01fdf3bc98946ca1b50a,euler,32x32,32199,-2.5940980776795186e-05,0.058823519413854226,1.0,0,0,0,,,0.4150711803481162
20260123_221112,2026-01-23T22:28:21.123822,15cedc7a9730972b927f01fdf3bc98946ca1b50a,euler,32x32,32299,0.0002699778415262699,0.06404665356636542,1.0,0,0,0,,,0.4140456740202455
20260123_221112,2026-01-23T22:28:22.164685,15cedc7a9730972b927f01fdf3bc98946ca1b50a,euler,32x32,32399,-2.1333888071239926e-05,0.06397599842075578,1.0,0,0,0,,,0.4140651082149096
20260123_221112,2026-01-23T22:28:23.276892,15cedc7a9730972b927f01fdf3bc98946ca1b50a,euler,32x32,32499,0.00033580686431378126,0.05788023797507776,1.0,0,0,0,,,0.4152440003067137
20260123_221112,2026-01-23T22:28:24.273644,15cedc7a9730972b927f01fdf3bc98946ca1b50a,euler,32x32,32599,-3.241711237933487e-05,0.05924190439061931,1.0,0,0,0,,,0.4150298315343899
20260123_221112,2026-01-23T22:28:25.282812,15cedc7a9730972b927f01fdf3bc98946ca1b50a,euler,32x32,32699,-9.164731454802677e-05,0.05919808480870415,1.0,0,0,0,,,0.41511515663147003
20260123_221112,2026-01-23T22:28:26.451204,15cedc7a9730972b927f01fdf3bc98946ca1b50a,euler,32x32,32799,0.0001823276252252981,0.05891864109104063,1.0,0,0,0,,,0.41519744761797306
20260123_221112,2026-01-23T22:28:27.419967,15cedc7a9730972b927f01fdf3bc98946ca1b50a,euler,32x32,32899,0.00014393695164471865,0.0570459155322169,1.0,0,0,0,,,0.4156075442149927
20260123_221112,2026-01-23T22:28:28.355654,15cedc7a9730972b927f01fdf3bc98946ca1b50a,euler,32x32,32999,0.00038998338277451694,0.057445616694494675,1.0,0,0,0,,,0.4155614198673022
20260123_221112,2026-01-23T22:28:29.526277,15cedc7a9730972b927f01fdf3bc98946ca1b50a,euler,32x32,33099,-0.00010646755981724709,0.06251142628530942,1.0,0,0,0,,,0.41435016671942787
20260123_221112,2026-01-23T22:28:30.661359,15cedc7a9730972b927f01fdf3bc98946ca1b50a,euler,32x32,33199,0.0001269957865588367,0.05811654083852773,1.0,0,0,0,,,0.41544749182492835
20260123_221112,2026-01-23T22:28:31.744555,15cedc7a9730972b927f01fdf3bc98946ca1b50a,euler,32x32,33299,5.0623049901332706e-05,0.05885307970816939,1.0,0,0,0,,,0.41537685375328925
20260123_221112,2026-01-23T22:28:32.848455,15cedc7a9730972b927f01fdf3bc98946ca1b50a,euler,32x32,33399,-3.155934791720938e-06,0.058121144407632525,1.0,0,0,0,,,0.415425913332495
20260123_221112,2026-01-23T22:28:34.027943,15cedc7a9730972b927f01fdf3bc98946ca1b50a,euler,32x32,33499,0.00039949960773810744,0.0599796839053306,1.0,0,0,0,,,0.41505442046950136
20260123_221112,2026-01-23T22:28:35.094823,15cedc7a9730972b927f01fdf3bc98946ca1b50a,euler,32x32,33599,0.00029206916224211454,0.05988267470365827,1.0,0,0,0,,,0.415150845272014
20260123_221112,2026-01-23T22:28:36.160524,15cedc7a9730972b927f01fdf3bc98946ca1b50a,euler,32x32,33699,0.00015366909792646766,0.05880854500930582,1.0,0,0,0,,,0.4151745032456743
20260123_221112,2026-01-23T22:28:37.365097,15cedc7a9730972b927f01fdf3bc98946ca1b50a,euler,32x32,33799,6.769278115825728e-06,0.06392164591146866,1.0,0,0,0,,,0.41428987970290154
20260123_221112,2026-01-23T22:28:38.411687,15cedc7a9730972b927f01fdf3bc98946ca1b50a,euler,32x32,33899,0.00024176857550628483,0.05846641796422773,1.0,0,0,0,,,0.41541495532147465
20260123_221112,2026-01-23T22:28:39.509788,15cedc7a9730972b927f01fdf3bc98946ca1b50a,euler,32x32,33999,3.085729986196384e-05,0.059118753441762234,1.0,0,0,0,,,0.41523753087955945
20260123_221112,2026-01-23T22:28:40.489149,15cedc7a9730972b927f01fdf3bc98946ca1b50a,euler,32x32,34099,-2.3867785785114393e-05,0.05816031092061166,1.0,0,0,0,,,0.41553005086301326
20260123_221112,2026-01-23T22:28:41.450237,15cedc7a9730972b927f01fdf3bc98946ca1b50a,euler,32x32,34199,0.00023833400337025523,0.06715916953864508,1.0,0,0,0,,,0.4132381221682469
20260123_221112,2026-01-23T22:28:42.430511,15cedc7a9730972b927f01fdf3bc98946ca1b50a,euler,32x32,34299,-3.867700070259161e-05,0.06192788216452755,1.0,0,0,0,,,0.41476546552660887
20260123_221112,2026-01-23T22:28:43.396658,15cedc7a9730972b927f01fdf3bc98946ca1b50a,euler,32x32,34399,-8.884033013600856e-05,0.057873384972663186,1.0,0,0,0,,,0.4154173896846347
20260123_221112,2026-01-23T22:28:44.553777,15cedc7a9730972b927f01fdf3bc98946ca1b50a,euler,32x32,34499,-0.00011521160922711715,0.06313581981761672,1.0,0,0,0,,,0.41451065340990556
20260123_221112,2026-01-23T22:28:45.712561,15cedc7a9730972b927f01fdf3bc98946ca1b50a,euler,32x32,34599,4.322100357967429e-05,0.060462941555779255,1.0,0,0,0,,,0.4152315729377941
20260123_221112,2026-01-23T22:28:46.713640,15cedc7a9730972b927f01fdf3bc98946ca1b50a,euler,32x32,34699,0.00020691101963166147,0.05978510287928657,1.0,0,0,0,,,0.41534400884778055
20260123_221112,2026-01-23T22:28:47.846641,15cedc7a9730972b927f01fdf3bc98946ca1b50a,euler,32x32,34799,0.0002841291716322303,0.0627624739157909,1.0,0,0,0,,,0.41473135689738105
20260123_221112,2026-01-23T22:28:48.814738,15cedc7a9730972b927f01fdf3bc98946ca1b50a,euler,32x32,34899,-6.042237873771228e-05,0.061898777104288455,1.0,0,0,0,,,0.41478322837322873
20260123_221112,2026-01-23T22:28:49.812590,15cedc7a9730972b927f01fdf3bc98946ca1b50a,euler,32x32,34999,0.0001843755744630471,0.06323837578882376,1.0,0,0,0,,,0.414449356245261
20260123_221112,2026-01-23T22:28:50.963265,15cedc7a9730972b927f01fdf3bc98946ca1b50a,euler,32x32,35099,-2.4835881049511954e-05,0.06006502656302473,1.0,0,0,0,,,0.4152913831380928
20260123_221112,2026-01-23T22:28:52.038822,15cedc7a9730972b927f01fdf3bc98946ca1b50a,euler,32x32,35199,-2.4209832190535963e-05,0.05800147811456555,1.0,0,0,0,,,0.41569624921867276
20260123_221112,2026-01-23T22:28:53.116400,15cedc7a9730972b927f01fdf3bc98946ca1b50a,euler,32x32,35299,0.0003412616206333041,0.061763721147362956,1.0,0,0,0,,,0.4150176582658234
20260123_221112,2026-01-23T22:28:54.222676,15cedc7a9730972b927f01fdf3bc98946ca1b50a,euler,32x32,35399,5.696807420463301e-05,0.055612730725442816,1.0,0,0,0,,,0.4159149817824834
20260123_221112,2026-01-23T22:28:55.317756,15cedc7a9730972b927f01fdf3bc98946ca1b50a,euler,32x32,35499,0.0002202445757575333,0.06283412109565688,1.0,0,0,0,,,0.4145030811843171
20260123_221112,2026-01-23T22:28:56.494800,15cedc7a9730972b927f01fdf3bc98946ca1b50a,euler,32x32,35599,6.442541052820161e-05,0.058763244434594526,1.0,0,0,0,,,0.4155879724502477
20260123_221112,2026-01-23T22:28:57.724854,15cedc7a9730972b927f01fdf3bc98946ca1b50a,euler,32x32,35699,0.0002002254914259538,0.061817058377928336,1.0,0,0,0,,,0.41499719062563556
20260123_221112,2026-01-23T22:28:58.654371,15cedc7a9730972b927f01fdf3bc98946ca1b50a,euler,32x32,35799,1.0745389772637282e-05,0.06161849186275504,1.0,0,0,0,,,0.41502423362261576
20260123_221112,2026-01-23T22:28:59.670681,15cedc7a9730972b927f01fdf3bc98946ca1b50a,euler,32x32,35899,0.0003683889517560601,0.057474238978575155,1.0,0,0,0,,,0.4157136060104344
20260123_221112,2026-01-23T22:29:00.677684,15cedc7a9730972b927f01fdf3bc98946ca1b50a,euler,32x32,35999,0.0001404370996169746,0.058021849372889844,1.0,0,0,0,,,0.41567276817651344
20260123_221112,2026-01-23T22:29:01.684344,15cedc7a9730972b927f01fdf3bc98946ca1b50a,euler,32x32,36099,-0.00020286305516492575,0.05907035587460996,1.0,0,0,0,,,0.4156341662780533
20260123_221112,2026-01-23T22:29:02.868500,15cedc7a9730972b927f01fdf3bc98946ca1b50a,euler,32x32,36199,-0.0001347542565781623,0.06164058626287442,1.0,0,0,0,,,0.41501192631023687
20260123_221112,2026-01-23T22:29:03.870918,15cedc7a9730972b927f01fdf3bc98946ca1b50a,euler,32x32,36299,2.4682296498212963e-05,0.05762785323528078,1.0,0,0,0,,,0.4159404579089173
20260123_221112,2026-01-23T22:29:04.976479,15cedc7a9730972b927f01fdf3bc98946ca1b50a,euler,32x32,36399,0.00020305307407397777,0.0581328714542542,1.0,0,0,0,,,0.4158127554437825
20260123_221112,2026-01-23T22:29:05.966306,15cedc7a9730972b927f01fdf3bc98946ca1b50a,euler,32x32,36499,0.00037600231007672846,0.05856353617276909,1.0,0,0,0,,,0.41555916448407204
20260123_221112,2026-01-23T22:29:06.920706,15cedc7a9730972b927f01fdf3bc98946ca1b50a,euler,32x32,36599,0.0002598844876047224,0.0572103911198792,1.0,0,0,0,,,0.41567597187525845
20260123_221112,2026-01-23T22:29:07.977881,15cedc7a9730972b927f01fdf3bc98946ca1b50a,euler,32x32,36699,0.00010287616169080138,0.06253772749900235,1.0,0,0,0,,,0.41481695881671554
20260123_221112,2026-01-23T22:29:09.161495,15cedc7a9730972b927f01fdf3bc98946ca1b50a,euler,32x32,36799,6.900721200508997e-05,0.06331039004551713,1.0,0,0,0,,,0.4144272398082532
20260123_221112,2026-01-23T22:29:10.343409,15cedc7a9730972b927f01fdf3bc98946ca1b50a,euler,32x32,36899,0.00019896935555152595,0.05838726829515508,1.0,0,0,0,,,0.41574156134789575
20260123_221112,2026-01-23T22:29:11.503608,15cedc7a9730972b927f01fdf3bc98946ca1b50a,euler,32x32,36999,0.0001910117280203849,0.0583951490540494,1.0,0,0,0,,,0.4157975800217535
20260123_221112,2026-01-23T22:29:12.685068,15cedc7a9730972b927f01fdf3bc98946ca1b50a,euler,32x32,37099,0.0003151081036776304,0.057990067008613554,1.0,0,0,0,,,0.41574711843356127
20260123_221112,2026-01-23T22:29:13.796881,15cedc7a9730972b927f01fdf3bc98946ca1b50a,euler,32x32,37199,3.629672937677242e-05,0.05919940341518668,1.0,0,0,0,,,0.4156978020183275
20260123_221112,2026-01-23T22:29:14.980351,15cedc7a9730972b927f01fdf3bc98946ca1b50a,euler,32x32,37299,0.0002134246751666069,0.056791932548512704,1.0,0,0,0,,,0.4159704361353408
20260123_221112,2026-01-23T22:29:16.000483,15cedc7a9730972b927f01fdf3bc98946ca1b50a,euler,32x32,37399,-1.2509672160376795e-05,0.05832035384293704,1.0,0,0,0,,,0.4158431090526563
20260123_221112,2026-01-23T22:29:17.048775,15cedc7a9730972b927f01fdf3bc98946ca1b50a,euler,32x32,37499,-0.00023671034432481974,0.05869697734262445,1.0,0,0,0,,,0.4155784388557806
20260123_221112,2026-01-23T22:29:18.060247,15cedc7a9730972b927f01fdf3bc98946ca1b50a,euler,32x32,37599,0.0001148422306869179,0.059096742558722326,1.0,0,0,0,,,0.4156509208945556
20260123_221112,2026-01-23T22:29:19.252518,15cedc7a9730972b927f01fdf3bc98946ca1b50a,euler,32x32,37699,0.0007101008668541908,0.059363680231836045,1.0,0,0,0,,,0.41541239272747554
20260123_221112,2026-01-23T22:29:20.502585,15cedc7a9730972b927f01fdf3bc98946ca1b50a,euler,32x32,37799,8.132356742862612e-05,0.06190773617032391,1.0,0,0,0,,,0.41503165166319267
20260123_221112,2026-01-23T22:29:21.449541,15cedc7a9730972b927f01fdf3bc98946ca1b50a,euler,32x32,37899,0.00018089255900122225,0.05744594510175375,1.0,0,0,0,,,0.41589892854331095
20260123_221112,2026-01-23T22:29:22.646263,15cedc7a9730972b927f01fdf3bc98946ca1b50a,euler,32x32,37999,0.00030781328678131104,0.06134296590229496,1.0,0,0,0,,,0.41527579398504355
20260123_221112,2026-01-23T22:29:23.797862,15cedc7a9730972b927f01fdf3bc98946ca1b50a,euler,32x32,38099,7.1444446803070605e-06,0.05943561357878934,1.0,0,0,0,,,0.41563327359363506
20260123_221112,2026-01-23T22:29:24.914191,15cedc7a9730972b927f01fdf3bc98946ca1b50a,euler,32x32,38199,0.0006933641852810979,0.056963923388393595,1.0,0,0,0,,,0.41598756610603727
20260123_221112,2026-01-23T22:29:26.093250,15cedc7a9730972b927f01fdf3bc98946ca1b50a,euler,32x32,38299,3.8797072193119675e-05,0.06286747574122273,1.0,0,0,0,,,0.41491900839069046
20260123_221112,2026-01-23T22:29:27.336564,15cedc7a9730972b927f01fdf3bc98946ca1b50a,euler,32x32,38399,0.00010908266995102167,0.05552750542257854,1.0,0,0,0,,,0.4160332791843681
20260123_221112,2026-01-23T22:29:28.360416,15cedc7a9730972b927f01fdf3bc98946ca1b50a,euler,32x32,38499,0.00021052158263046294,0.06272967254422838,1.0,0,0,0,,,0.4146276448080813
20260123_221112,2026-01-23T22:29:29.376511,15cedc7a9730972b927f01fdf3bc98946ca1b50a,euler,32x32,38599,0.00011302308848826215,0.05556387164037005,1.0,0,0,0,,,0.41641944817110976
20260123_221112,2026-01-23T22:29:30.348583,15cedc7a9730972b927f01fdf3bc98946ca1b50a,euler,32x32,38699,-9.522422624286264e-05,0.06064319162618631,1.0,0,0,0,,,0.4154812152497443
20260123_221112,2026-01-23T22:29:31.587099,15cedc7a9730972b927f01fdf3bc98946ca1b50a,euler,32x32,38799,0.0004491961735766381,0.05855980513806571,1.0,0,0,0,,,0.4158108382763318
20260123_221112,2026-01-23T22:29:32.652586,15cedc7a9730972b927f01fdf3bc98946ca1b50a,euler,32x32,38899,2.7683465305017307e-05,0.05857922330276779,1.0,0,0,0,,,0.4157290816000102
20260123_221112,2026-01-23T22:29:33.996826,15cedc7a9730972b927f01fdf3bc98946ca1b50a,euler,32x32,38999,1.1737341992557049e-05,0.05726995586595876,1.0,0,0,0,,,0.4161163825296256
20260123_221112,2026-01-23T22:29:35.181423,15cedc7a9730972b927f01fdf3bc98946ca1b50a,euler,32x32,39099,-4.4715059630107135e-05,0.06003070270500757,1.0,0,0,0,,,0.415431120328983
20260123_221112,2026-01-23T22:29:36.289817,15cedc7a9730972b927f01fdf3bc98946ca1b50a,euler,32x32,39199,0.00040203778189606965,0.06223238433780352,1.0,0,0,0,,,0.4150545305739711
20260123_221112,2026-01-23T22:29:37.329890,15cedc7a9730972b927f01fdf3bc98946ca1b50a,euler,32x32,39299,-0.00029558874666690826,0.0584079991335966,1.0,0,0,0,,,0.4158256736463262
20260123_221112,2026-01-23T22:29:38.370931,15cedc7a9730972b927f01fdf3bc98946ca1b50a,euler,32x32,39399,4.5572174713015556e-05,0.05192152856867324,1.0,0,0,0,,,0.4168667447929123
20260123_221112,2026-01-23T22:29:39.546285,15cedc7a9730972b927f01fdf3bc98946ca1b50a,euler,32x32,39499,0.00010618801024975255,0.06394619330520072,1.0,0,0,0,,,0.4142381845512972
20260123_221112,2026-01-23T22:29:40.713771,15cedc7a9730972b927f01fdf3bc98946ca1b50a,euler,32x32,39599,5.71545388083905e-05,0.05763229539257736,1.0,0,0,0,,,0.41601245270584286
20260123_221112,2026-01-23T22:29:41.893152,15cedc7a9730972b927f01fdf3bc98946ca1b50a,euler,32x32,39699,9.767958545126021e-06,0.05704172719229973,1.0,0,0,0,,,0.4162645070663701
20260123_221112,2026-01-23T22:29:42.833459,15cedc7a9730972b927f01fdf3bc98946ca1b50a,euler,32x32,39799,0.00021587894298136234,0.0593204243936998,1.0,0,0,0,,,0.41577911166378645
20260123_221112,2026-01-23T22:29:43.789074,15cedc7a9730972b927f01fdf3bc98946ca1b50a,euler,32x32,39899,-0.0001391562254866585,0.060042611612770996,1.0,0,0,0,,,0.4156242220847254
20260123_221112,2026-01-23T22:29:44.928811,15cedc7a9730972b927f01fdf3bc98946ca1b50a,euler,32x32,39999,0.0002791488077491522,0.05994218721978541,1.0,0,0,0,,,0.41564461882077003
20260123_221112,2026-01-23T22:29:46.063409,15cedc7a9730972b927f01fdf3bc98946ca1b50a,euler,32x32,40099,4.446190723683685e-05,0.059544389140428394,1.0,0,0,0,,,0.41564873296105065
20260123_221112,2026-01-23T22:29:47.078398,15cedc7a9730972b927f01fdf3bc98946ca1b50a,euler,32x32,40199,0.0002120478020515293,0.05677262493940361,1.0,0,0,0,,,0.41620340430269853
20260123_221112,2026-01-23T22:29:48.018372,15cedc7a9730972b927f01fdf3bc98946ca1b50a,euler,32x32,40299,0.00024585152277722955,0.0593908428904615,1.0,0,0,0,,,0.41578092146253026
20260123_221112,2026-01-23T22:29:48.969067,15cedc7a9730972b927f01fdf3bc98946ca1b50a,euler,32x32,40399,4.8124275053851306e-05,0.06101527405102388,1.0,0,0,0,,,0.41544198751101485
20260123_221112,2026-01-23T22:29:50.204605,15cedc7a9730972b927f01fdf3bc98946ca1b50a,euler,32x32,40499,0.0001590667525306344,0.060163828795411975,1.0,0,0,0,,,0.41559353910944463
20260123_221112,2026-01-23T22:29:51.371851,15cedc7a9730972b927f01fdf3bc98946ca1b50a,euler,32x32,40599,-5.719117325497791e-05,0.05880394137831899,1.0,0,0,0,,,0.41587927594617213
20260123_221112,2026-01-23T22:29:52.439385,15cedc7a9730972b927f01fdf3bc98946ca1b50a,euler,32x32,40699,0.0003258727374486625,0.06315959488045336,1.0,0,0,0,,,0.4150087695873482
20260123_221112,2026-01-23T22:29:53.609670,15cedc7a9730972b927f01fdf3bc98946ca1b50a,euler,32x32,40799,1.360558599117212e-06,0.058471461664630624,1.0,0,0,0,,,0.4159079972546632
20260123_221112,2026-01-23T22:29:54.784283,15cedc7a9730972b927f01fdf3bc98946ca1b50a,euler,32x32,40899,0.00024610498803667724,0.05682119570177747,1.0,0,0,0,,,0.41610895246948304
20260123_221112,2026-01-23T22:29:55.826343,15cedc7a9730972b927f01fdf3bc98946ca1b50a,euler,32x32,40999,0.0002031833428191021,0.059108075426302094,1.0,0,0,0,,,0.41572804110880324
20260123_221112,2026-01-23T22:29:56.876243,15cedc7a9730972b927f01fdf3bc98946ca1b50a,euler,32x32,41099,0.00012723541294690222,0.060040700604404265,1.0,0,0,0,,,0.4157652922671635
20260123_221112,2026-01-23T22:29:57.954342,15cedc7a9730972b927f01fdf3bc98946ca1b50a,euler,32x32,41199,-4.583210829878226e-05,0.060287996454644596,1.0,0,0,0,,,0.41549038147361983
20260123_221112,2026-01-23T22:29:59.125401,15cedc7a9730972b927f01fdf3bc98946ca1b50a,euler,32x32,41299,-1.9546732801245525e-06,0.05969152329558711,1.0,0,0,0,,,0.4155337997401717
20260123_221112,2026-01-23T22:30:00.188472,15cedc7a9730972b927f01fdf3bc98946ca1b50a,euler,32x32,41399,3.9543971070088446e-05,0.0585187807082184,1.0,0,0,0,,,0.41600332372769866
20260123_221112,2026-01-23T22:30:01.230645,15cedc7a9730972b927f01fdf3bc98946ca1b50a,euler,32x32,41499,-0.00010221873526461422,0.0567430950034759,1.0,0,0,0,,,0.41634756790531885
20260123_221112,2026-01-23T22:30:02.112678,15cedc7a9730972b927f01fdf3bc98946ca1b50a,euler,32x32,41599,0.00029977946542203426,0.056080907315626975,1.0,0,0,0,,,0.41642602290426967
20260123_221112,2026-01-23T22:30:03.134871,15cedc7a9730972b927f01fdf3bc98946ca1b50a,euler,32x32,41699,9.910907101584598e-05,0.05808876446029899,1.0,0,0,0,,,0.41595991853457714
20260123_221112,2026-01-23T22:30:04.196065,15cedc7a9730972b927f01fdf3bc98946ca1b50a,euler,32x32,41799,-8.574616003897972e-06,0.05472625956019329,1.0,0,0,0,,,0.41651110065639907
20260123_221112,2026-01-23T22:30:05.232315,15cedc7a9730972b927f01fdf3bc98946ca1b50a,euler,32x32,41899,0.0004359469749033451,0.054549902944709176,1.0,0,0,0,,,0.4164585128489325
20260123_221112,2026-01-23T22:30:06.258375,15cedc7a9730972b927f01fdf3bc98946ca1b50a,euler,32x32,41999,0.00014785867824684829,0.05831672790031007,1.0,0,0,0,,,0.41608686054282595
20260123_221112,2026-01-23T22:30:07.291973,15cedc7a9730972b927f01fdf3bc98946ca1b50a,euler,32x32,42099,-1.4999808627180755e-05,0.06233614456610667,1.0,0,0,0,,,0.41517009792837006
20260123_221112,2026-01-23T22:30:08.249844,15cedc7a9730972b927f01fdf3bc98946ca1b50a,euler,32x32,42199,8.932654600357637e-05,0.05909645353851374,1.0,0,0,0,,,0.41596875862714844
20260123_221112,2026-01-23T22:30:09.509605,15cedc7a9730972b927f01fdf3bc98946ca1b50a,euler,32x32,42299,-0.00011606900807237253,0.05880873411286302,1.0,0,0,0,,,0.41597190844738785
20260123_221112,2026-01-23T22:30:10.571493,15cedc7a9730972b927f01fdf3bc98946ca1b50a,euler,32x32,42399,6.92541798343882e-05,0.05822936361655593,1.0,0,0,0,,,0.41612026467176777
20260123_221112,2026-01-23T22:30:11.683557,15cedc7a9730972b927f01fdf3bc98946ca1b50a,euler,32x32,42499,7.394708518404514e-05,0.0604909960803343,1.0,0,0,0,,,0.4155834315673966
20260123_221112,2026-01-23T22:30:12.796578,15cedc7a9730972b927f01fdf3bc98946ca1b50a,euler,32x32,42599,-0.00017186019977089018,0.06173267049285641,1.0,0,0,0,,,0.415307206459546
20260123_221112,2026-01-23T22:30:14.033921,15cedc7a9730972b927f01fdf3bc98946ca1b50a,euler,32x32,42699,7.655409717699513e-05,0.056633755575312535,1.0,0,0,0,,,0.4161117326988515
20260123_221112,2026-01-23T22:30:14.972708,15cedc7a9730972b927f01fdf3bc98946ca1b50a,euler,32x32,42799,0.00015569187235087156,0.056430980736804484,1.0,0,0,0,,,0.41631149039850135
20260123_221112,2026-01-23T22:30:16.243437,15cedc7a9730972b927f01fdf3bc98946ca1b50a,euler,32x32,42899,4.141027602599934e-05,0.0572329838551741,1.0,0,0,0,,,0.4162127403689317
20260123_221112,2026-01-23T22:30:17.243325,15cedc7a9730972b927f01fdf3bc98946ca1b50a,euler,32x32,42999,-5.512204370461404e-05,0.05318386547009141,1.0,0,0,0,,,0.4163468693933846
20260123_221112,2026-01-23T22:30:18.270212,15cedc7a9730972b927f01fdf3bc98946ca1b50a,euler,32x32,43099,-8.23879599920474e-05,0.05540899497344071,1.0,0,0,0,,,0.41649532490138885
20260123_221112,2026-01-23T22:30:19.301799,15cedc7a9730972b927f01fdf3bc98946ca1b50a,euler,32x32,43199,0.0001322495809290558,0.054964489331214283,1.0,0,0,0,,,0.416259518313756
20260123_221112,2026-01-23T22:30:20.580746,15cedc7a9730972b927f01fdf3bc98946ca1b50a,euler,32x32,43299,0.0003025146434083581,0.057715737209291545,1.0,0,0,0,,,0.4161812114646023
20260123_221112,2026-01-23T22:30:21.749807,15cedc7a9730972b927f01fdf3bc98946ca1b50a,euler,32x32,43399,-3.073034531553276e-05,0.05629872818455624,1.0,0,0,0,,,0.416435186379827
20260123_221112,2026-01-23T22:30:22.766874,15cedc7a9730972b927f01fdf3bc98946ca1b50a,euler,32x32,43499,-0.00017785513773560524,0.061002355041346164,1.0,0,0,0,,,0.41549190016786475
20260123_221112,2026-01-23T22:30:23.791884,15cedc7a9730972b927f01fdf3bc98946ca1b50a,euler,32x32,43599,0.0001371447870042175,0.056904575798216686,1.0,0,0,0,,,0.4163769911072225
20260123_221112,2026-01-23T22:30:24.892393,15cedc7a9730972b927f01fdf3bc98946ca1b50a,euler,32x32,43699,-3.1236104405252263e-06,0.05914097324483009,1.0,0,0,0,,,0.4159772316579527
20260123_221112,2026-01-23T22:30:25.997830,15cedc7a9730972b927f01fdf3bc98946ca1b50a,euler,32x32,43799,7.803947664797306e-05,0.05814097320067958,1.0,0,0,0,,,0.416200680985126
20260123_221112,2026-01-23T22:30:26.963418,15cedc7a9730972b927f01fdf3bc98946ca1b50a,euler,32x32,43899,4.843254282604903e-05,0.059808746731032446,1.0,0,0,0,,,0.4158083491002075
20260123_221112,2026-01-23T22:30:28.208334,15cedc7a9730972b927f01fdf3bc98946ca1b50a,euler,32x32,43999,-1.4696035577799194e-05,0.0564396779593153,1.0,0,0,0,,,0.4162305152006355
20260123_221112,2026-01-23T22:30:29.463939,15cedc7a9730972b927f01fdf3bc98946ca1b50a,euler,32x32,44099,0.00042283712537027895,0.055355658084663445,1.0,0,0,0,,,0.416566826061703
20260123_221112,2026-01-23T22:30:30.522467,15cedc7a9730972b927f01fdf3bc98946ca1b50a,euler,32x32,44199,0.0002548830525483936,0.0586267741118354,1.0,0,0,0,,,0.4157568455911016
20260123_221112,2026-01-23T22:30:31.565232,15cedc7a9730972b927f01fdf3bc98946ca1b50a,euler,32x32,44299,0.00014409894356504083,0.05874868941809837,1.0,0,0,0,,,0.4160003225787442
20260123_221112,2026-01-23T22:30:32.592456,15cedc7a9730972b927f01fdf3bc98946ca1b50a,euler,32x32,44399,-7.542261300841346e-05,0.05530730809448869,1.0,0,0,0,,,0.41650577134643807
20260123_221112,2026-01-23T22:30:33.533503,15cedc7a9730972b927f01fdf3bc98946ca1b50a,euler,32x32,44499,1.2451797374524176e-05,0.05802658622502349,1.0,0,0,0,,,0.41610402477345143
20260123_221112,2026-01-23T22:30:34.805926,15cedc7a9730972b927f01fdf3bc98946ca1b50a,euler,32x32,44599,-6.819258123869076e-05,0.05829570605990739,1.0,0,0,0,,,0.4161172749219926
20260123_221112,2026-01-23T22:30:35.999073,15cedc7a9730972b927f01fdf3bc98946ca1b50a,euler,32x32,44699,-6.921947351656854e-05,0.05790931208823167,1.0,0,0,0,,,0.4162225057231138
20260123_221112,2026-01-23T22:30:37.191559,15cedc7a9730972b927f01fdf3bc98946ca1b50a,euler,32x32,44799,0.00017403537640348077,0.0602517051853647,1.0,0,0,0,,,0.4157004214869889
20260123_221112,2026-01-23T22:30:38.376066,15cedc7a9730972b927f01fdf3bc98946ca1b50a,euler,32x32,44899,0.0005400494555942714,0.05790238250327093,1.0,0,0,0,,,0.4161918160633065
20260123_221112,2026-01-23T22:30:39.492278,15cedc7a9730972b927f01fdf3bc98946ca1b50a,euler,32x32,44999,3.917309004464187e-05,0.05688267214649386,1.0,0,0,0,,,0.41591394334408016
20260123_221112,2026-01-23T22:30:40.507439,15cedc7a9730972b927f01fdf3bc98946ca1b50a,euler,32x32,45099,0.0004119980148971081,0.0526291828747344,1.0,0,0,0,,,0.41670873832218513
20260123_221112,2026-01-23T22:30:41.662948,15cedc7a9730972b927f01fdf3bc98946ca1b50a,euler,32x32,45199,0.00020882934040855616,0.05574799321988394,1.0,0,0,0,,,0.41664334987109136
20260123_221112,2026-01-23T22:30:42.817117,15cedc7a9730972b927f01fdf3bc98946ca1b50a,euler,32x32,45299,0.00010395476419944316,0.05900426147814869,1.0,0,0,0,,,0.41595860632295106
20260123_221112,2026-01-23T22:30:43.990396,15cedc7a9730972b927f01fdf3bc98946ca1b50a,euler,32x32,45399,0.00022241289843805134,0.05595506744899467,1.0,0,0,0,,,0.41660077419737884
20260123_221112,2026-01-23T22:30:45.173007,15cedc7a9730972b927f01fdf3bc98946ca1b50a,euler,32x32,45499,0.00015475251711905003,0.054732069682613654,1.0,0,0,0,,,0.4165870158538429
20260123_221112,2026-01-23T22:30:46.192700,15cedc7a9730972b927f01fdf3bc98946ca1b50a,euler,32x32,45599,0.000119971256935969,0.056529921966794065,1.0,0,0,0,,,0.4163477180268924
20260123_221112,2026-01-23T22:30:47.466263,15cedc7a9730972b927f01fdf3bc98946ca1b50a,euler,32x32,45699,-6.187894905451685e-05,0.055673056539235405,1.0,0,0,0,,,0.41669480120589386
20260123_221112,2026-01-23T22:30:48.502922,15cedc7a9730972b927f01fdf3bc98946ca1b50a,euler,32x32,45799,0.00014006720448378474,0.05674594957014051,1.0,0,0,0,,,0.4165231768368256
20260123_221112,2026-01-23T22:30:49.518968,15cedc7a9730972b927f01fdf3bc98946ca1b50a,euler,32x32,45899,7.86369782872498e-05,0.05585509516760794,1.0,0,0,0,,,0.4166578557566996
20260123_221112,2026-01-23T22:30:50.556804,15cedc7a9730972b927f01fdf3bc98946ca1b50a,euler,32x32,45999,0.000149042927660048,0.05357889082719339,1.0,0,0,0,,,0.4166292796243867
20260123_221112,2026-01-23T22:30:51.571617,15cedc7a9730972b927f01fdf3bc98946ca1b50a,euler,32x32,46099,0.0002386926207691431,0.056247832640256096,1.0,0,0,0,,,0.4167012688393702
20260123_221112,2026-01-23T22:30:52.757850,15cedc7a9730972b927f01fdf3bc98946ca1b50a,euler,32x32,46199,6.575803126906976e-05,0.060954945093690184,1.0,0,0,0,,,0.4156259406622693
20260123_221112,2026-01-23T22:30:53.935345,15cedc7a9730972b927f01fdf3bc98946ca1b50a,euler,32x32,46299,-4.1348270315211266e-05,0.0595694521254336,1.0,0,0,0,,,0.41595058839060317
20260123_221112,2026-01-23T22:30:55.097156,15cedc7a9730972b927f01fdf3bc98946ca1b50a,euler,32x32,46399,5.0484937673900276e-05,0.05838866824269644,1.0,0,0,0,,,0.41620691074702404
20260123_221112,2026-01-23T22:30:56.331351,15cedc7a9730972b927f01fdf3bc98946ca1b50a,euler,32x32,46499,0.0004783374606631696,0.05586104115143826,1.0,0,0,0,,,0.41670571151525715
20260123_221112,2026-01-23T22:30:57.356381,15cedc7a9730972b927f01fdf3bc98946ca1b50a,euler,32x32,46599,-4.3831059883814305e-05,0.059376613198182895,1.0,0,0,0,,,0.4161217334676056
20260123_221112,2026-01-23T22:30:58.285824,15cedc7a9730972b927f01fdf3bc98946ca1b50a,euler,32x32,46699,-5.6960867368616164e-05,0.06268726754016825,1.0,0,0,0,,,0.41514130428136753
20260123_221112,2026-01-23T22:30:59.311203,15cedc7a9730972b927f01fdf3bc98946ca1b50a,euler,32x32,46799,-2.4541877792216837e-06,0.05491489034284314,1.0,0,0,0,,,0.4168537746044101
20260123_221112,2026-01-23T22:31:00.341041,15cedc7a9730972b927f01fdf3bc98946ca1b50a,euler,32x32,46899,3.506409848341718e-05,0.0539639770075155,1.0,0,0,0,,,0.4170560772535439
20260123_221112,2026-01-23T22:31:01.518443,15cedc7a9730972b927f01fdf3bc98946ca1b50a,euler,32x32,46999,0.00011164853640366346,0.06054226514024776,1.0,0,0,0,,,0.415911801251245
20260123_221112,2026-01-23T22:31:02.767010,15cedc7a9730972b927f01fdf3bc98946ca1b50a,euler,32x32,47099,0.00010204439604422078,0.05365836278106144,1.0,0,0,0,,,0.4169228870453404
20260123_221112,2026-01-23T22:31:03.902786,15cedc7a9730972b927f01fdf3bc98946ca1b50a,euler,32x32,47199,0.0002187950594816357,0.05872416228921793,1.0,0,0,0,,,0.41608803012280504
20260123_221112,2026-01-23T22:31:05.166427,15cedc7a9730972b927f01fdf3bc98946ca1b50a,euler,32x32,47299,0.00022952925064601004,0.06153997186105698,1.0,0,0,0,,,0.41562480994624806
20260123_221112,2026-01-23T22:31:06.228971,15cedc7a9730972b927f01fdf3bc98946ca1b50a,euler,32x32,47399,-0.00016146240523084998,0.05599430123096681,1.0,0,0,0,,,0.4164162570702633
20260123_221112,2026-01-23T22:31:07.427143,15cedc7a9730972b927f01fdf3bc98946ca1b50a,euler,32x32,47499,0.00017216824926435947,0.05870541524025612,1.0,0,0,0,,,0.4163005232534834
20260123_221112,2026-01-23T22:31:08.388421,15cedc7a9730972b927f01fdf3bc98946ca1b50a,euler,32x32,47599,0.0001964686089195311,0.0580579425169708,1.0,0,0,0,,,0.41644071611777633
20260123_221112,2026-01-23T22:31:09.353686,15cedc7a9730972b927f01fdf3bc98946ca1b50a,euler,32x32,47699,-6.203092925716192e-05,0.051087266082868156,1.0,0,0,0,,,0.4172617763790534
20260123_221112,2026-01-23T22:31:10.597226,15cedc7a9730972b927f01fdf3bc98946ca1b50a,euler,32x32,47799,8.494198846165091e-05,0.055900931031792424,1.0,0,0,0,,,0.4167829879468191
20260123_221112,2026-01-23T22:31:11.729909,15cedc7a9730972b927f01fdf3bc98946ca1b50a,euler,32x32,47899,-1.0384113920736127e-05,0.05670407994206471,1.0,0,0,0,,,0.41669457137601573
20260123_221112,2026-01-23T22:31:12.826081,15cedc7a9730972b927f01fdf3bc98946ca1b50a,euler,32x32,47999,4.856095620198175e-05,0.05537934612879326,1.0,0,0,0,,,0.41684883193419164
20260123_221112,2026-01-23T22:31:14.073848,15cedc7a9730972b927f01fdf3bc98946ca1b50a,euler,32x32,48099,9.97236384137068e-06,0.05431045167890261,1.0,0,0,0,,,0.41708517656797606
20260123_221112,2026-01-23T22:31:15.252871,15cedc7a9730972b927f01fdf3bc98946ca1b50a,euler,32x32,48199,-0.00012492455425672233,0.05602314206040319,1.0,0,0,0,,,0.4167983441518269
20260123_221112,2026-01-23T22:31:16.327200,15cedc7a9730972b927f01fdf3bc98946ca1b50a,euler,32x32,48299,0.00034223636612296104,0.05465444677767664,1.0,0,0,0,,,0.41713102772271615
20260123_221112,2026-01-23T22:31:17.407494,15cedc7a9730972b927f01fdf3bc98946ca1b50a,euler,32x32,48399,-6.570051482412964e-05,0.058873098870499234,1.0,0,0,0,,,0.41635914848997924
20260123_221112,2026-01-23T22:31:18.434931,15cedc7a9730972b927f01fdf3bc98946ca1b50a,euler,32x32,48499,0.0002121559955412522,0.058852497725201826,1.0,0,0,0,,,0.4163719903659162
20260123_221112,2026-01-23T22:31:19.473345,15cedc7a9730972b927f01fdf3bc98946ca1b50a,euler,32x32,48599,0.0002573475649114698,0.05199450525728025,1.0,0,0,0,,,0.41673051323684374
20260123_221112,2026-01-23T22:31:20.676558,15cedc7a9730972b927f01fdf3bc98946ca1b50a,euler,32x32,48699,0.00011592286318773404,0.05644261238943727,1.0,0,0,0,,,0.41686788173956985
20260123_221112,2026-01-23T22:31:21.908661,15cedc7a9730972b927f01fdf3bc98946ca1b50a,euler,32x32,48799,0.00011949613690376282,0.05914433475183614,1.0,0,0,0,,,0.416212087755185
20260123_221112,2026-01-23T22:31:23.095038,15cedc7a9730972b927f01fdf3bc98946ca1b50a,euler,32x32,48899,-2.4529072106815875e-05,0.05869605210096779,1.0,0,0,0,,,0.4163167570781622
20260123_221112,2026-01-23T22:31:24.342361,15cedc7a9730972b927f01fdf3bc98946ca1b50a,euler,32x32,48999,0.00013426889199763536,0.05766711842858058,1.0,0,0,0,,,0.4166211546940314
20260123_221112,2026-01-23T22:31:25.520636,15cedc7a9730972b927f01fdf3bc98946ca1b50a,euler,32x32,49099,0.0010442951461300254,0.05905734220366867,1.0,0,0,0,,,0.41630816586131325
20260123_221112,2026-01-23T22:31:26.572671,15cedc7a9730972b927f01fdf3bc98946ca1b50a,euler,32x32,49199,-8.628042269265279e-05,0.0574555542644157,1.0,0,0,0,,,0.4166479971156991
20260123_221112,2026-01-23T22:31:27.598966,15cedc7a9730972b927f01fdf3bc98946ca1b50a,euler,32x32,49299,2.853945261449553e-05,0.051421248660699345,1.0,0,0,0,,,0.41723581193915144
20260123_221112,2026-01-23T22:31:28.850032,15cedc7a9730972b927f01fdf3bc98946ca1b50a,euler,32x32,49399,0.00019747672195080668,0.05767173386688228,1.0,0,0,0,,,0.41662423142806876
20260123_221112,2026-01-23T22:31:30.081326,15cedc7a9730972b927f01fdf3bc98946ca1b50a,euler,32x32,49499,4.5506330934586003e-05,0.054939288873611075,1.0,0,0,0,,,0.4170623215046412
20260123_221112,2026-01-23T22:31:31.267846,15cedc7a9730972b927f01fdf3bc98946ca1b50a,euler,32x32,49599,-6.784269498893991e-05,0.057602839587088964,1.0,0,0,0,,,0.41659203247375287
20260123_221112,2026-01-23T22:31:32.291444,15cedc7a9730972b927f01fdf3bc98946ca1b50a,euler,32x32,49699,0.00020495271019171923,0.05646915214976616,1.0,0,0,0,,,0.41686677146651896
20260123_221112,2026-01-23T22:31:33.323859,15cedc7a9730972b927f01fdf3bc98946ca1b50a,euler,32x32,49799,7.04931007931009e-05,0.057538554098900935,1.0,0,0,0,,,0.4165731091726672
20260123_221112,2026-01-23T22:31:34.365405,15cedc7a9730972b927f01fdf3bc98946ca1b50a,euler,32x32,49899,5.721515117329545e-05,0.0557071539849494,1.0,0,0,0,,,0.41701995141673864
20260123_221112,2026-01-23T22:31:35.536769,15cedc7a9730972b927f01fdf3bc98946ca1b50a,euler,32x32,49999,0.0002917302190326154,0.05262545705627417,1.0,0,0,0,,,0.4172576188937448
20260123_221112,2026-01-23T22:31:36.387035,15cedc7a9730972b927f01fdf3bc98946ca1b50a,euler,64x64,0,3.193896770477295,0.3910510071045428,1.0,0,0,0,,,-0.6378429457970589
20260123_221112,2026-01-23T22:31:38.575536,15cedc7a9730972b927f01fdf3bc98946ca1b50a,euler,64x64,99,0.061996687203645706,0.4474140429496765,1.0,0,0,0,,,-0.848938064721761
20260123_221112,2026-01-23T22:31:40.764989,15cedc7a9730972b927f01fdf3bc98946ca1b50a,euler,64x64,199,0.03346363455057144,0.35999808900989594,1.0,0,0,0,,,-0.093855882496936
20260123_221112,2026-01-23T22:31:42.963033,15cedc7a9730972b927f01fdf3bc98946ca1b50a,euler,64x64,299,0.017096025869250298,0.31954671299972687,1.0,0,0,0,,,0.10652697136477894
20260123_221112,2026-01-23T22:31:45.118200,15cedc7a9730972b927f01fdf3bc98946ca1b50a,euler,64x64,399,0.010156327858567238,0.28678367651249576,1.0,0,0,0,,,0.19334492634929468
20260123_221112,2026-01-23T22:31:47.383346,15cedc7a9730972b927f01fdf3bc98946ca1b50a,euler,64x64,499,0.009354373440146446,0.256648518776492,1.0,0,0,0,,,0.24805379544364556
20260123_221112,2026-01-23T22:31:49.424682,15cedc7a9730972b927f01fdf3bc98946ca1b50a,euler,64x64,599,0.005169833544641733,0.23379078790632776,1.0,0,0,0,,,0.2813221774370926
20260123_221112,2026-01-23T22:31:51.537161,15cedc7a9730972b927f01fdf3bc98946ca1b50a,euler,64x64,699,0.0047529349103569984,0.21748407910868991,1.0,0,0,0,,,0.30149889452932466
20260123_221112,2026-01-23T22:31:53.687848,15cedc7a9730972b927f01fdf3bc98946ca1b50a,euler,64x64,799,0.0034092566929757595,0.20238674537860787,1.0,0,0,0,,,0.31819450179712977
20260123_221112,2026-01-23T22:31:55.849022,15cedc7a9730972b927f01fdf3bc98946ca1b50a,euler,64x64,899,0.002679357770830393,0.18870366939838276,1.0,0,0,0,,,0.33158393089142024
20260123_221112,2026-01-23T22:31:57.859494,15cedc7a9730972b927f01fdf3bc98946ca1b50a,euler,64x64,999,0.0017102929996326566,0.17842851772758878,1.0,0,0,0,,,0.3415253783837221
20260123_221112,2026-01-23T22:31:59.947500,15cedc7a9730972b927f01fdf3bc98946ca1b50a,euler,64x64,1099,0.0015175783773884177,0.1661304461429245,1.0,0,0,0,,,0.3519541177640087
20260123_221112,2026-01-23T22:32:01.933668,15cedc7a9730972b927f01fdf3bc98946ca1b50a,euler,64x64,1199,0.0012244322570040822,0.16093022323504555,1.0,0,0,0,,,0.3568320035387138
20260123_221112,2026-01-23T22:32:04.115616,15cedc7a9730972b927f01fdf3bc98946ca1b50a,euler,64x64,1299,0.0010034563019871712,0.15193236852777772,1.0,0,0,0,,,0.3638718357548443
20260123_221112,2026-01-23T22:32:06.358356,15cedc7a9730972b927f01fdf3bc98946ca1b50a,euler,64x64,1399,0.0013555916957557201,0.14634027089661686,1.0,0,0,0,,,0.36831372499019427
20260123_221112,2026-01-23T22:32:08.284813,15cedc7a9730972b927f01fdf3bc98946ca1b50a,euler,64x64,1499,0.00026096755755133927,0.1395640667292173,1.0,0,0,0,,,0.37305893430471215
20260123_221112,2026-01-23T22:32:10.182646,15cedc7a9730972b927f01fdf3bc98946ca1b50a,euler,64x64,1599,0.0008418916258960962,0.13811875452345704,1.0,0,0,0,,,0.37491950044601385
20260123_221112,2026-01-23T22:32:12.088311,15cedc7a9730972b927f01fdf3bc98946ca1b50a,euler,64x64,1699,0.0006817136891186237,0.12963809250548367,1.0,0,0,0,,,0.37993924900163556
20260123_221112,2026-01-23T22:32:14.312532,15cedc7a9730972b927f01fdf3bc98946ca1b50a,euler,64x64,1799,0.0005203374312259257,0.12197302166649024,1.0,0,0,0,,,0.38392515768427626
20260123_221112,2026-01-23T22:32:16.332684,15cedc7a9730972b927f01fdf3bc98946ca1b50a,euler,64x64,1899,0.0009707058779895306,0.12280185505311238,1.0,0,0,0,,,0.3845150110103177
20260123_221112,2026-01-23T22:32:18.445823,15cedc7a9730972b927f01fdf3bc98946ca1b50a,euler,64x64,1999,0.0005776705802418292,0.1198364059458254,1.0,0,0,0,,,0.38640660070756966
20260123_221112,2026-01-23T22:32:20.420793,15cedc7a9730972b927f01fdf3bc98946ca1b50a,euler,64x64,2099,0.0008355356985703111,0.1128807643838809,1.0,0,0,0,,,0.38946062804089165
20260123_221112,2026-01-23T22:32:22.529719,15cedc7a9730972b927f01fdf3bc98946ca1b50a,euler,64x64,2199,0.0006520825554616749,0.1094653243549692,1.0,0,0,0,,,0.3918584837943977
20260123_221112,2026-01-23T22:32:24.540535,15cedc7a9730972b927f01fdf3bc98946ca1b50a,euler,64x64,2299,0.0002781634102575481,0.10734697941559716,1.0,0,0,0,,,0.3930066702375965
20260123_221112,2026-01-23T22:32:26.339777,15cedc7a9730972b927f01fdf3bc98946ca1b50a,euler,64x64,2399,0.0006810290506109595,0.10490469577795011,1.0,0,0,0,,,0.39432889194341864
20260123_221112,2026-01-23T22:32:28.132524,15cedc7a9730972b927f01fdf3bc98946ca1b50a,euler,64x64,2499,0.0005339864874258637,0.10203587135605631,1.0,0,0,0,,,0.39585877215420706
20260123_221112,2026-01-23T22:32:30.295629,15cedc7a9730972b927f01fdf3bc98946ca1b50a,euler,64x64,2599,0.00034318561665713787,0.10141842512384755,1.0,0,0,0,,,0.3964018985076008
20260123_221112,2026-01-23T22:32:32.280340,15cedc7a9730972b927f01fdf3bc98946ca1b50a,euler,64x64,2699,0.000465661461930722,0.10047303784100223,1.0,0,0,0,,,0.39675963422462035
20260123_221112,2026-01-23T22:32:34.328159,15cedc7a9730972b927f01fdf3bc98946ca1b50a,euler,64x64,2799,0.0004986378480680287,0.10123947239408153,1.0,0,0,0,,,0.39714365647675554
20260123_221112,2026-01-23T22:32:36.202677,15cedc7a9730972b927f01fdf3bc98946ca1b50a,euler,64x64,2899,0.0004988635773770511,0.09747911612314056,1.0,0,0,0,,,0.39901052520193037
20260123_221112,2026-01-23T22:32:38.050316,15cedc7a9730972b927f01fdf3bc98946ca1b50a,euler,64x64,2999,0.0002143983292626217,0.09694175616590656,1.0,0,0,0,,,0.3996353934401174
20260123_221112,2026-01-23T22:32:40.074331,15cedc7a9730972b927f01fdf3bc98946ca1b50a,euler,64x64,3099,0.0003058302972931415,0.09496810096185072,1.0,0,0,0,,,0.40026441033668425
20260123_221112,2026-01-23T22:32:42.074518,15cedc7a9730972b927f01fdf3bc98946ca1b50a,euler,64x64,3199,0.000350380054442212,0.09586239433716401,1.0,0,0,0,,,0.40038466812112194
20260123_221112,2026-01-23T22:32:43.852129,15cedc7a9730972b927f01fdf3bc98946ca1b50a,euler,64x64,3299,-2.0806342945434153e-05,0.08993846747573116,1.0,0,0,0,,,0.40230905645935455
20260123_221112,2026-01-23T22:32:46.085529,15cedc7a9730972b927f01fdf3bc98946ca1b50a,euler,64x64,3399,0.00043253644253127277,0.09128406063886359,1.0,0,0,0,,,0.40230318284546873
20260123_221112,2026-01-23T22:32:48.228465,15cedc7a9730972b927f01fdf3bc98946ca1b50a,euler,64x64,3499,0.0004985645064152777,0.09159514197570388,1.0,0,0,0,,,0.40240221056740333
20260123_221112,2026-01-23T22:32:50.278227,15cedc7a9730972b927f01fdf3bc98946ca1b50a,euler,64x64,3599,4.2013853089883924e-05,0.08888718366390094,1.0,0,0,0,,,0.4033823468922957
20260123_221112,2026-01-23T22:32:52.503463,15cedc7a9730972b927f01fdf3bc98946ca1b50a,euler,64x64,3699,0.00024797621881589293,0.08393797148615705,1.0,0,0,0,,,0.40503368919939553
20260123_221112,2026-01-23T22:32:54.433468,15cedc7a9730972b927f01fdf3bc98946ca1b50a,euler,64x64,3799,0.00017061285325326025,0.08711805944913067,1.0,0,0,0,,,0.40416963153686314
20260123_221112,2026-01-23T22:32:56.414293,15cedc7a9730972b927f01fdf3bc98946ca1b50a,euler,64x64,3899,-0.00012783135753124952,0.0867117624769162,1.0,0,0,0,,,0.40457965643244376
20260123_221112,2026-01-23T22:32:58.411976,15cedc7a9730972b927f01fdf3bc98946ca1b50a,euler,64x64,3999,0.00031493717688135803,0.08565932236175286,1.0,0,0,0,,,0.4050211951418704
20260123_221112,2026-01-23T22:33:00.263448,15cedc7a9730972b927f01fdf3bc98946ca1b50a,euler,64x64,4099,4.559243461699225e-05,0.0822736118134344,1.0,0,0,0,,,0.40583909078543523
20260123_221112,2026-01-23T22:33:02.472646,15cedc7a9730972b927f01fdf3bc98946ca1b50a,euler,64x64,4199,0.00024020831915549934,0.08200837325741304,1.0,0,0,0,,,0.4063947756715779
20260123_221112,2026-01-23T22:33:04.709521,15cedc7a9730972b927f01fdf3bc98946ca1b50a,euler,64x64,4299,5.370299913920462e-05,0.07860850920871598,1.0,0,0,0,,,0.4074019468477674
20260123_221112,2026-01-23T22:33:06.927328,15cedc7a9730972b927f01fdf3bc98946ca1b50a,euler,64x64,4399,0.00028400542214512825,0.08326653316238662,1.0,0,0,0,,,0.40626086457443183
20260123_221112,2026-01-23T22:33:09.124496,15cedc7a9730972b927f01fdf3bc98946ca1b50a,euler,64x64,4499,0.0004803138435818255,0.08238898526193225,1.0,0,0,0,,,0.4067013872534654
20260123_221112,2026-01-23T22:33:11.150770,15cedc7a9730972b927f01fdf3bc98946ca1b50a,euler,64x64,4599,0.0004538131761364639,0.07849535353234387,1.0,0,0,0,,,0.4077038364914302
20260123_221112,2026-01-23T22:33:13.218517,15cedc7a9730972b927f01fdf3bc98946ca1b50a,euler,64x64,4699,0.00047189893666654825,0.08382544215332018,1.0,0,0,0,,,0.40646411423557904
20260123_221112,2026-01-23T22:33:15.446229,15cedc7a9730972b927f01fdf3bc98946ca1b50a,euler,64x64,4799,-0.00012402518768794835,0.07940072875775513,1.0,0,0,0,,,0.4074885830753281
20260123_221112,2026-01-23T22:33:17.404917,15cedc7a9730972b927f01fdf3bc98946ca1b50a,euler,64x64,4899,-3.122974158031866e-05,0.07616715943411691,1.0,0,0,0,,,0.4084274645717255
20260123_221112,2026-01-23T22:33:19.262945,15cedc7a9730972b927f01fdf3bc98946ca1b50a,euler,64x64,4999,0.0001450022537028417,0.07457869771358673,1.0,0,0,0,,,0.4090446929558613
20260123_221112,2026-01-23T22:33:21.130031,15cedc7a9730972b927f01fdf3bc98946ca1b50a,euler,64x64,5099,5.334133675205521e-05,0.0765640654208255,1.0,0,0,0,,,0.40841266513476526
20260123_221112,2026-01-23T22:33:23.358622,15cedc7a9730972b927f01fdf3bc98946ca1b50a,euler,64x64,5199,1.5923738828860223e-05,0.08714596751116915,1.0,0,0,0,,,0.4058033638557035
20260123_221112,2026-01-23T22:33:25.407611,15cedc7a9730972b927f01fdf3bc98946ca1b50a,euler,64x64,5299,-1.2051888916175812e-05,0.07789291801484069,1.0,0,0,0,,,0.40867204680879377
20260123_221112,2026-01-23T22:33:27.613557,15cedc7a9730972b927f01fdf3bc98946ca1b50a,euler,64x64,5399,-0.00010109613504027948,0.08436930468014907,1.0,0,0,0,,,0.40674982813008875
20260123_221112,2026-01-23T22:33:29.585137,15cedc7a9730972b927f01fdf3bc98946ca1b50a,euler,64x64,5499,-0.00012878049165010452,0.07969553692542831,1.0,0,0,0,,,0.40835283383107907
20260123_221112,2026-01-23T22:33:31.563937,15cedc7a9730972b927f01fdf3bc98946ca1b50a,euler,64x64,5599,0.00014101735723670572,0.07852003066218458,1.0,0,0,0,,,0.4087360343938494
20260123_221112,2026-01-23T22:33:33.820431,15cedc7a9730972b927f01fdf3bc98946ca1b50a,euler,64x64,5699,-0.00013065667008049786,0.07716586083653965,1.0,0,0,0,,,0.4089594864087967
20260123_221112,2026-01-23T22:33:35.887189,15cedc7a9730972b927f01fdf3bc98946ca1b50a,euler,64x64,5799,0.0005114892846904695,0.0741007027028536,1.0,0,0,0,,,0.410145796636622
20260123_221112,2026-01-23T22:33:38.145699,15cedc7a9730972b927f01fdf3bc98946ca1b50a,euler,64x64,5899,0.00021779547387268394,0.08267682880454232,1.0,0,0,0,,,0.407749606632436
20260123_221112,2026-01-23T22:33:39.982690,15cedc7a9730972b927f01fdf3bc98946ca1b50a,euler,64x64,5999,0.00019401426834519953,0.07769960263743997,1.0,0,0,0,,,0.40925846884970557
20260123_221112,2026-01-23T22:33:41.976461,15cedc7a9730972b927f01fdf3bc98946ca1b50a,euler,64x64,6099,0.0003463911125436425,0.07337174823711394,1.0,0,0,0,,,0.41049235904877907
20260123_221112,2026-01-23T22:33:44.050295,15cedc7a9730972b927f01fdf3bc98946ca1b50a,euler,64x64,6199,3.6497454857453704e-05,0.07320180077120313,1.0,0,0,0,,,0.41046970532126165
20260123_221112,2026-01-23T22:33:46.105113,15cedc7a9730972b927f01fdf3bc98946ca1b50a,euler,64x64,6299,0.0003034609544556588,0.07372337581880856,1.0,0,0,0,,,0.41046665155867096
20260123_221112,2026-01-23T22:33:48.173191,15cedc7a9730972b927f01fdf3bc98946ca1b50a,euler,64x64,6399,-1.018657349050045e-05,0.07226150845832308,1.0,0,0,0,,,0.41093884811227677
20260123_221112,2026-01-23T22:33:50.260527,15cedc7a9730972b927f01fdf3bc98946ca1b50a,euler,64x64,6499,0.00026963729760609567,0.07683636588859372,1.0,0,0,0,,,0.4096595730756849
20260123_221112,2026-01-23T22:33:52.316992,15cedc7a9730972b927f01fdf3bc98946ca1b50a,euler,64x64,6599,-3.865992766804993e-05,0.07987157139461487,1.0,0,0,0,,,0.40888564866837995
20260123_221112,2026-01-23T22:33:54.224512,15cedc7a9730972b927f01fdf3bc98946ca1b50a,euler,64x64,6699,-2.618342114146799e-05,0.0738020828095614,1.0,0,0,0,,,0.41038054166626936
20260123_221112,2026-01-23T22:33:56.101828,15cedc7a9730972b927f01fdf3bc98946ca1b50a,euler,64x64,6799,0.0004092102753929794,0.07514230352346203,1.0,0,0,0,,,0.410326632160667
20260123_221112,2026-01-23T22:33:58.166447,15cedc7a9730972b927f01fdf3bc98946ca1b50a,euler,64x64,6899,0.00032117177033796906,0.06926596765464638,1.0,0,0,0,,,0.41144906173817536
20260123_221112,2026-01-23T22:34:00.256930,15cedc7a9730972b927f01fdf3bc98946ca1b50a,euler,64x64,6999,0.0001485342945670709,0.07092757374572102,1.0,0,0,0,,,0.41148686972802156
20260123_221112,2026-01-23T22:34:02.542744,15cedc7a9730972b927f01fdf3bc98946ca1b50a,euler,64x64,7099,9.686799603514373e-05,0.07221149051736575,1.0,0,0,0,,,0.4112234968818112
20260123_221112,2026-01-23T22:34:04.609655,15cedc7a9730972b927f01fdf3bc98946ca1b50a,euler,64x64,7199,0.00027964275795966387,0.07177206258726074,1.0,0,0,0,,,0.41145835554768495
20260123_221112,2026-01-23T22:34:06.878903,15cedc7a9730972b927f01fdf3bc98946ca1b50a,euler,64x64,7299,0.0001575552305439487,0.07337610232934821,1.0,0,0,0,,,0.4111634129554995
20260123_221112,2026-01-23T22:34:08.964500,15cedc7a9730972b927f01fdf3bc98946ca1b50a,euler,64x64,7399,0.0002559584390837699,0.07156072446916369,1.0,0,0,0,,,0.4116389898889009
20260123_221112,2026-01-23T22:34:11.056152,15cedc7a9730972b927f01fdf3bc98946ca1b50a,euler,64x64,7499,0.00019415782298892736,0.06806897448201198,1.0,0,0,0,,,0.4124964897616869
20260123_221112,2026-01-23T22:34:13.140443,15cedc7a9730972b927f01fdf3bc98946ca1b50a,euler,64x64,7599,0.0002036065561696887,0.06962954304442974,1.0,0,0,0,,,0.41226918449712857
20260123_221112,2026-01-23T22:34:15.224203,15cedc7a9730972b927f01fdf3bc98946ca1b50a,euler,64x64,7699,0.00022066765814088285,0.06512257908616448,1.0,0,0,0,,,0.4130022066221359
20260123_221112,2026-01-23T22:34:17.096391,15cedc7a9730972b927f01fdf3bc98946ca1b50a,euler,64x64,7799,7.64689248171635e-05,0.07405400917268708,1.0,0,0,0,,,0.4111381278406727
20260123_221112,2026-01-23T22:34:19.126459,15cedc7a9730972b927f01fdf3bc98946ca1b50a,euler,64x64,7899,0.00031202854006551206,0.07115433382205083,1.0,0,0,0,,,0.4118557602977325
20260123_221112,2026-01-23T22:34:21.361029,15cedc7a9730972b927f01fdf3bc98946ca1b50a,euler,64x64,7999,0.00020648972713388503,0.06973837838202598,1.0,0,0,0,,,0.4122987101354907
20260123_221112,2026-01-23T22:34:23.334114,15cedc7a9730972b927f01fdf3bc98946ca1b50a,euler,64x64,8099,-0.0001954617619048804,0.07012363761736197,1.0,0,0,0,,,0.41219534071716657
20260123_221112,2026-01-23T22:34:25.331165,15cedc7a9730972b927f01fdf3bc98946ca1b50a,euler,64x64,8199,0.0001641951675992459,0.06717805145104648,1.0,0,0,0,,,0.4129585043030223
20260123_221112,2026-01-23T22:34:27.591648,15cedc7a9730972b927f01fdf3bc98946ca1b50a,euler,64x64,8299,-7.222876593004912e-05,0.07098339985968778,1.0,0,0,0,,,0.411930279339915
20260123_221112,2026-01-23T22:34:29.842877,15cedc7a9730972b927f01fdf3bc98946ca1b50a,euler,64x64,8399,-9.061003220267594e-05,0.0687389505734609,1.0,0,0,0,,,0.4128052295283021
20260123_221112,2026-01-23T22:34:32.129671,15cedc7a9730972b927f01fdf3bc98946ca1b50a,euler,64x64,8499,0.0001597165537532419,0.06795107867452316,1.0,0,0,0,,,0.4126972225074091
20260123_221112,2026-01-23T22:34:34.180721,15cedc7a9730972b927f01fdf3bc98946ca1b50a,euler,64x64,8599,7.17126386007294e-05,0.06876192713374621,1.0,0,0,0,,,0.4128190215285156
20260123_221112,2026-01-23T22:34:36.099961,15cedc7a9730972b927f01fdf3bc98946ca1b50a,euler,64x64,8699,4.0575429011369124e-05,0.0667231444841309,1.0,0,0,0,,,0.41315826038455333
20260123_221112,2026-01-23T22:34:38.398270,15cedc7a9730972b927f01fdf3bc98946ca1b50a,euler,64x64,8799,0.00040742557030171156,0.06696991774486377,1.0,0,0,0,,,0.41316814970331384
20260123_221112,2026-01-23T22:34:40.547034,15cedc7a9730972b927f01fdf3bc98946ca1b50a,euler,64x64,8899,0.0003637154004536569,0.07036090309760766,1.0,0,0,0,,,0.4123070237107407
20260123_221112,2026-01-23T22:34:42.882367,15cedc7a9730972b927f01fdf3bc98946ca1b50a,euler,64x64,8999,0.00031404683250002563,0.06627801867813105,1.0,0,0,0,,,0.4133295702174351
20260123_221112,2026-01-23T22:34:44.990116,15cedc7a9730972b927f01fdf3bc98946ca1b50a,euler,64x64,9099,0.00035498308716341853,0.06383024601382203,1.0,0,0,0,,,0.4133247367529017
20260123_221112,2026-01-23T22:34:47.285058,15cedc7a9730972b927f01fdf3bc98946ca1b50a,euler,64x64,9199,0.0003744038112927228,0.07018443825902068,1.0,0,0,0,,,0.4125584274560964
20260123_221112,2026-01-23T22:34:49.325189,15cedc7a9730972b927f01fdf3bc98946ca1b50a,euler,64x64,9299,0.00037940332549624145,0.06688872572543915,1.0,0,0,0,,,0.41332933602213245
20260123_221112,2026-01-23T22:34:51.337276,15cedc7a9730972b927f01fdf3bc98946ca1b50a,euler,64x64,9399,0.0006196793401613832,0.07072448982813512,1.0,0,0,0,,,0.41235839464038226
20260123_221112,2026-01-23T22:34:53.281270,15cedc7a9730972b927f01fdf3bc98946ca1b50a,euler,64x64,9499,0.0002607939823064953,0.06474816939255107,1.0,0,0,0,,,0.4137553889457657
20260123_221112,2026-01-23T22:34:55.327433,15cedc7a9730972b927f01fdf3bc98946ca1b50a,euler,64x64,9599,-3.244818071834743e-05,0.06621257319187862,1.0,0,0,0,,,0.41353918432814685
20260123_221112,2026-01-23T22:34:57.546004,15cedc7a9730972b927f01fdf3bc98946ca1b50a,euler,64x64,9699,0.00024301049415953457,0.06808776904232218,1.0,0,0,0,,,0.41241772044441694
20260123_221112,2026-01-23T22:34:59.523767,15cedc7a9730972b927f01fdf3bc98946ca1b50a,euler,64x64,9799,0.00031368312193080783,0.0683439626575273,1.0,0,0,0,,,0.41298430648478834
20260123_221112,2026-01-23T22:35:01.626779,15cedc7a9730972b927f01fdf3bc98946ca1b50a,euler,64x64,9899,0.0003033521643374115,0.0663390337304736,1.0,0,0,0,,,0.4133979383599596
20260123_221112,2026-01-23T22:35:03.729939,15cedc7a9730972b927f01fdf3bc98946ca1b50a,euler,64x64,9999,0.00017799851775635034,0.06850274685100885,1.0,0,0,0,,,0.41300597923941834
20260123_221112,2026-01-23T22:35:06.107701,15cedc7a9730972b927f01fdf3bc98946ca1b50a,euler,64x64,10099,0.00017679529264569283,0.07039038682210957,1.0,0,0,0,,,0.41258574018238947
20260123_221112,2026-01-23T22:35:08.287647,15cedc7a9730972b927f01fdf3bc98946ca1b50a,euler,64x64,10199,0.00018416039529256523,0.07136889388217242,1.0,0,0,0,,,0.412285899411547
20260123_221112,2026-01-23T22:35:10.510214,15cedc7a9730972b927f01fdf3bc98946ca1b50a,euler,64x64,10299,0.00013184326235204935,0.061656368376861795,1.0,0,0,0,,,0.41407265864964693
20260123_221112,2026-01-23T22:35:12.677830,15cedc7a9730972b927f01fdf3bc98946ca1b50a,euler,64x64,10399,4.0456128772348166e-05,0.0692855101142777,1.0,0,0,0,,,0.4129583864182059
20260123_221112,2026-01-23T22:35:15.054528,15cedc7a9730972b927f01fdf3bc98946ca1b50a,euler,64x64,10499,-0.00010971548908855766,0.06850678198665264,1.0,0,0,0,,,0.4132567672782025
20260123_221112,2026-01-23T22:35:17.215281,15cedc7a9730972b927f01fdf3bc98946ca1b50a,euler,64x64,10599,0.00034418641007505357,0.06451017823914298,1.0,0,0,0,,,0.414189122009197
20260123_221112,2026-01-23T22:35:19.381699,15cedc7a9730972b927f01fdf3bc98946ca1b50a,euler,64x64,10699,-3.416611434658989e-05,0.06651519688137342,1.0,0,0,0,,,0.4136192953940261
20260123_221112,2026-01-23T22:35:21.687025,15cedc7a9730972b927f01fdf3bc98946ca1b50a,euler,64x64,10799,0.00018675829051062465,0.06850780361230135,1.0,0,0,0,,,0.4132002346578847
20260123_221112,2026-01-23T22:35:24.035101,15cedc7a9730972b927f01fdf3bc98946ca1b50a,euler,64x64,10899,0.0003180751809850335,0.06446678812295431,1.0,0,0,0,,,0.414156629858189
20260123_221112,2026-01-23T22:35:26.075385,15cedc7a9730972b927f01fdf3bc98946ca1b50a,euler,64x64,10999,0.00013810800737701356,0.061329155246494335,1.0,0,0,0,,,0.4145117589873504
20260123_221112,2026-01-23T22:35:28.445978,15cedc7a9730972b927f01fdf3bc98946ca1b50a,euler,64x64,11099,6.845374446129426e-05,0.06527219927214901,1.0,0,0,0,,,0.41418474951561823
20260123_221112,2026-01-23T22:35:30.654510,15cedc7a9730972b927f01fdf3bc98946ca1b50a,euler,64x64,11199,0.00021665581152774394,0.06452124689574702,1.0,0,0,0,,,0.41416269670879
20260123_221112,2026-01-23T22:35:32.874092,15cedc7a9730972b927f01fdf3bc98946ca1b50a,euler,64x64,11299,-0.00023686507483944297,0.0645579684463155,1.0,0,0,0,,,0.4143126069480658
20260123_221112,2026-01-23T22:35:35.050480,15cedc7a9730972b927f01fdf3bc98946ca1b50a,euler,64x64,11399,9.742725524120033e-06,0.06111995729719638,1.0,0,0,0,,,0.414886235184903
20260123_221112,2026-01-23T22:35:37.401588,15cedc7a9730972b927f01fdf3bc98946ca1b50a,euler,64x64,11499,-2.5936138627002947e-05,0.061249625229538654,1.0,0,0,0,,,0.41502751488164213
20260123_221112,2026-01-23T22:35:39.451804,15cedc7a9730972b927f01fdf3bc98946ca1b50a,euler,64x64,11599,9.286153363063931e-05,0.06709828898281557,1.0,0,0,0,,,0.4138430474728796
20260123_221112,2026-01-23T22:35:41.506610,15cedc7a9730972b927f01fdf3bc98946ca1b50a,euler,64x64,11699,0.00017153566295746714,0.06257339972318732,1.0,0,0,0,,,0.4144046632335282
20260123_221112,2026-01-23T22:35:43.571737,15cedc7a9730972b927f01fdf3bc98946ca1b50a,euler,64x64,11799,0.0001728458155412227,0.0650679922265408,1.0,0,0,0,,,0.4142342481032838
20260123_221112,2026-01-23T22:35:45.527877,15cedc7a9730972b927f01fdf3bc98946ca1b50a,euler,64x64,11899,0.00039194911369122565,0.062483495302731173,1.0,0,0,0,,,0.41493553272596595
20260123_221112,2026-01-23T22:35:47.678611,15cedc7a9730972b927f01fdf3bc98946ca1b50a,euler,64x64,11999,-5.346366378944367e-05,0.06209896967775421,1.0,0,0,0,,,0.41482413869743956
20260123_221112,2026-01-23T22:35:49.734270,15cedc7a9730972b927f01fdf3bc98946ca1b50a,euler,64x64,12099,-1.7373182345181704e-05,0.058274440760724244,1.0,0,0,0,,,0.415197024796668
20260123_221112,2026-01-23T22:35:52.167766,15cedc7a9730972b927f01fdf3bc98946ca1b50a,euler,64x64,12199,0.00021298327192198485,0.06843083511907025,1.0,0,0,0,,,0.4134114990744011
20260123_221112,2026-01-23T22:35:54.475910,15cedc7a9730972b927f01fdf3bc98946ca1b50a,euler,64x64,12299,0.00022606358106713742,0.06195892493255087,1.0,0,0,0,,,0.4150939109202001
20260123_221112,2026-01-23T22:35:56.794646,15cedc7a9730972b927f01fdf3bc98946ca1b50a,euler,64x64,12399,0.00017387926345691085,0.07019121680103126,1.0,0,0,0,,,0.41317522508625193
20260123_221112,2026-01-23T22:35:59.111633,15cedc7a9730972b927f01fdf3bc98946ca1b50a,euler,64x64,12499,-2.9403900043689646e-05,0.06612133082773652,1.0,0,0,0,,,0.4143599741770365
20260123_221112,2026-01-23T22:36:01.295327,15cedc7a9730972b927f01fdf3bc98946ca1b50a,euler,64x64,12599,0.00011219485895708203,0.06057921613115468,1.0,0,0,0,,,0.4151675967432801
20260123_221112,2026-01-23T22:36:03.473519,15cedc7a9730972b927f01fdf3bc98946ca1b50a,euler,64x64,12699,1.3202567060943693e-05,0.05893699287029449,1.0,0,0,0,,,0.41536602425864666
20260123_221112,2026-01-23T22:36:05.582729,15cedc7a9730972b927f01fdf3bc98946ca1b50a,euler,64x64,12799,0.00015924182662274688,0.062169237242342204,1.0,0,0,0,,,0.41511657409530767
20260123_221112,2026-01-23T22:36:07.694218,15cedc7a9730972b927f01fdf3bc98946ca1b50a,euler,64x64,12899,0.0002951282949652523,0.06215538907010341,1.0,0,0,0,,,0.4151441098703764
20260123_221112,2026-01-23T22:36:09.759433,15cedc7a9730972b927f01fdf3bc98946ca1b50a,euler,64x64,12999,2.577870327513665e-05,0.060069334953295764,1.0,0,0,0,,,0.41557661179737504
20260123_221112,2026-01-23T22:36:11.947353,15cedc7a9730972b927f01fdf3bc98946ca1b50a,euler,64x64,13099,0.00012649076234083623,0.05994869624861167,1.0,0,0,0,,,0.4157760948240826
20260123_221112,2026-01-23T22:36:14.308627,15cedc7a9730972b927f01fdf3bc98946ca1b50a,euler,64x64,13199,-6.110328831709921e-05,0.06152919242507778,1.0,0,0,0,,,0.41538176932335913
20260123_221112,2026-01-23T22:36:16.471689,15cedc7a9730972b927f01fdf3bc98946ca1b50a,euler,64x64,13299,0.00014451882452704012,0.06359697672334733,1.0,0,0,0,,,0.4148295594560598
20260123_221112,2026-01-23T22:36:18.589673,15cedc7a9730972b927f01fdf3bc98946ca1b50a,euler,64x64,13399,-8.255366265075281e-05,0.06298831405161763,1.0,0,0,0,,,0.41503480487799116
20260123_221112,2026-01-23T22:36:20.707534,15cedc7a9730972b927f01fdf3bc98946ca1b50a,euler,64x64,13499,9.683624375611544e-05,0.06429007247294066,1.0,0,0,0,,,0.4149942315407787
20260123_221112,2026-01-23T22:36:22.926370,15cedc7a9730972b927f01fdf3bc98946ca1b50a,euler,64x64,13599,3.810313137364574e-05,0.0655020589515334,1.0,0,0,0,,,0.41469310179414004
20260123_221112,2026-01-23T22:36:25.155885,15cedc7a9730972b927f01fdf3bc98946ca1b50a,euler,64x64,13699,0.00016663983114995062,0.06266499606063007,1.0,0,0,0,,,0.41526215902604036
20260123_221112,2026-01-23T22:36:27.217074,15cedc7a9730972b927f01fdf3bc98946ca1b50a,euler,64x64,13799,0.00027423424762673676,0.06753955041072914,1.0,0,0,0,,,0.4141371242486366
20260123_221112,2026-01-23T22:36:29.592298,15cedc7a9730972b927f01fdf3bc98946ca1b50a,euler,64x64,13899,7.959940558066592e-05,0.05998264644265874,1.0,0,0,0,,,0.41588924972346675
20260123_221112,2026-01-23T22:36:31.501008,15cedc7a9730972b927f01fdf3bc98946ca1b50a,euler,64x64,13999,-0.0001952974998857826,0.06294860116409837,1.0,0,0,0,,,0.4150749139921175
20260123_221112,2026-01-23T22:36:33.371386,15cedc7a9730972b927f01fdf3bc98946ca1b50a,euler,64x64,14099,0.0004682724829763174,0.05913393189228373,1.0,0,0,0,,,0.4156236168310914
20260123_221112,2026-01-23T22:36:35.314313,15cedc7a9730972b927f01fdf3bc98946ca1b50a,euler,64x64,14199,-7.430528057739139e-06,0.06106395855284063,1.0,0,0,0,,,0.4156272828027395
20260123_221112,2026-01-23T22:36:37.741577,15cedc7a9730972b927f01fdf3bc98946ca1b50a,euler,64x64,14299,0.00024320598458871245,0.06378521873222781,1.0,0,0,0,,,0.41516270524892007
20260123_221112,2026-01-23T22:36:40.175556,15cedc7a9730972b927f01fdf3bc98946ca1b50a,euler,64x64,14399,0.00011350248678354546,0.05233503891387954,1.0,0,0,0,,,0.41674059687211895
20260123_221112,2026-01-23T22:36:42.329542,15cedc7a9730972b927f01fdf3bc98946ca1b50a,euler,64x64,14499,-0.0001948555145645514,0.059284589772869364,1.0,0,0,0,,,0.4161592054316754
20260123_221112,2026-01-23T22:36:44.675083,15cedc7a9730972b927f01fdf3bc98946ca1b50a,euler,64x64,14599,-0.00017008709255605936,0.06094844990293495,1.0,0,0,0,,,0.41585454649393233
20260123_221112,2026-01-23T22:36:46.742105,15cedc7a9730972b927f01fdf3bc98946ca1b50a,euler,64x64,14699,5.674489148077555e-05,0.06060389282763936,1.0,0,0,0,,,0.41581532285810463
20260123_221112,2026-01-23T22:36:49.115827,15cedc7a9730972b927f01fdf3bc98946ca1b50a,euler,64x64,14799,-0.0001648678007768467,0.0566991844320728,1.0,0,0,0,,,0.4165262100052057
20260123_221112,2026-01-23T22:36:51.289487,15cedc7a9730972b927f01fdf3bc98946ca1b50a,euler,64x64,14899,-5.949765909463167e-05,0.06487420935489353,1.0,0,0,0,,,0.41506415310995337
20260123_221112,2026-01-23T22:36:53.643489,15cedc7a9730972b927f01fdf3bc98946ca1b50a,euler,64x64,14999,0.0003013028181158006,0.05936769921623636,1.0,0,0,0,,,0.4159348774591755
20260123_221112,2026-01-23T22:36:55.534965,15cedc7a9730972b927f01fdf3bc98946ca1b50a,euler,64x64,15099,-0.00022003156482242048,0.056629623541521144,1.0,0,0,0,,,0.4165921024453591
20260123_221112,2026-01-23T22:36:57.320619,15cedc7a9730972b927f01fdf3bc98946ca1b50a,euler,64x64,15199,0.0003196305478923023,0.06326655957411276,1.0,0,0,0,,,0.4154629358708891
20260123_221112,2026-01-23T22:36:59.305312,15cedc7a9730972b927f01fdf3bc98946ca1b50a,euler,64x64,15299,5.344714372768067e-05,0.054845574499486245,1.0,0,0,0,,,0.41673672312233645
20260123_221112,2026-01-23T22:37:01.459542,15cedc7a9730972b927f01fdf3bc98946ca1b50a,euler,64x64,15399,0.0004980139783583581,0.05721664855562267,1.0,0,0,0,,,0.41650337641135937
20260123_221112,2026-01-23T22:37:03.333942,15cedc7a9730972b927f01fdf3bc98946ca1b50a,euler,64x64,15499,0.0001108341893996112,0.059524126380856614,1.0,0,0,0,,,0.41629150322364333
20260123_221112,2026-01-23T22:37:05.728523,15cedc7a9730972b927f01fdf3bc98946ca1b50a,euler,64x64,15599,0.00041705495095811784,0.05816331657450064,1.0,0,0,0,,,0.41653759015894987
20260123_221112,2026-01-23T22:37:07.908282,15cedc7a9730972b927f01fdf3bc98946ca1b50a,euler,64x64,15699,-0.0002333792217541486,0.05886002720057149,1.0,0,0,0,,,0.4163196668034721
20260123_221112,2026-01-23T22:37:10.242789,15cedc7a9730972b927f01fdf3bc98946ca1b50a,euler,64x64,15799,0.00012382569548208266,0.05899752827885095,1.0,0,0,0,,,0.41635877381970654
20260123_221112,2026-01-23T22:37:12.320258,15cedc7a9730972b927f01fdf3bc98946ca1b50a,euler,64x64,15899,0.00018182129133492708,0.06516398259584094,1.0,0,0,0,,,0.41500488106766675
20260123_221112,2026-01-23T22:37:14.497541,15cedc7a9730972b927f01fdf3bc98946ca1b50a,euler,64x64,15999,-0.000280536973150447,0.06169822750845924,1.0,0,0,0,,,0.4157239458999119
20260123_221112,2026-01-23T22:37:16.666710,15cedc7a9730972b927f01fdf3bc98946ca1b50a,euler,64x64,16099,-0.0002502392453607172,0.05992004760759301,1.0,0,0,0,,,0.4162867424386868
20260123_221112,2026-01-23T22:37:18.808389,15cedc7a9730972b927f01fdf3bc98946ca1b50a,euler,64x64,16199,0.00017774367006495595,0.05752005455724429,1.0,0,0,0,,,0.41667468775761773
20260123_221112,2026-01-23T22:37:21.222206,15cedc7a9730972b927f01fdf3bc98946ca1b50a,euler,64x64,16299,0.0001046926190610975,0.059096592210116795,1.0,0,0,0,,,0.41645866662959563
20260123_221112,2026-01-23T22:37:23.396856,15cedc7a9730972b927f01fdf3bc98946ca1b50a,euler,64x64,16399,0.00039208889938890934,0.05651578828590573,1.0,0,0,0,,,0.4163881703261705
20260123_221112,2026-01-23T22:37:25.736214,15cedc7a9730972b927f01fdf3bc98946ca1b50a,euler,64x64,16499,-6.717649375787005e-05,0.05531459689125768,1.0,0,0,0,,,0.41665025313806886
20260123_221112,2026-01-23T22:37:27.863687,15cedc7a9730972b927f01fdf3bc98946ca1b50a,euler,64x64,16599,0.00018894039385486394,0.06080742962512886,1.0,0,0,0,,,0.4161262771246204
20260123_221112,2026-01-23T22:37:29.901805,15cedc7a9730972b927f01fdf3bc98946ca1b50a,euler,64x64,16699,6.051357922842726e-05,0.06069067659394932,1.0,0,0,0,,,0.41618683202170315
20260123_221112,2026-01-23T22:37:32.240651,15cedc7a9730972b927f01fdf3bc98946ca1b50a,euler,64x64,16799,0.0005087449098937213,0.05480807867046678,1.0,0,0,0,,,0.41706605726559187
20260123_221112,2026-01-23T22:37:34.585507,15cedc7a9730972b927f01fdf3bc98946ca1b50a,euler,64x64,16899,5.398914436227642e-05,0.06255953447383945,1.0,0,0,0,,,0.41555242333130543
20260123_221112,2026-01-23T22:37:36.730055,15cedc7a9730972b927f01fdf3bc98946ca1b50a,euler,64x64,16999,-0.00010033047146862373,0.05760936901337118,1.0,0,0,0,,,0.4166723955641316
20260123_221112,2026-01-23T22:37:39.061309,15cedc7a9730972b927f01fdf3bc98946ca1b50a,euler,64x64,17099,-2.9664211979252286e-05,0.05830309104378102,1.0,0,0,0,,,0.41649862747756994
20260123_221112,2026-01-23T22:37:41.209636,15cedc7a9730972b927f01fdf3bc98946ca1b50a,euler,64x64,17199,0.00014137174002826214,0.05655662258141092,1.0,0,0,0,,,0.4169389305963913
20260123_221112,2026-01-23T22:37:43.529023,15cedc7a9730972b927f01fdf3bc98946ca1b50a,euler,64x64,17299,3.609554187278263e-05,0.0514309660618892,1.0,0,0,0,,,0.4175547666130724
20260123_221112,2026-01-23T22:37:45.930745,15cedc7a9730972b927f01fdf3bc98946ca1b50a,euler,64x64,17399,0.0002886829315684736,0.0623837622924475,1.0,0,0,0,,,0.4157728443208961
20260123_221112,2026-01-23T22:37:48.196715,15cedc7a9730972b927f01fdf3bc98946ca1b50a,euler,64x64,17499,0.00014144260785542428,0.05182671713730087,1.0,0,0,0,,,0.41738522859491667
20260123_221112,2026-01-23T22:37:50.274724,15cedc7a9730972b927f01fdf3bc98946ca1b50a,euler,64x64,17599,1.0526235200813971e-05,0.062123783458664546,1.0,0,0,0,,,0.4159504212740337
20260123_221112,2026-01-23T22:37:52.569839,15cedc7a9730972b927f01fdf3bc98946ca1b50a,euler,64x64,17699,0.0002088996843667701,0.05856864407513058,1.0,0,0,0,,,0.41654825349176583
20260123_221112,2026-01-23T22:37:54.868362,15cedc7a9730972b927f01fdf3bc98946ca1b50a,euler,64x64,17799,8.53404781082645e-05,0.061852070855529746,1.0,0,0,0,,,0.4159583683674292
20260123_221112,2026-01-23T22:37:57.201392,15cedc7a9730972b927f01fdf3bc98946ca1b50a,euler,64x64,17899,0.0003392806102056056,0.05150147240579827,1.0,0,0,0,,,0.4176190387508958
20260123_221112,2026-01-23T22:37:59.310511,15cedc7a9730972b927f01fdf3bc98946ca1b50a,euler,64x64,17999,-8.790882566245273e-05,0.05662515782387345,1.0,0,0,0,,,0.4169753788409555
20260123_221112,2026-01-23T22:38:01.405362,15cedc7a9730972b927f01fdf3bc98946ca1b50a,euler,64x64,18099,0.0002470633771736175,0.05546778983771219,1.0,0,0,0,,,0.41718313418536923
20260123_221112,2026-01-23T22:38:03.444275,15cedc7a9730972b927f01fdf3bc98946ca1b50a,euler,64x64,18199,0.00022357986017595977,0.05739227777419728,1.0,0,0,0,,,0.4168012300545907
20260123_221112,2026-01-23T22:38:05.775284,15cedc7a9730972b927f01fdf3bc98946ca1b50a,euler,64x64,18299,0.0004087435663677752,0.060851364766422195,1.0,0,0,0,,,0.41626685948144143
20260123_221112,2026-01-23T22:38:08.289301,15cedc7a9730972b927f01fdf3bc98946ca1b50a,euler,64x64,18399,0.00035061119706369936,0.06049890518115717,1.0,0,0,0,,,0.416361119520456
20260123_221112,2026-01-23T22:38:10.406851,15cedc7a9730972b927f01fdf3bc98946ca1b50a,euler,64x64,18499,0.0001565417624078691,0.05940118539219839,1.0,0,0,0,,,0.41630779932883777
20260123_221112,2026-01-23T22:38:12.534914,15cedc7a9730972b927f01fdf3bc98946ca1b50a,euler,64x64,18599,4.0397200791630894e-05,0.053844138852145985,1.0,0,0,0,,,0.4172000916700481
20260123_221112,2026-01-23T22:38:14.722276,15cedc7a9730972b927f01fdf3bc98946ca1b50a,euler,64x64,18699,-0.00019229827739764005,0.05208561713749077,1.0,0,0,0,,,0.41758756541263253
20260123_221112,2026-01-23T22:38:17.406412,15cedc7a9730972b927f01fdf3bc98946ca1b50a,euler,64x64,18799,-4.321324740885757e-05,0.06557084962973021,1.0,0,0,0,,,0.41510050490501726
20260123_221112,2026-01-23T22:38:19.704456,15cedc7a9730972b927f01fdf3bc98946ca1b50a,euler,64x64,18899,0.00018894372624345124,0.05762839128234191,1.0,0,0,0,,,0.41674953975952933
20260123_221112,2026-01-23T22:38:21.750855,15cedc7a9730972b927f01fdf3bc98946ca1b50a,euler,64x64,18999,0.00010680929699447006,0.05925296596731641,1.0,0,0,0,,,0.41648909083362406
20260123_221112,2026-01-23T22:38:23.530465,15cedc7a9730972b927f01fdf3bc98946ca1b50a,euler,64x64,19099,0.00028616725467145443,0.05640216798710753,1.0,0,0,0,,,0.4171352539661604
20260123_221112,2026-01-23T22:38:25.422467,15cedc7a9730972b927f01fdf3bc98946ca1b50a,euler,64x64,19199,-0.00017602530715521425,0.058148633227974644,1.0,0,0,0,,,0.4167953996451701
20260123_221112,2026-01-23T22:38:27.642823,15cedc7a9730972b927f01fdf3bc98946ca1b50a,euler,64x64,19299,7.526712579419836e-06,0.056572531223937406,1.0,0,0,0,,,0.4171825999830878
20260123_221112,2026-01-23T22:38:29.722156,15cedc7a9730972b927f01fdf3bc98946ca1b50a,euler,64x64,19399,0.00011236181308049709,0.05319612997249351,1.0,0,0,0,,,0.41764038510808554
20260123_221112,2026-01-23T22:38:31.819105,15cedc7a9730972b927f01fdf3bc98946ca1b50a,euler,64x64,19499,0.00024125076015479863,0.05855093773585395,1.0,0,0,0,,,0.41674497879418043
20260123_221112,2026-01-23T22:38:33.871724,15cedc7a9730972b927f01fdf3bc98946ca1b50a,euler,64x64,19599,0.00010335947445128113,0.05616333499288885,1.0,0,0,0,,,0.41722821336145166
20260123_221112,2026-01-23T22:38:35.729262,15cedc7a9730972b927f01fdf3bc98946ca1b50a,euler,64x64,19699,6.23880114289932e-05,0.05927547318351571,1.0,0,0,0,,,0.4161890760384339
20260123_221112,2026-01-23T22:38:37.461184,15cedc7a9730972b927f01fdf3bc98946ca1b50a,euler,64x64,19799,-7.048808038234711e-05,0.06567392839933746,1.0,0,0,0,,,0.41517600181460546
20260123_221112,2026-01-23T22:38:39.181107,15cedc7a9730972b927f01fdf3bc98946ca1b50a,euler,64x64,19899,6.33338131592609e-05,0.05720908440300263,1.0,0,0,0,,,0.416990196159411
20260123_221112,2026-01-23T22:38:41.018325,15cedc7a9730972b927f01fdf3bc98946ca1b50a,euler,64x64,19999,0.00026679589063860476,0.053281645086390196,1.0,0,0,0,,,0.41746674795835215
20260123_221112,2026-01-23T22:38:42.869805,15cedc7a9730972b927f01fdf3bc98946ca1b50a,euler,64x64,20099,0.00021335287601687014,0.05278997349072597,1.0,0,0,0,,,0.41727640620060585
20260123_221112,2026-01-23T22:38:44.614261,15cedc7a9730972b927f01fdf3bc98946ca1b50a,euler,64x64,20199,-0.00016259457333944738,0.060329036745388295,1.0,0,0,0,,,0.4164559578242907
20260123_221112,2026-01-23T22:38:46.343163,15cedc7a9730972b927f01fdf3bc98946ca1b50a,euler,64x64,20299,3.7573488953057677e-05,0.05316275229502935,1.0,0,0,0,,,0.41762770702380475
20260123_221112,2026-01-23T22:38:48.482195,15cedc7a9730972b927f01fdf3bc98946ca1b50a,euler,64x64,20399,-3.616317826526938e-06,0.05537797950586537,1.0,0,0,0,,,0.4173475308706706
20260123_221112,2026-01-23T22:38:50.317485,15cedc7a9730972b927f01fdf3bc98946ca1b50a,euler,64x64,20499,0.00014071879559196532,0.05590371586891706,1.0,0,0,0,,,0.4170585131946505
20260123_221112,2026-01-23T22:38:52.083291,15cedc7a9730972b927f01fdf3bc98946ca1b50a,euler,64x64,20599,-4.148685547988862e-05,0.06105911264225142,1.0,0,0,0,,,0.41617249726052985
20260123_221112,2026-01-23T22:38:53.774620,15cedc7a9730972b927f01fdf3bc98946ca1b50a,euler,64x64,20699,-6.8305766035337e-05,0.05879481943775318,1.0,0,0,0,,,0.41668351691774425
20260123_221112,2026-01-23T22:38:55.451627,15cedc7a9730972b927f01fdf3bc98946ca1b50a,euler,64x64,20799,4.917405021842569e-05,0.052209273603366455,1.0,0,0,0,,,0.4177359321001576
20260123_221112,2026-01-23T22:38:57.662279,15cedc7a9730972b927f01fdf3bc98946ca1b50a,euler,64x64,20899,-4.103879109607078e-05,0.05504748182604089,1.0,0,0,0,,,0.41727309562276227
20260123_221112,2026-01-23T22:38:59.460985,15cedc7a9730972b927f01fdf3bc98946ca1b50a,euler,64x64,20999,9.545349166728556e-05,0.04991473226153175,1.0,0,0,0,,,0.41769985045072555
20260123_221112,2026-01-23T22:39:01.446173,15cedc7a9730972b927f01fdf3bc98946ca1b50a,euler,64x64,21099,0.0001606460427865386,0.0573217733069032,1.0,0,0,0,,,0.41709716515012557
20260123_221112,2026-01-23T22:39:03.430370,15cedc7a9730972b927f01fdf3bc98946ca1b50a,euler,64x64,21199,-6.450140790548176e-05,0.05456847479639691,1.0,0,0,0,,,0.4175044763233756
20260123_221112,2026-01-23T22:39:05.622859,15cedc7a9730972b927f01fdf3bc98946ca1b50a,euler,64x64,21299,4.1285777115263045e-05,0.05078108073939802,1.0,0,0,0,,,0.41726623178085387
20260123_221112,2026-01-23T22:39:07.787620,15cedc7a9730972b927f01fdf3bc98946ca1b50a,euler,64x64,21399,4.487198748392984e-05,0.05273738010233501,1.0,0,0,0,,,0.4175640918249339
20260123_221112,2026-01-23T22:39:09.948755,15cedc7a9730972b927f01fdf3bc98946ca1b50a,euler,64x64,21499,-6.231415318325162e-05,0.05683211475945427,1.0,0,0,0,,,0.4171108998155475
20260123_221112,2026-01-23T22:39:12.085983,15cedc7a9730972b927f01fdf3bc98946ca1b50a,euler,64x64,21599,0.0003944550990127027,0.051591439814219486,1.0,0,0,0,,,0.4175668248187411
20260123_221112,2026-01-23T22:39:14.061591,15cedc7a9730972b927f01fdf3bc98946ca1b50a,euler,64x64,21699,0.0001222201535711065,0.05096701786460471,1.0,0,0,0,,,0.4173368373105424
20260123_221112,2026-01-23T22:39:16.039442,15cedc7a9730972b927f01fdf3bc98946ca1b50a,euler,64x64,21799,0.00011909267777809873,0.05463601484385436,1.0,0,0,0,,,0.41765948987539653
20260123_221112,2026-01-23T22:39:18.673460,15cedc7a9730972b927f01fdf3bc98946ca1b50a,euler,64x64,21899,-0.00025574397295713425,0.054131170391192425,1.0,0,0,0,,,0.41748441056305774
20260123_221112,2026-01-23T22:39:20.359855,15cedc7a9730972b927f01fdf3bc98946ca1b50a,euler,64x64,21999,5.088553007226437e-05,0.05162616253262968,1.0,0,0,0,,,0.41767523597500844
20260123_221112,2026-01-23T22:39:22.434897,15cedc7a9730972b927f01fdf3bc98946ca1b50a,euler,64x64,22099,4.543065733741969e-05,0.05436284715993679,1.0,0,0,0,,,0.41771320173587295
20260123_221112,2026-01-23T22:39:24.446837,15cedc7a9730972b927f01fdf3bc98946ca1b50a,euler,64x64,22199,0.00018255150644108653,0.05757461147484719,1.0,0,0,0,,,0.41705521887194563
20260123_221112,2026-01-23T22:39:26.457511,15cedc7a9730972b927f01fdf3bc98946ca1b50a,euler,64x64,22299,5.865285129402764e-05,0.05341424435435329,1.0,0,0,0,,,0.4178003726074221
20260123_221112,2026-01-23T22:39:28.270372,15cedc7a9730972b927f01fdf3bc98946ca1b50a,euler,64x64,22399,-0.00010668807954061776,0.05653058217227226,1.0,0,0,0,,,0.4171329548716733
20260123_221112,2026-01-23T22:39:30.063845,15cedc7a9730972b927f01fdf3bc98946ca1b50a,euler,64x64,22499,-0.00011156880646012723,0.058070646907726765,1.0,0,0,0,,,0.4168326741711231
20260123_221112,2026-01-23T22:39:32.003986,15cedc7a9730972b927f01fdf3bc98946ca1b50a,euler,64x64,22599,0.00014792998263146728,0.04812364712357521,1.0,0,0,0,,,0.4179371595418818
20260123_221112,2026-01-23T22:39:34.065196,15cedc7a9730972b927f01fdf3bc98946ca1b50a,euler,64x64,22699,2.5510656996630132e-05,0.05849476226983825,1.0,0,0,0,,,0.4169875478697766
20260123_221112,2026-01-23T22:39:36.117618,15cedc7a9730972b927f01fdf3bc98946ca1b50a,euler,64x64,22799,-0.00030805403366684914,0.055215115742903435,1.0,0,0,0,,,0.41730180764943176
20260123_221112,2026-01-23T22:39:38.170172,15cedc7a9730972b927f01fdf3bc98946ca1b50a,euler,64x64,22899,0.00010211326298303902,0.0557660339854192,1.0,0,0,0,,,0.4174073915744038
20260123_221112,2026-01-23T22:39:40.218436,15cedc7a9730972b927f01fdf3bc98946ca1b50a,euler,64x64,22999,0.0001610121689736843,0.051501098310545786,1.0,0,0,0,,,0.4177684252596393
20260123_221112,2026-01-23T22:39:42.386041,15cedc7a9730972b927f01fdf3bc98946ca1b50a,euler,64x64,23099,8.83659886312671e-05,0.05663378885568818,1.0,0,0,0,,,0.41728138688977834
20260123_221112,2026-01-23T22:39:44.335524,15cedc7a9730972b927f01fdf3bc98946ca1b50a,euler,64x64,23199,-0.0001533773320261389,0.05326656163961161,1.0,0,0,0,,,0.417608637501623
20260123_221112,2026-01-23T22:39:46.048409,15cedc7a9730972b927f01fdf3bc98946ca1b50a,euler,64x64,23299,4.004802030976862e-05,0.05532003770036681,1.0,0,0,0,,,0.4174846055009954
20260123_221112,2026-01-23T22:39:47.849137,15cedc7a9730972b927f01fdf3bc98946ca1b50a,euler,64x64,23399,0.0001959601358976215,0.05571430228897953,1.0,0,0,0,,,0.4175562152381409
20260123_221112,2026-01-23T22:39:49.647824,15cedc7a9730972b927f01fdf3bc98946ca1b50a,euler,64x64,23499,7.83865834819153e-06,0.05993454102092073,1.0,0,0,0,,,0.41667431957825696
20260123_221112,2026-01-23T22:39:51.447503,15cedc7a9730972b927f01fdf3bc98946ca1b50a,euler,64x64,23599,0.00014179413847159594,0.0579745611580438,1.0,0,0,0,,,0.4170106090392368
20260123_221112,2026-01-23T22:39:53.375901,15cedc7a9730972b927f01fdf3bc98946ca1b50a,euler,64x64,23699,0.00033311700099147856,0.05957523658318678,1.0,0,0,0,,,0.4168791954377323
20260123_221112,2026-01-23T22:39:55.311118,15cedc7a9730972b927f01fdf3bc98946ca1b50a,euler,64x64,23799,0.0002676453732419759,0.055550740465841957,1.0,0,0,0,,,0.41758313064195735
20260123_221112,2026-01-23T22:39:57.248065,15cedc7a9730972b927f01fdf3bc98946ca1b50a,euler,64x64,23899,0.00032230655779130757,0.053436415937467244,1.0,0,0,0,,,0.4176037903594759
20260123_221112,2026-01-23T22:39:59.356997,15cedc7a9730972b927f01fdf3bc98946ca1b50a,euler,64x64,23999,-0.00010294181993231177,0.05115109051737818,1.0,0,0,0,,,0.4180724351857821
20260123_221112,2026-01-23T22:40:01.308201,15cedc7a9730972b927f01fdf3bc98946ca1b50a,euler,64x64,24099,-1.7269644558837172e-06,0.05388843457170878,1.0,0,0,0,,,0.41786069546927923
20260123_221112,2026-01-23T22:40:03.411575,15cedc7a9730972b927f01fdf3bc98946ca1b50a,euler,64x64,24199,0.0002478733076713979,0.06193379311676836,1.0,0,0,0,,,0.4163403982259548
20260123_221112,2026-01-23T22:40:05.245323,15cedc7a9730972b927f01fdf3bc98946ca1b50a,euler,64x64,24299,0.00023501615214627236,0.05338605937256943,1.0,0,0,0,,,0.4180007290788728
20260123_221112,2026-01-23T22:40:07.070488,15cedc7a9730972b927f01fdf3bc98946ca1b50a,euler,64x64,24399,0.00045562718878500164,0.05050969048956176,1.0,0,0,0,,,0.4182038212694903
20260123_221112,2026-01-23T22:40:08.884874,15cedc7a9730972b927f01fdf3bc98946ca1b50a,euler,64x64,24499,0.0002589023788459599,0.05722893068290432,1.0,0,0,0,,,0.4171443395422507
20260123_221112,2026-01-23T22:40:10.574686,15cedc7a9730972b927f01fdf3bc98946ca1b50a,euler,64x64,24599,-7.41711919545196e-05,0.05669757730895071,1.0,0,0,0,,,0.4173614072842293
20260123_221112,2026-01-23T22:40:12.440274,15cedc7a9730972b927f01fdf3bc98946ca1b50a,euler,64x64,24699,6.246848352020606e-05,0.0599993638478918,1.0,0,0,0,,,0.41680847972967394
20260123_221112,2026-01-23T22:40:14.236813,15cedc7a9730972b927f01fdf3bc98946ca1b50a,euler,64x64,24799,6.116351141827181e-05,0.05710619016870624,1.0,0,0,0,,,0.41723052072086275
20260123_221112,2026-01-23T22:40:16.322550,15cedc7a9730972b927f01fdf3bc98946ca1b50a,euler,64x64,24899,0.00014339666813611984,0.056177502775826726,1.0,0,0,0,,,0.41752503795384127
20260123_221112,2026-01-23T22:40:18.853483,15cedc7a9730972b927f01fdf3bc98946ca1b50a,euler,64x64,24999,0.0001410003169439733,0.05137060293578543,1.0,0,0,0,,,0.41810795693181313
20260123_221112,2026-01-23T22:40:20.746832,15cedc7a9730972b927f01fdf3bc98946ca1b50a,euler,64x64,25099,0.00010828008817043155,0.057240656036592556,1.0,0,0,0,,,0.41740653368254543
20260123_221112,2026-01-23T22:40:22.831707,15cedc7a9730972b927f01fdf3bc98946ca1b50a,euler,64x64,25199,0.00015330647875089198,0.046730884503485864,1.0,0,0,0,,,0.4184517439232216
20260123_221112,2026-01-23T22:40:24.787853,15cedc7a9730972b927f01fdf3bc98946ca1b50a,euler,64x64,25299,-7.741895387880504e-05,0.05389940086257411,1.0,0,0,0,,,0.4178448967057428
20260123_221112,2026-01-23T22:40:26.543168,15cedc7a9730972b927f01fdf3bc98946ca1b50a,euler,64x64,25399,0.00010653900972101837,0.05294265985809034,1.0,0,0,0,,,0.4176283707471672
20260123_221112,2026-01-23T22:40:28.557397,15cedc7a9730972b927f01fdf3bc98946ca1b50a,euler,64x64,25499,4.3737141822930425e-05,0.05529757284224615,1.0,0,0,0,,,0.4177030060032567
20260123_221112,2026-01-23T22:40:30.529942,15cedc7a9730972b927f01fdf3bc98946ca1b50a,euler,64x64,25599,1.5472052837139927e-05,0.054677891391183946,1.0,0,0,0,,,0.41787868311565657
20260123_221112,2026-01-23T22:40:32.588756,15cedc7a9730972b927f01fdf3bc98946ca1b50a,euler,64x64,25699,8.835097105475143e-05,0.051739452867914225,1.0,0,0,0,,,0.41820721301424335
20260123_221112,2026-01-23T22:40:34.653119,15cedc7a9730972b927f01fdf3bc98946ca1b50a,euler,64x64,25799,0.00018492815434001386,0.054799983389675615,1.0,0,0,0,,,0.41758934557802846
20260123_221112,2026-01-23T22:40:36.812906,15cedc7a9730972b927f01fdf3bc98946ca1b50a,euler,64x64,25899,-6.176055467221886e-05,0.052728128170710986,1.0,0,0,0,,,0.41817475376631463
20260123_221112,2026-01-23T22:40:38.772525,15cedc7a9730972b927f01fdf3bc98946ca1b50a,euler,64x64,25999,-7.070897845551372e-05,0.05864319577980495,1.0,0,0,0,,,0.41710979714577423
20260123_221112,2026-01-23T22:40:40.847784,15cedc7a9730972b927f01fdf3bc98946ca1b50a,euler,64x64,26099,4.412648195284419e-06,0.05571257641990087,1.0,0,0,0,,,0.4177280008991664
20260123_221112,2026-01-23T22:40:42.748118,15cedc7a9730972b927f01fdf3bc98946ca1b50a,euler,64x64,26199,5.1294809964019805e-05,0.050884398448688445,1.0,0,0,0,,,0.4181275468217325
20260123_221112,2026-01-23T22:40:44.700279,15cedc7a9730972b927f01fdf3bc98946ca1b50a,euler,64x64,26299,-4.2426960135344416e-05,0.052462298131140415,1.0,0,0,0,,,0.4181568854553897
20260123_221112,2026-01-23T22:40:46.603642,15cedc7a9730972b927f01fdf3bc98946ca1b50a,euler,64x64,26399,0.00041678198613226414,0.05570423866593046,1.0,0,0,0,,,0.4177319380319367
20260123_221112,2026-01-23T22:40:48.532530,15cedc7a9730972b927f01fdf3bc98946ca1b50a,euler,64x64,26499,0.00012167492241133004,0.04771557672735071,1.0,0,0,0,,,0.41861316473051385
20260123_221112,2026-01-23T22:40:50.495520,15cedc7a9730972b927f01fdf3bc98946ca1b50a,euler,64x64,26599,0.00020240701269358397,0.05204708308301633,1.0,0,0,0,,,0.41832485861698
20260123_221112,2026-01-23T22:40:52.543100,15cedc7a9730972b927f01fdf3bc98946ca1b50a,euler,64x64,26699,5.816281554871239e-05,0.054014663146081145,1.0,0,0,0,,,0.41807852955364055
20260123_221112,2026-01-23T22:40:54.619103,15cedc7a9730972b927f01fdf3bc98946ca1b50a,euler,64x64,26799,0.00017522294365335256,0.057606972789944845,1.0,0,0,0,,,0.4175022072335027
20260123_221112,2026-01-23T22:40:56.905453,15cedc7a9730972b927f01fdf3bc98946ca1b50a,euler,64x64,26899,-0.0002060752740362659,0.05259463004447753,1.0,0,0,0,,,0.41825397015585164
20260123_221112,2026-01-23T22:40:58.610784,15cedc7a9730972b927f01fdf3bc98946ca1b50a,euler,64x64,26999,0.00016757250705268234,0.05377338959704502,1.0,0,0,0,,,0.4181247333999996
20260123_221112,2026-01-23T22:41:00.333336,15cedc7a9730972b927f01fdf3bc98946ca1b50a,euler,64x64,27099,4.472146611078642e-05,0.05371507438176195,1.0,0,0,0,,,0.41794443802291525
20260123_221112,2026-01-23T22:41:02.084008,15cedc7a9730972b927f01fdf3bc98946ca1b50a,euler,64x64,27199,0.0002816504565998912,0.0470264768160996,1.0,0,0,0,,,0.4186109868781683
20260123_221112,2026-01-23T22:41:03.949745,15cedc7a9730972b927f01fdf3bc98946ca1b50a,euler,64x64,27299,2.2224920030566864e-05,0.04997040518326685,1.0,0,0,0,,,0.4181982936345047
20260123_221112,2026-01-23T22:41:05.701226,15cedc7a9730972b927f01fdf3bc98946ca1b50a,euler,64x64,27399,-0.00021956948330625892,0.05635244953853544,1.0,0,0,0,,,0.417679431944899
20260123_221112,2026-01-23T22:41:07.538574,15cedc7a9730972b927f01fdf3bc98946ca1b50a,euler,64x64,27499,0.00014484270650427788,0.051131201941898324,1.0,0,0,0,,,0.41846202630865736
20260123_221112,2026-01-23T22:41:09.673893,15cedc7a9730972b927f01fdf3bc98946ca1b50a,euler,64x64,27599,5.7813667808659375e-05,0.05026482291315915,1.0,0,0,0,,,0.41845621936776733
20260123_221112,2026-01-23T22:41:11.993592,15cedc7a9730972b927f01fdf3bc98946ca1b50a,euler,64x64,27699,0.0002655314456205815,0.04915905077024945,1.0,0,0,0,,,0.4185632030428008
20260123_221112,2026-01-23T22:41:14.219147,15cedc7a9730972b927f01fdf3bc98946ca1b50a,euler,64x64,27799,0.0001214088624692522,0.052847387419606096,1.0,0,0,0,,,0.4182850264470367
20260123_221112,2026-01-23T22:41:16.415472,15cedc7a9730972b927f01fdf3bc98946ca1b50a,euler,64x64,27899,-0.0002107106411131099,0.05473968517457251,1.0,0,0,0,,,0.41770542941311584
20260123_221112,2026-01-23T22:41:18.968569,15cedc7a9730972b927f01fdf3bc98946ca1b50a,euler,64x64,27999,-2.2614814952248707e-05,0.05107937796798069,1.0,0,0,0,,,0.4181053609007238
20260123_221112,2026-01-23T22:41:20.589069,15cedc7a9730972b927f01fdf3bc98946ca1b50a,euler,64x64,28099,0.0005462461267597973,0.05665676200587768,1.0,0,0,0,,,0.41766583486029984
20260123_221112,2026-01-23T22:41:22.348172,15cedc7a9730972b927f01fdf3bc98946ca1b50a,euler,64x64,28199,3.6956058465875685e-05,0.05643916387722129,1.0,0,0,0,,,0.4177407232675311
20260123_221112,2026-01-23T22:41:23.912416,15cedc7a9730972b927f01fdf3bc98946ca1b50a,euler,64x64,28299,0.00010719787678681314,0.054580159921897575,1.0,0,0,0,,,0.4179316966580612
20260123_221112,2026-01-23T22:41:25.585764,15cedc7a9730972b927f01fdf3bc98946ca1b50a,euler,64x64,28399,-0.00018624970107339323,0.052836432115291244,1.0,0,0,0,,,0.418241109841471
20260123_221112,2026-01-23T22:41:27.473657,15cedc7a9730972b927f01fdf3bc98946ca1b50a,euler,64x64,28499,3.083482806687243e-05,0.05579745541879674,1.0,0,0,0,,,0.41750799464295973
20260123_221112,2026-01-23T22:41:29.160426,15cedc7a9730972b927f01fdf3bc98946ca1b50a,euler,64x64,28599,-0.000230046731303446,0.05493396782025229,1.0,0,0,0,,,0.4179948465962944
20260123_221112,2026-01-23T22:41:31.109618,15cedc7a9730972b927f01fdf3bc98946ca1b50a,euler,64x64,28699,-0.0001109754157369025,0.0550561424526677,1.0,0,0,0,,,0.4178623742896216
20260123_221112,2026-01-23T22:41:33.000755,15cedc7a9730972b927f01fdf3bc98946ca1b50a,euler,64x64,28799,-0.00013455870794132352,0.05208574337419122,1.0,0,0,0,,,0.4181584509832943
20260123_221112,2026-01-23T22:41:34.995231,15cedc7a9730972b927f01fdf3bc98946ca1b50a,euler,64x64,28899,0.00010615433711791411,0.052138936069241026,1.0,0,0,0,,,0.418433286479987
20260123_221112,2026-01-23T22:41:36.629714,15cedc7a9730972b927f01fdf3bc98946ca1b50a,euler,64x64,28999,0.00015575927682220936,0.05237176509632263,1.0,0,0,0,,,0.41824216181966106
20260123_221112,2026-01-23T22:41:38.459277,15cedc7a9730972b927f01fdf3bc98946ca1b50a,euler,64x64,29099,5.7940909755416214e-05,0.05236513190888217,1.0,0,0,0,,,0.4183949512388477
20260123_221112,2026-01-23T22:41:40.297692,15cedc7a9730972b927f01fdf3bc98946ca1b50a,euler,64x64,29199,0.00020220328588038683,0.05514120119070867,1.0,0,0,0,,,0.41798050049648705
20260123_221112,2026-01-23T22:41:41.954812,15cedc7a9730972b927f01fdf3bc98946ca1b50a,euler,64x64,29299,5.405496267485432e-05,0.05220409408386331,1.0,0,0,0,,,0.4183390320895928
20260123_221112,2026-01-23T22:41:43.874849,15cedc7a9730972b927f01fdf3bc98946ca1b50a,euler,64x64,29399,-0.00016586249694228172,0.051950802637584274,1.0,0,0,0,,,0.4183814962225292
20260123_221112,2026-01-23T22:41:45.938915,15cedc7a9730972b927f01fdf3bc98946ca1b50a,euler,64x64,29499,0.0002615509438328445,0.05310575626543141,1.0,0,0,0,,,0.4181890177835057
20260123_221112,2026-01-23T22:41:47.962195,15cedc7a9730972b927f01fdf3bc98946ca1b50a,euler,64x64,29599,0.0003222340310458094,0.05593056335026631,1.0,0,0,0,,,0.4176548795890471
20260123_221112,2026-01-23T22:41:49.700290,15cedc7a9730972b927f01fdf3bc98946ca1b50a,euler,64x64,29699,-6.44255578663433e-06,0.050388504732400176,1.0,0,0,0,,,0.41833820569690894
20260123_221112,2026-01-23T22:41:51.629135,15cedc7a9730972b927f01fdf3bc98946ca1b50a,euler,64x64,29799,0.00015803438145667315,0.05579802253370872,1.0,0,0,0,,,0.4174966445031089
20260123_221112,2026-01-23T22:41:53.462626,15cedc7a9730972b927f01fdf3bc98946ca1b50a,euler,64x64,29899,0.00017902757099363953,0.05451115077332361,1.0,0,0,0,,,0.41787232111084566
20260123_221112,2026-01-23T22:41:55.376140,15cedc7a9730972b927f01fdf3bc98946ca1b50a,euler,64x64,29999,0.00020025938283652067,0.05336118264705874,1.0,0,0,0,,,0.418245322168035
20260123_221112,2026-01-23T22:41:57.411421,15cedc7a9730972b927f01fdf3bc98946ca1b50a,euler,64x64,30099,0.0001987031428143382,0.055322497426677726,1.0,0,0,0,,,0.41798122989405145
20260123_221112,2026-01-23T22:41:59.462379,15cedc7a9730972b927f01fdf3bc98946ca1b50a,euler,64x64,30199,0.0002824146649800241,0.054748695980815686,1.0,0,0,0,,,0.41807713756280507
20260123_221112,2026-01-23T22:42:01.534752,15cedc7a9730972b927f01fdf3bc98946ca1b50a,euler,64x64,30299,8.700026955921203e-05,0.054560275448166065,1.0,0,0,0,,,0.4178638673639021
20260123_221112,2026-01-23T22:42:03.565260,15cedc7a9730972b927f01fdf3bc98946ca1b50a,euler,64x64,30399,0.0004217544919811189,0.05661009334755363,1.0,0,0,0,,,0.4178245889064319
20260123_221112,2026-01-23T22:42:05.365859,15cedc7a9730972b927f01fdf3bc98946ca1b50a,euler,64x64,30499,0.00012652590521611273,0.051885294210806024,1.0,0,0,0,,,0.41829183042335066
20260123_221112,2026-01-23T22:42:07.204012,15cedc7a9730972b927f01fdf3bc98946ca1b50a,euler,64x64,30599,-0.00020225284970365465,0.054826126760744956,1.0,0,0,0,,,0.418090491668626
20260123_221112,2026-01-23T22:42:09.175743,15cedc7a9730972b927f01fdf3bc98946ca1b50a,euler,64x64,30699,0.00012665781832765788,0.050222536225919615,1.0,0,0,0,,,0.4185485899523697
20260123_221112,2026-01-23T22:42:10.842017,15cedc7a9730972b927f01fdf3bc98946ca1b50a,euler,64x64,30799,-9.092942491406575e-05,0.04819134010147536,1.0,0,0,0,,,0.4188736784930999
20260123_221112,2026-01-23T22:42:12.489040,15cedc7a9730972b927f01fdf3bc98946ca1b50a,euler,64x64,30899,0.00025251254555769265,0.048664330244646406,1.0,0,0,0,,,0.41848956156220396
20260123_221112,2026-01-23T22:42:14.660783,15cedc7a9730972b927f01fdf3bc98946ca1b50a,euler,64x64,30999,4.7370420361403376e-05,0.05125326624911395,1.0,0,0,0,,,0.4186656713626945
20260123_221112,2026-01-23T22:42:16.990200,15cedc7a9730972b927f01fdf3bc98946ca1b50a,euler,64x64,31099,0.0001314544933848083,0.05746034655458061,1.0,0,0,0,,,0.4175796348659099
20260123_221112,2026-01-23T22:42:19.137763,15cedc7a9730972b927f01fdf3bc98946ca1b50a,euler,64x64,31199,-0.000153559391037561,0.05271449854117236,1.0,0,0,0,,,0.41845729548174077
20260123_221112,2026-01-23T22:42:20.797337,15cedc7a9730972b927f01fdf3bc98946ca1b50a,euler,64x64,31299,-0.00010021133493864909,0.05350159682086087,1.0,0,0,0,,,0.41836786705351214
20260123_221112,2026-01-23T22:42:22.335244,15cedc7a9730972b927f01fdf3bc98946ca1b50a,euler,64x64,31399,4.4675856770481914e-05,0.05517571304357261,1.0,0,0,0,,,0.4179126689289351
20260123_221112,2026-01-23T22:42:23.862963,15cedc7a9730972b927f01fdf3bc98946ca1b50a,euler,64x64,31499,0.00023313597193919122,0.050041322548204335,1.0,0,0,0,,,0.4187024808933792
20260123_221112,2026-01-23T22:42:25.592119,15cedc7a9730972b927f01fdf3bc98946ca1b50a,euler,64x64,31599,-0.00016849230451043695,0.04796232329550548,1.0,0,0,0,,,0.41871539017770265
20260123_221112,2026-01-23T22:42:27.582484,15cedc7a9730972b927f01fdf3bc98946ca1b50a,euler,64x64,31699,-0.0003802834253292531,0.05367070658932789,1.0,0,0,0,,,0.4182078251937089
20260123_221112,2026-01-23T22:42:29.520270,15cedc7a9730972b927f01fdf3bc98946ca1b50a,euler,64x64,31799,-6.556517473654822e-05,0.04867460394554655,1.0,0,0,0,,,0.41876545174117785
20260123_221112,2026-01-23T22:42:31.480053,15cedc7a9730972b927f01fdf3bc98946ca1b50a,euler,64x64,31899,2.4246506654890254e-05,0.04912879417286604,1.0,0,0,0,,,0.4188103987667574
20260123_221112,2026-01-23T22:42:33.663806,15cedc7a9730972b927f01fdf3bc98946ca1b50a,euler,64x64,31999,-0.00013954789028503,0.049055197197158125,1.0,0,0,0,,,0.41869624884329226
20260123_221112,2026-01-23T22:42:35.523530,15cedc7a9730972b927f01fdf3bc98946ca1b50a,euler,64x64,32099,0.0001390594698023051,0.052699836109968604,1.0,0,0,0,,,0.41815799344431737
20260123_221112,2026-01-23T22:42:37.531937,15cedc7a9730972b927f01fdf3bc98946ca1b50a,euler,64x64,32199,-6.326775474008173e-05,0.05258557764245779,1.0,0,0,0,,,0.4184752076504348
20260123_221112,2026-01-23T22:42:39.552221,15cedc7a9730972b927f01fdf3bc98946ca1b50a,euler,64x64,32299,0.00031398676219396293,0.053300290464394495,1.0,0,0,0,,,0.41833875357138073
20260123_221112,2026-01-23T22:42:41.428078,15cedc7a9730972b927f01fdf3bc98946ca1b50a,euler,64x64,32399,-5.3204821597319096e-05,0.05518965748444316,1.0,0,0,0,,,0.41802926230960513
20260123_221112,2026-01-23T22:42:43.263083,15cedc7a9730972b927f01fdf3bc98946ca1b50a,euler,64x64,32499,0.0002702529891394079,0.049044651929289106,1.0,0,0,0,,,0.4188294523987743
20260123_221112,2026-01-23T22:42:45.323996,15cedc7a9730972b927f01fdf3bc98946ca1b50a,euler,64x64,32599,-7.932861626613885e-05,0.04688357219361933,1.0,0,0,0,,,0.418732892282794
20260123_221112,2026-01-23T22:42:47.223136,15cedc7a9730972b927f01fdf3bc98946ca1b50a,euler,64x64,32699,-6.628739356528968e-05,0.053791120334353765,1.0,0,0,0,,,0.41831190667797746
20260123_221112,2026-01-23T22:42:49.123327,15cedc7a9730972b927f01fdf3bc98946ca1b50a,euler,64x64,32799,0.00014515631482936442,0.05093483313292382,1.0,0,0,0,,,0.41871931993289957
20260123_221112,2026-01-23T22:42:50.972307,15cedc7a9730972b927f01fdf3bc98946ca1b50a,euler,64x64,32899,2.3386806788039394e-05,0.048951983165898126,1.0,0,0,0,,,0.41876204412051815
20260123_221112,2026-01-23T22:42:52.850945,15cedc7a9730972b927f01fdf3bc98946ca1b50a,euler,64x64,32999,0.00021335786732379347,0.050441438388807,1.0,0,0,0,,,0.41864992167012405
20260123_221112,2026-01-23T22:42:54.895906,15cedc7a9730972b927f01fdf3bc98946ca1b50a,euler,64x64,33099,-6.045811824151315e-05,0.053884291214635595,1.0,0,0,0,,,0.4179515413891679
20260123_221112,2026-01-23T22:42:56.712265,15cedc7a9730972b927f01fdf3bc98946ca1b50a,euler,64x64,33199,0.00013544988178182393,0.05113283272803528,1.0,0,0,0,,,0.4187174379922064
20260123_221112,2026-01-23T22:42:58.520058,15cedc7a9730972b927f01fdf3bc98946ca1b50a,euler,64x64,33299,1.9299979612696916e-05,0.05074346661975142,1.0,0,0,0,,,0.41868065513051644
20260123_221112,2026-01-23T22:43:00.316930,15cedc7a9730972b927f01fdf3bc98946ca1b50a,euler,64x64,33399,3.093127816100605e-07,0.049784196685650386,1.0,0,0,0,,,0.41876787535524196
20260123_221112,2026-01-23T22:43:02.338651,15cedc7a9730972b927f01fdf3bc98946ca1b50a,euler,64x64,33499,0.00027736989432014525,0.05345211793261115,1.0,0,0,0,,,0.418278737047561
20260123_221112,2026-01-23T22:43:04.330896,15cedc7a9730972b927f01fdf3bc98946ca1b50a,euler,64x64,33599,0.0001457575272070244,0.05124260894604959,1.0,0,0,0,,,0.4186663619503267
20260123_221112,2026-01-23T22:43:06.131842,15cedc7a9730972b927f01fdf3bc98946ca1b50a,euler,64x64,33699,0.00015133329725358635,0.05398667635890888,1.0,0,0,0,,,0.4182972867555172
20260123_221112,2026-01-23T22:43:08.066533,15cedc7a9730972b927f01fdf3bc98946ca1b50a,euler,64x64,33799,-5.535584932658821e-07,0.053745470427529654,1.0,0,0,0,,,0.41834415967070776
20260123_221112,2026-01-23T22:43:10.012803,15cedc7a9730972b927f01fdf3bc98946ca1b50a,euler,64x64,33899,0.00021619038307107985,0.05056235460739117,1.0,0,0,0,,,0.4186467418509827
20260123_221112,2026-01-23T22:43:12.015586,15cedc7a9730972b927f01fdf3bc98946ca1b50a,euler,64x64,33999,4.681337304646149e-05,0.047816628463333476,1.0,0,0,0,,,0.4187070371440679
20260123_221112,2026-01-23T22:43:13.977721,15cedc7a9730972b927f01fdf3bc98946ca1b50a,euler,64x64,34099,-2.691728514037095e-05,0.04549821667198557,1.0,0,0,0,,,0.4188778099010182
20260123_221112,2026-01-23T22:43:15.847108,15cedc7a9730972b927f01fdf3bc98946ca1b50a,euler,64x64,34199,0.0001381333713652566,0.05670916052593384,1.0,0,0,0,,,0.4177194803071179
20260123_221112,2026-01-23T22:43:18.350698,15cedc7a9730972b927f01fdf3bc98946ca1b50a,euler,64x64,34299,-0.00013246809248812497,0.05678339935504482,1.0,0,0,0,,,0.41776334171150176
20260123_221112,2026-01-23T22:43:20.102291,15cedc7a9730972b927f01fdf3bc98946ca1b50a,euler,64x64,34399,-0.00012335527571849525,0.05375569054071093,1.0,0,0,0,,,0.41830974719681724
20260123_221112,2026-01-23T22:43:21.927398,15cedc7a9730972b927f01fdf3bc98946ca1b50a,euler,64x64,34499,-0.0002140312280971557,0.05599459201272111,1.0,0,0,0,,,0.41788154148135415
20260123_221112,2026-01-23T22:43:23.719105,15cedc7a9730972b927f01fdf3bc98946ca1b50a,euler,64x64,34599,1.6581285308348015e-05,0.05636653896828648,1.0,0,0,0,,,0.4178910432877325
20260123_221112,2026-01-23T22:43:25.384341,15cedc7a9730972b927f01fdf3bc98946ca1b50a,euler,64x64,34699,3.6288740375312045e-05,0.05465318048518384,1.0,0,0,0,,,0.4182065161116977
20260123_221112,2026-01-23T22:43:27.073060,15cedc7a9730972b927f01fdf3bc98946ca1b50a,euler,64x64,34799,0.00016483294893987477,0.057656710057344754,1.0,0,0,0,,,0.41770580381835287
20260123_221112,2026-01-23T22:43:28.751127,15cedc7a9730972b927f01fdf3bc98946ca1b50a,euler,64x64,34899,-6.404011946870014e-05,0.05216034726297949,1.0,0,0,0,,,0.4186326187879317
20260123_221112,2026-01-23T22:43:31.511814,15cedc7a9730972b927f01fdf3bc98946ca1b50a,euler,64x64,34999,0.00010389953968115151,0.05183157860257779,1.0,0,0,0,,,0.41862042611005706
20260123_221112,2026-01-23T22:43:33.469552,15cedc7a9730972b927f01fdf3bc98946ca1b50a,euler,64x64,35099,2.1787996956845745e-05,0.05181784453161527,1.0,0,0,0,,,0.4185999905120654
20260123_221112,2026-01-23T22:43:35.312035,15cedc7a9730972b927f01fdf3bc98946ca1b50a,euler,64x64,35199,-0.0001114395126933232,0.05289889538456918,1.0,0,0,0,,,0.4185168273328491
20260123_221112,2026-01-23T22:43:37.004302,15cedc7a9730972b927f01fdf3bc98946ca1b50a,euler,64x64,35299,0.0001994931953959167,0.057939649939362424,1.0,0,0,0,,,0.4175474015293799
20260123_221112,2026-01-23T22:43:39.006487,15cedc7a9730972b927f01fdf3bc98946ca1b50a,euler,64x64,35399,3.136452869512141e-05,0.05213002236880129,1.0,0,0,0,,,0.418342349766494
20260123_221112,2026-01-23T22:43:41.018015,15cedc7a9730972b927f01fdf3bc98946ca1b50a,euler,64x64,35499,0.00027077278355136514,0.054907388301071475,1.0,0,0,0,,,0.41804420827911193
20260123_221112,2026-01-23T22:43:42.929524,15cedc7a9730972b927f01fdf3bc98946ca1b50a,euler,64x64,35599,6.103942723711953e-05,0.05076059072365752,1.0,0,0,0,,,0.4188778007839845
20260123_221112,2026-01-23T22:43:44.672233,15cedc7a9730972b927f01fdf3bc98946ca1b50a,euler,64x64,35699,-6.664573447778821e-05,0.054001764896820535,1.0,0,0,0,,,0.41836229431344013
20260123_221112,2026-01-23T22:43:46.388603,15cedc7a9730972b927f01fdf3bc98946ca1b50a,euler,64x64,35799,-0.00011518750397954136,0.0503008148430672,1.0,0,0,0,,,0.4188140454731504
20260123_221112,2026-01-23T22:43:48.228482,15cedc7a9730972b927f01fdf3bc98946ca1b50a,euler,64x64,35899,0.00019142395467497408,0.05035636316199089,1.0,0,0,0,,,0.4188078766079656
20260123_221112,2026-01-23T22:43:50.065802,15cedc7a9730972b927f01fdf3bc98946ca1b50a,euler,64x64,35999,0.00015727239951957017,0.046209783118247284,1.0,0,0,0,,,0.4192309084462138
20260123_221112,2026-01-23T22:43:51.963984,15cedc7a9730972b927f01fdf3bc98946ca1b50a,euler,64x64,36099,-0.00022126894327811897,0.05659373748101643,1.0,0,0,0,,,0.4178687506781705
20260123_221112,2026-01-23T22:43:53.733504,15cedc7a9730972b927f01fdf3bc98946ca1b50a,euler,64x64,36199,-0.00015411600179504603,0.05376718592786347,1.0,0,0,0,,,0.41841214930433235
20260123_221112,2026-01-23T22:43:55.430624,15cedc7a9730972b927f01fdf3bc98946ca1b50a,euler,64x64,36299,-2.0189232600387186e-05,0.05139193656170391,1.0,0,0,0,,,0.4187486059959995
20260123_221112,2026-01-23T22:43:57.478004,15cedc7a9730972b927f01fdf3bc98946ca1b50a,euler,64x64,36399,4.184944191365503e-05,0.04930345019703964,1.0,0,0,0,,,0.4188557481174956
20260123_221112,2026-01-23T22:43:59.318864,15cedc7a9730972b927f01fdf3bc98946ca1b50a,euler,64x64,36499,0.00022102690127212554,0.047541365991346535,1.0,0,0,0,,,0.4188803491055768
20260123_221112,2026-01-23T22:44:01.213994,15cedc7a9730972b927f01fdf3bc98946ca1b50a,euler,64x64,36599,0.00019548616546671838,0.05512688670278294,1.0,0,0,0,,,0.41809979429943067
20260123_221112,2026-01-23T22:44:03.120688,15cedc7a9730972b927f01fdf3bc98946ca1b50a,euler,64x64,36699,3.0029636036488228e-05,0.05360043371736538,1.0,0,0,0,,,0.4182996476705177
20260123_221112,2026-01-23T22:44:05.266390,15cedc7a9730972b927f01fdf3bc98946ca1b50a,euler,64x64,36799,-0.00012913098908029497,0.062144091514055616,1.0,0,0,0,,,0.4164399399424477
20260123_221112,2026-01-23T22:44:06.969442,15cedc7a9730972b927f01fdf3bc98946ca1b50a,euler,64x64,36899,0.00023993608192540705,0.04970593569902121,1.0,0,0,0,,,0.41872167267649485
20260123_221112,2026-01-23T22:44:08.939629,15cedc7a9730972b927f01fdf3bc98946ca1b50a,euler,64x64,36999,0.00017354819283355027,0.050441849800990896,1.0,0,0,0,,,0.4188378240511842
20260123_221112,2026-01-23T22:44:10.910468,15cedc7a9730972b927f01fdf3bc98946ca1b50a,euler,64x64,37099,0.0003110393008682877,0.04977724593016319,1.0,0,0,0,,,0.41889125414711964
20260123_221112,2026-01-23T22:44:13.006799,15cedc7a9730972b927f01fdf3bc98946ca1b50a,euler,64x64,37199,-2.197403046011459e-05,0.05518517047006753,1.0,0,0,0,,,0.41821364747785095
20260123_221112,2026-01-23T22:44:14.938394,15cedc7a9730972b927f01fdf3bc98946ca1b50a,euler,64x64,37299,0.00013709619815927,0.04972743788384833,1.0,0,0,0,,,0.41888821180003805
20260123_221112,2026-01-23T22:44:17.156630,15cedc7a9730972b927f01fdf3bc98946ca1b50a,euler,64x64,37399,4.074145181220956e-05,0.05132323691912461,1.0,0,0,0,,,0.4187528885040198
20260123_221112,2026-01-23T22:44:19.419382,15cedc7a9730972b927f01fdf3bc98946ca1b50a,euler,64x64,37499,-0.00017562024004291743,0.04736945050317445,1.0,0,0,0,,,0.41899037599676336
20260123_221112,2026-01-23T22:44:21.134872,15cedc7a9730972b927f01fdf3bc98946ca1b50a,euler,64x64,37599,9.412728832103312e-05,0.05047882015016512,1.0,0,0,0,,,0.418909180017918
20260123_221112,2026-01-23T22:44:22.934249,15cedc7a9730972b927f01fdf3bc98946ca1b50a,euler,64x64,37699,0.0005545724416151643,0.0522509199794149,1.0,0,0,0,,,0.4185424307365308
20260123_221112,2026-01-23T22:44:24.726922,15cedc7a9730972b927f01fdf3bc98946ca1b50a,euler,64x64,37799,1.2513744877651334e-05,0.051291761292231966,1.0,0,0,0,,,0.41868260655113204
20260123_221112,2026-01-23T22:44:26.384600,15cedc7a9730972b927f01fdf3bc98946ca1b50a,euler,64x64,37899,7.900932541815564e-05,0.045874930595746266,1.0,0,0,0,,,0.419128164027874
20260123_221112,2026-01-23T22:44:28.136311,15cedc7a9730972b927f01fdf3bc98946ca1b50a,euler,64x64,37999,0.0002054071956081316,0.05236925398014137,1.0,0,0,0,,,0.4186286751683467
20260123_221112,2026-01-23T22:44:30.144470,15cedc7a9730972b927f01fdf3bc98946ca1b50a,euler,64x64,38099,-8.539501141058281e-05,0.0506413942699146,1.0,0,0,0,,,0.41865339511587574
20260123_221112,2026-01-23T22:44:31.790993,15cedc7a9730972b927f01fdf3bc98946ca1b50a,euler,64x64,38199,0.0006407044711522758,0.04685738469677744,1.0,0,0,0,,,0.41895203087863797
20260123_221112,2026-01-23T22:44:33.513149,15cedc7a9730972b927f01fdf3bc98946ca1b50a,euler,64x64,38299,0.00012531042739283293,0.057580441759782844,1.0,0,0,0,,,0.417693800626579
20260123_221112,2026-01-23T22:44:35.229717,15cedc7a9730972b927f01fdf3bc98946ca1b50a,euler,64x64,38399,0.00012056111881975085,0.05302199742582161,1.0,0,0,0,,,0.4185011512185862
20260123_221112,2026-01-23T22:44:37.019684,15cedc7a9730972b927f01fdf3bc98946ca1b50a,euler,64x64,38499,0.00019868423987645656,0.04928155914720264,1.0,0,0,0,,,0.4190775991556806
20260123_221112,2026-01-23T22:44:38.668612,15cedc7a9730972b927f01fdf3bc98946ca1b50a,euler,64x64,38599,9.724817209644243e-05,0.0480695664526138,1.0,0,0,0,,,0.41907186960668885
20260123_221112,2026-01-23T22:44:40.369252,15cedc7a9730972b927f01fdf3bc98946ca1b50a,euler,64x64,38699,-0.00012561898620333523,0.05368178425822407,1.0,0,0,0,,,0.4184529295456155
20260123_221112,2026-01-23T22:44:42.108390,15cedc7a9730972b927f01fdf3bc98946ca1b50a,euler,64x64,38799,0.00030561970197595656,0.052065698463993615,1.0,0,0,0,,,0.4187207847315536
20260123_221112,2026-01-23T22:44:43.901726,15cedc7a9730972b927f01fdf3bc98946ca1b50a,euler,64x64,38899,0.0001594288187334314,0.05155146160526783,1.0,0,0,0,,,0.418616359150741
20260123_221112,2026-01-23T22:44:45.958987,15cedc7a9730972b927f01fdf3bc98946ca1b50a,euler,64x64,38999,2.2534668460139073e-05,0.05114505710458616,1.0,0,0,0,,,0.41886557341658026
20260123_221112,2026-01-23T22:44:47.882372,15cedc7a9730972b927f01fdf3bc98946ca1b50a,euler,64x64,39099,-0.0001261249417439103,0.05293351162385079,1.0,0,0,0,,,0.4185339408612472
20260123_221112,2026-01-23T22:44:49.507877,15cedc7a9730972b927f01fdf3bc98946ca1b50a,euler,64x64,39199,0.0005865064449608326,0.049567902803173636,1.0,0,0,0,,,0.41906312466805384
20260123_221112,2026-01-23T22:44:51.396460,15cedc7a9730972b927f01fdf3bc98946ca1b50a,euler,64x64,39299,-0.0003245198167860508,0.05081965022371151,1.0,0,0,0,,,0.4188952948104899
20260123_221112,2026-01-23T22:44:53.039869,15cedc7a9730972b927f01fdf3bc98946ca1b50a,euler,64x64,39399,7.603413541801274e-05,0.050378172480122885,1.0,0,0,0,,,0.4188341854177661
20260123_221112,2026-01-23T22:44:55.019437,15cedc7a9730972b927f01fdf3bc98946ca1b50a,euler,64x64,39499,-0.0002601094311103225,0.052656484077015196,1.0,0,0,0,,,0.41859751893093716
20260123_221112,2026-01-23T22:44:56.824786,15cedc7a9730972b927f01fdf3bc98946ca1b50a,euler,64x64,39599,7.5421685323817655e-06,0.052147240571066504,1.0,0,0,0,,,0.4183914246721201
20260123_221112,2026-01-23T22:44:58.497413,15cedc7a9730972b927f01fdf3bc98946ca1b50a,euler,64x64,39699,-0.00013745641626883298,0.05119466590273078,1.0,0,0,0,,,0.418741468564936
20260123_221112,2026-01-23T22:45:00.253464,15cedc7a9730972b927f01fdf3bc98946ca1b50a,euler,64x64,39799,0.00012326554860919714,0.05739773397654062,1.0,0,0,0,,,0.417591060005175
20260123_221112,2026-01-23T22:45:02.142447,15cedc7a9730972b927f01fdf3bc98946ca1b50a,euler,64x64,39899,-0.0001874277222668752,0.050027759740769395,1.0,0,0,0,,,0.4190123897085465
20260123_221112,2026-01-23T22:45:03.940281,15cedc7a9730972b927f01fdf3bc98946ca1b50a,euler,64x64,39999,0.00022244025603868067,0.05012636324347113,1.0,0,0,0,,,0.41896272507063326
20260123_221112,2026-01-23T22:45:06.004894,15cedc7a9730972b927f01fdf3bc98946ca1b50a,euler,64x64,40099,1.5053119568619877e-06,0.04955795710651728,1.0,0,0,0,,,0.41891063741916257
20260123_221112,2026-01-23T22:45:08.087860,15cedc7a9730972b927f01fdf3bc98946ca1b50a,euler,64x64,40199,6.923249748069793e-05,0.050352857761754424,1.0,0,0,0,,,0.4189381348183405
20260123_221112,2026-01-23T22:45:10.157549,15cedc7a9730972b927f01fdf3bc98946ca1b50a,euler,64x64,40299,0.0003330167382955551,0.05119988755293889,1.0,0,0,0,,,0.41884676947826127
20260123_221112,2026-01-23T22:45:11.950702,15cedc7a9730972b927f01fdf3bc98946ca1b50a,euler,64x64,40399,-2.094941919494886e-06,0.05293235361183179,1.0,0,0,0,,,0.41854924321829057
20260123_221112,2026-01-23T22:45:13.929844,15cedc7a9730972b927f01fdf3bc98946ca1b50a,euler,64x64,40499,0.0001143432964454405,0.05011940411073738,1.0,0,0,0,,,0.41872025260418
20260123_221112,2026-01-23T22:45:15.728533,15cedc7a9730972b927f01fdf3bc98946ca1b50a,euler,64x64,40599,-5.07547301822342e-05,0.05351417038749787,1.0,0,0,0,,,0.41849114917330094
20260123_221112,2026-01-23T22:45:18.275027,15cedc7a9730972b927f01fdf3bc98946ca1b50a,euler,64x64,40699,0.00013715897512156516,0.05488940821989672,1.0,0,0,0,,,0.41830467823578243
20260123_221112,2026-01-23T22:45:20.164323,15cedc7a9730972b927f01fdf3bc98946ca1b50a,euler,64x64,40799,-4.4949691073270515e-05,0.04843654020616668,1.0,0,0,0,,,0.4189897565815097
20260123_221112,2026-01-23T22:45:21.848797,15cedc7a9730972b927f01fdf3bc98946ca1b50a,euler,64x64,40899,0.00030736011103726923,0.05231576196252718,1.0,0,0,0,,,0.41851490214648646
20260123_221112,2026-01-23T22:45:23.516008,15cedc7a9730972b927f01fdf3bc98946ca1b50a,euler,64x64,40999,0.00014254325651563704,0.0506277320063964,1.0,0,0,0,,,0.4187265103389921
20260123_221112,2026-01-23T22:45:25.331495,15cedc7a9730972b927f01fdf3bc98946ca1b50a,euler,64x64,41099,-7.942759111756459e-06,0.051569300719784224,1.0,0,0,0,,,0.41882142342320716
20260123_221112,2026-01-23T22:45:27.173110,15cedc7a9730972b927f01fdf3bc98946ca1b50a,euler,64x64,41199,-2.0692243197117932e-05,0.05203005274815951,1.0,0,0,0,,,0.4185125610331706
20260123_221112,2026-01-23T22:45:28.774109,15cedc7a9730972b927f01fdf3bc98946ca1b50a,euler,64x64,41299,5.559754936257377e-05,0.05564585302374326,1.0,0,0,0,,,0.41809620220643695
20260123_221112,2026-01-23T22:45:30.503653,15cedc7a9730972b927f01fdf3bc98946ca1b50a,euler,64x64,41399,-2.321127976756543e-05,0.0517051272286335,1.0,0,0,0,,,0.41876106372862965
20260123_221112,2026-01-23T22:45:32.344450,15cedc7a9730972b927f01fdf3bc98946ca1b50a,euler,64x64,41499,-0.00022398115834221244,0.0526405606319895,1.0,0,0,0,,,0.418612510515802
20260123_221112,2026-01-23T22:45:34.294828,15cedc7a9730972b927f01fdf3bc98946ca1b50a,euler,64x64,41599,0.00017002953973133117,0.05083484156479244,1.0,0,0,0,,,0.41889690069192503
20260123_221112,2026-01-23T22:45:36.200759,15cedc7a9730972b927f01fdf3bc98946ca1b50a,euler,64x64,41699,0.00013234865036793053,0.05066898650504299,1.0,0,0,0,,,0.4188882086698731
20260123_221112,2026-01-23T22:45:38.013564,15cedc7a9730972b927f01fdf3bc98946ca1b50a,euler,64x64,41799,-6.597621541004628e-05,0.04897716118990502,1.0,0,0,0,,,0.4190250975184177
20260123_221112,2026-01-23T22:45:39.809040,15cedc7a9730972b927f01fdf3bc98946ca1b50a,euler,64x64,41899,6.162781937746331e-05,0.04844566607898741,1.0,0,0,0,,,0.4190424090665712
20260123_221112,2026-01-23T22:45:41.602663,15cedc7a9730972b927f01fdf3bc98946ca1b50a,euler,64x64,41999,5.242539191385731e-05,0.057445832997982504,1.0,0,0,0,,,0.41776765252995085
20260123_221112,2026-01-23T22:45:43.560991,15cedc7a9730972b927f01fdf3bc98946ca1b50a,euler,64x64,42099,-5.3022067731944844e-05,0.05616241173644085,1.0,0,0,0,,,0.41783401962725714
20260123_221112,2026-01-23T22:45:45.615474,15cedc7a9730972b927f01fdf3bc98946ca1b50a,euler,64x64,42199,1.8544817066867836e-05,0.05467834093113197,1.0,0,0,0,,,0.4183674736668276
20260123_221112,2026-01-23T22:45:47.859038,15cedc7a9730972b927f01fdf3bc98946ca1b50a,euler,64x64,42299,-0.0001247368927579373,0.050472822169249414,1.0,0,0,0,,,0.41886132262180126
20260123_221112,2026-01-23T22:45:49.491049,15cedc7a9730972b927f01fdf3bc98946ca1b50a,euler,64x64,42399,-4.426555096870288e-05,0.05604895106451295,1.0,0,0,0,,,0.418050035607883
20260123_221112,2026-01-23T22:45:51.438553,15cedc7a9730972b927f01fdf3bc98946ca1b50a,euler,64x64,42499,7.607307634316385e-05,0.05156711006333353,1.0,0,0,0,,,0.4188739769929299
20260123_221112,2026-01-23T22:45:53.480458,15cedc7a9730972b927f01fdf3bc98946ca1b50a,euler,64x64,42599,-0.00024895890965126455,0.05238180495449342,1.0,0,0,0,,,0.41865436214736385
20260123_221112,2026-01-23T22:45:55.513611,15cedc7a9730972b927f01fdf3bc98946ca1b50a,euler,64x64,42699,7.096815534168854e-05,0.04891899102534808,1.0,0,0,0,,,0.4188326182721045
20260123_221112,2026-01-23T22:45:57.442897,15cedc7a9730972b927f01fdf3bc98946ca1b50a,euler,64x64,42799,0.00011493817146401852,0.05028060679447663,1.0,0,0,0,,,0.41892952985566045
20260123_221112,2026-01-23T22:45:59.473723,15cedc7a9730972b927f01fdf3bc98946ca1b50a,euler,64x64,42899,2.2610935047850944e-05,0.05031821254393435,1.0,0,0,0,,,0.41882619538268145
20260123_221112,2026-01-23T22:46:01.419951,15cedc7a9730972b927f01fdf3bc98946ca1b50a,euler,64x64,42999,-8.966259338194504e-05,0.050263078300558844,1.0,0,0,0,,,0.41880398800717394
20260123_221112,2026-01-23T22:46:03.365085,15cedc7a9730972b927f01fdf3bc98946ca1b50a,euler,64x64,43099,7.877402822487056e-06,0.05422773699283425,1.0,0,0,0,,,0.4184285053424187
20260123_221112,2026-01-23T22:46:05.296847,15cedc7a9730972b927f01fdf3bc98946ca1b50a,euler,64x64,43199,-1.7520784240332432e-05,0.052992943844146795,1.0,0,0,0,,,0.41839095936593074
20260123_221112,2026-01-23T22:46:07.297463,15cedc7a9730972b927f01fdf3bc98946ca1b50a,euler,64x64,43299,0.0002780073555186391,0.052902452785056085,1.0,0,0,0,,,0.4186499064698226
20260123_221112,2026-01-23T22:46:09.000911,15cedc7a9730972b927f01fdf3bc98946ca1b50a,euler,64x64,43399,-4.075981996720657e-05,0.05088171894523839,1.0,0,0,0,,,0.4189195228277375
20260123_221112,2026-01-23T22:46:10.859423,15cedc7a9730972b927f01fdf3bc98946ca1b50a,euler,64x64,43499,-0.0001750238734530285,0.05542212114087306,1.0,0,0,0,,,0.4180075733235171
20260123_221112,2026-01-23T22:46:12.820671,15cedc7a9730972b927f01fdf3bc98946ca1b50a,euler,64x64,43599,0.00010048627882497385,0.05090173491436872,1.0,0,0,0,,,0.4188672018159819
20260123_221112,2026-01-23T22:46:14.885380,15cedc7a9730972b927f01fdf3bc98946ca1b50a,euler,64x64,43699,-0.0001162876287708059,0.05306540692508861,1.0,0,0,0,,,0.4186371033565929
20260123_221112,2026-01-23T22:46:17.033415,15cedc7a9730972b927f01fdf3bc98946ca1b50a,euler,64x64,43799,9.048758329299744e-07,0.0500360583300062,1.0,0,0,0,,,0.419057282558319
20260123_221112,2026-01-23T22:46:18.878182,15cedc7a9730972b927f01fdf3bc98946ca1b50a,euler,64x64,43899,7.400671893265098e-05,0.057949089581888984,1.0,0,0,0,,,0.4176955752922557
20260123_221112,2026-01-23T22:46:20.495548,15cedc7a9730972b927f01fdf3bc98946ca1b50a,euler,64x64,43999,4.3503987399162725e-05,0.049736693542072316,1.0,0,0,0,,,0.41875562477678446
20260123_221112,2026-01-23T22:46:22.243978,15cedc7a9730972b927f01fdf3bc98946ca1b50a,euler,64x64,44099,0.0002701553166843951,0.04805812139886257,1.0,0,0,0,,,0.41912406808481617
20260123_221112,2026-01-23T22:46:23.985751,15cedc7a9730972b927f01fdf3bc98946ca1b50a,euler,64x64,44199,0.00021706381812691689,0.054756027686671586,1.0,0,0,0,,,0.41819569692054287
20260123_221112,2026-01-23T22:46:25.645743,15cedc7a9730972b927f01fdf3bc98946ca1b50a,euler,64x64,44299,9.562152263242751e-05,0.05565865760174347,1.0,0,0,0,,,0.4181861251124862
20260123_221112,2026-01-23T22:46:27.618652,15cedc7a9730972b927f01fdf3bc98946ca1b50a,euler,64x64,44399,-0.00010386764188297093,0.049204410175661906,1.0,0,0,0,,,0.41881571575940824
20260123_221112,2026-01-23T22:46:29.702483,15cedc7a9730972b927f01fdf3bc98946ca1b50a,euler,64x64,44499,2.4886394385248423e-05,0.05608975929470034,1.0,0,0,0,,,0.4179589568194197
20260123_221112,2026-01-23T22:46:31.706271,15cedc7a9730972b927f01fdf3bc98946ca1b50a,euler,64x64,44599,-5.052469714428298e-05,0.05218517080640595,1.0,0,0,0,,,0.4187356921716173
20260123_221112,2026-01-23T22:46:33.855374,15cedc7a9730972b927f01fdf3bc98946ca1b50a,euler,64x64,44699,-0.00013623383711092174,0.0514302408984804,1.0,0,0,0,,,0.4189141080054603
20260123_221112,2026-01-23T22:46:35.873508,15cedc7a9730972b927f01fdf3bc98946ca1b50a,euler,64x64,44799,0.0001383958151564002,0.053672184605238725,1.0,0,0,0,,,0.41838544994833937
20260123_221112,2026-01-23T22:46:37.732581,15cedc7a9730972b927f01fdf3bc98946ca1b50a,euler,64x64,44899,0.00041313766269013286,0.05259277309494791,1.0,0,0,0,,,0.4184851890620642
20260123_221112,2026-01-23T22:46:39.367715,15cedc7a9730972b927f01fdf3bc98946ca1b50a,euler,64x64,44999,5.708687240257859e-05,0.05195991737105942,1.0,0,0,0,,,0.4184518526404074
20260123_221112,2026-01-23T22:46:41.187051,15cedc7a9730972b927f01fdf3bc98946ca1b50a,euler,64x64,45099,0.000308223970932886,0.04570343190935091,1.0,0,0,0,,,0.4188703866338451
20260123_221112,2026-01-23T22:46:43.103479,15cedc7a9730972b927f01fdf3bc98946ca1b50a,euler,64x64,45199,0.00010087819828186184,0.04843350095274218,1.0,0,0,0,,,0.41906502915606236
20260123_221112,2026-01-23T22:46:45.205239,15cedc7a9730972b927f01fdf3bc98946ca1b50a,euler,64x64,45299,9.666998812463135e-05,0.05359954240295337,1.0,0,0,0,,,0.4182921072116908
20260123_221112,2026-01-23T22:46:47.118033,15cedc7a9730972b927f01fdf3bc98946ca1b50a,euler,64x64,45399,0.00018313407781533897,0.0528993039821944,1.0,0,0,0,,,0.41853073461048435
20260123_221112,2026-01-23T22:46:49.200605,15cedc7a9730972b927f01fdf3bc98946ca1b50a,euler,64x64,45499,0.00010945767280645669,0.04663955094809353,1.0,0,0,0,,,0.4191481383051796
20260123_221112,2026-01-23T22:46:50.971671,15cedc7a9730972b927f01fdf3bc98946ca1b50a,euler,64x64,45599,0.0002008746814681217,0.04820535118829866,1.0,0,0,0,,,0.41890225968647454
20260123_221112,2026-01-23T22:46:52.693517,15cedc7a9730972b927f01fdf3bc98946ca1b50a,euler,64x64,45699,4.87784382130485e-05,0.049746102097560654,1.0,0,0,0,,,0.41898454077419545
20260123_221112,2026-01-23T22:46:54.404170,15cedc7a9730972b927f01fdf3bc98946ca1b50a,euler,64x64,45799,9.777481318451464e-05,0.04801027728521148,1.0,0,0,0,,,0.41916214265829566
20260123_221112,2026-01-23T22:46:56.221904,15cedc7a9730972b927f01fdf3bc98946ca1b50a,euler,64x64,45899,1.89960755960783e-05,0.04938304289993539,1.0,0,0,0,,,0.41882019444468255
20260123_221112,2026-01-23T22:46:58.142115,15cedc7a9730972b927f01fdf3bc98946ca1b50a,euler,64x64,45999,0.00011215873382752761,0.04946756577657652,1.0,0,0,0,,,0.41880845262800803
20260123_221112,2026-01-23T22:46:59.979068,15cedc7a9730972b927f01fdf3bc98946ca1b50a,euler,64x64,46099,0.00019801451708190143,0.04541692860017065,1.0,0,0,0,,,0.4193256638757772
20260123_221112,2026-01-23T22:47:01.859775,15cedc7a9730972b927f01fdf3bc98946ca1b50a,euler,64x64,46199,-1.4277571608545259e-05,0.05499048895770102,1.0,0,0,0,,,0.4180869149453965
20260123_221112,2026-01-23T22:47:03.688529,15cedc7a9730972b927f01fdf3bc98946ca1b50a,euler,64x64,46299,-4.926891779177822e-05,0.051564035774426885,1.0,0,0,0,,,0.4186615158658755
20260123_221112,2026-01-23T22:47:05.707645,15cedc7a9730972b927f01fdf3bc98946ca1b50a,euler,64x64,46399,3.921417373931035e-06,0.04925519153213827,1.0,0,0,0,,,0.41902784439335816
20260123_221112,2026-01-23T22:47:07.527027,15cedc7a9730972b927f01fdf3bc98946ca1b50a,euler,64x64,46499,0.0005289447144605219,0.04454300526478619,1.0,0,0,0,,,0.41926938819793824
20260123_221112,2026-01-23T22:47:09.357255,15cedc7a9730972b927f01fdf3bc98946ca1b50a,euler,64x64,46599,-0.00013360334560275078,0.05321868650142278,1.0,0,0,0,,,0.41859896164718724
20260123_221112,2026-01-23T22:47:11.119945,15cedc7a9730972b927f01fdf3bc98946ca1b50a,euler,64x64,46699,-4.468043698580004e-05,0.05085349893728562,1.0,0,0,0,,,0.4188882706044008
20260123_221112,2026-01-23T22:47:13.053399,15cedc7a9730972b927f01fdf3bc98946ca1b50a,euler,64x64,46799,-3.0408979000640102e-05,0.048780953269306336,1.0,0,0,0,,,0.41908103693073634
20260123_221112,2026-01-23T22:47:14.727050,15cedc7a9730972b927f01fdf3bc98946ca1b50a,euler,64x64,46899,-4.349429673311533e-06,0.04942349586701312,1.0,0,0,0,,,0.419015740144626
20260123_221112,2026-01-23T22:47:16.905803,15cedc7a9730972b927f01fdf3bc98946ca1b50a,euler,64x64,46999,1.813262133509852e-05,0.051932777683396124,1.0,0,0,0,,,0.4188398073231294
20260123_221112,2026-01-23T22:47:19.258316,15cedc7a9730972b927f01fdf3bc98946ca1b50a,euler,64x64,47099,2.203813346568495e-05,0.04689558970821963,1.0,0,0,0,,,0.41911533636584114
20260123_221112,2026-01-23T22:47:21.262364,15cedc7a9730972b927f01fdf3bc98946ca1b50a,euler,64x64,47199,0.0001903517113532871,0.055991687220157474,1.0,0,0,0,,,0.41797722738331533
20260123_221112,2026-01-23T22:47:23.061288,15cedc7a9730972b927f01fdf3bc98946ca1b50a,euler,64x64,47299,0.00017645397747401148,0.05375950649853621,1.0,0,0,0,,,0.41850038759230646
20260123_221112,2026-01-23T22:47:24.985125,15cedc7a9730972b927f01fdf3bc98946ca1b50a,euler,64x64,47399,-0.00012069885269738734,0.05616672184194613,1.0,0,0,0,,,0.4181147407506257
20260123_221112,2026-01-23T22:47:26.995050,15cedc7a9730972b927f01fdf3bc98946ca1b50a,euler,64x64,47499,0.00010742883023340255,0.05334719115009648,1.0,0,0,0,,,0.41844885009293553
20260123_221112,2026-01-23T22:47:28.957217,15cedc7a9730972b927f01fdf3bc98946ca1b50a,euler,64x64,47599,0.0001256257964996621,0.05098347952727636,1.0,0,0,0,,,0.41883138326626346
20260123_221112,2026-01-23T22:47:30.698672,15cedc7a9730972b927f01fdf3bc98946ca1b50a,euler,64x64,47699,-1.9901292034774087e-05,0.04677699062121974,1.0,0,0,0,,,0.4186257118727237
20260123_221112,2026-01-23T22:47:32.341233,15cedc7a9730972b927f01fdf3bc98946ca1b50a,euler,64x64,47799,8.308800170198083e-05,0.05578463419675245,1.0,0,0,0,,,0.41814293517367523
20260123_221112,2026-01-23T22:47:34.089507,15cedc7a9730972b927f01fdf3bc98946ca1b50a,euler,64x64,47899,-8.26548712211661e-05,0.04965014151362993,1.0,0,0,0,,,0.41903457644244657
20260123_221112,2026-01-23T22:47:35.889661,15cedc7a9730972b927f01fdf3bc98946ca1b50a,euler,64x64,47999,2.5055860533029772e-05,0.050914612745255,1.0,0,0,0,,,0.418914257062171
20260123_221112,2026-01-23T22:47:37.476725,15cedc7a9730972b927f01fdf3bc98946ca1b50a,euler,64x64,48099,-3.4096650779247284e-05,0.05156577600442688,1.0,0,0,0,,,0.41881415937429145
20260123_221112,2026-01-23T22:47:39.265276,15cedc7a9730972b927f01fdf3bc98946ca1b50a,euler,64x64,48199,-0.00016109996067825705,0.05060423839735449,1.0,0,0,0,,,0.41883085143648224
20260123_221112,2026-01-23T22:47:41.000466,15cedc7a9730972b927f01fdf3bc98946ca1b50a,euler,64x64,48299,0.00020779913756996393,0.048048692973388825,1.0,0,0,0,,,0.41912220531226124
20260123_221112,2026-01-23T22:47:43.002212,15cedc7a9730972b927f01fdf3bc98946ca1b50a,euler,64x64,48399,-0.0001197166639030911,0.053927343150789966,1.0,0,0,0,,,0.4184508461938587
20260123_221112,2026-01-23T22:47:45.065233,15cedc7a9730972b927f01fdf3bc98946ca1b50a,euler,64x64,48499,-3.6517954868031666e-05,0.05103415185236372,1.0,0,0,0,,,0.4189407616337277
20260123_221112,2026-01-23T22:47:47.089466,15cedc7a9730972b927f01fdf3bc98946ca1b50a,euler,64x64,48599,0.0001566121936775744,0.04734707589748723,1.0,0,0,0,,,0.41896783364726553
20260123_221112,2026-01-23T22:47:49.115477,15cedc7a9730972b927f01fdf3bc98946ca1b50a,euler,64x64,48699,5.368291022023186e-05,0.05096327724328148,1.0,0,0,0,,,0.4189981610670719
20260123_221112,2026-01-23T22:47:51.040918,15cedc7a9730972b927f01fdf3bc98946ca1b50a,euler,64x64,48799,1.0133539035450667e-05,0.051636177625114216,1.0,0,0,0,,,0.4187826839717865
20260123_221112,2026-01-23T22:47:52.960419,15cedc7a9730972b927f01fdf3bc98946ca1b50a,euler,64x64,48899,-0.00015452178195118904,0.05110065721775754,1.0,0,0,0,,,0.41888396801706373
20260123_221112,2026-01-23T22:47:54.738002,15cedc7a9730972b927f01fdf3bc98946ca1b50a,euler,64x64,48999,3.40602382493671e-05,0.051254665749147534,1.0,0,0,0,,,0.4189084247232571
20260123_221112,2026-01-23T22:47:56.687941,15cedc7a9730972b927f01fdf3bc98946ca1b50a,euler,64x64,49099,0.0007148442091420293,0.05347124659747351,1.0,0,0,0,,,0.41852671769208927
20260123_221112,2026-01-23T22:47:58.592944,15cedc7a9730972b927f01fdf3bc98946ca1b50a,euler,64x64,49199,-9.712636529002339e-05,0.05304802096201456,1.0,0,0,0,,,0.4185849543231075
20260123_221112,2026-01-23T22:48:00.715138,15cedc7a9730972b927f01fdf3bc98946ca1b50a,euler,64x64,49299,-4.717994306702167e-05,0.05064359641437477,1.0,0,0,0,,,0.41868078428557787
20260123_221112,2026-01-23T22:48:02.837210,15cedc7a9730972b927f01fdf3bc98946ca1b50a,euler,64x64,49399,0.00012788009189534932,0.0519349001046794,1.0,0,0,0,,,0.4187138815222563
20260123_221112,2026-01-23T22:48:04.907907,15cedc7a9730972b927f01fdf3bc98946ca1b50a,euler,64x64,49499,1.2920576409669593e-05,0.04984220112906769,1.0,0,0,0,,,0.41905125054742237
20260123_221112,2026-01-23T22:48:06.924131,15cedc7a9730972b927f01fdf3bc98946ca1b50a,euler,64x64,49599,-0.00012426418834365904,0.05333644174359506,1.0,0,0,0,,,0.41856565093153764
20260123_221112,2026-01-23T22:48:08.947051,15cedc7a9730972b927f01fdf3bc98946ca1b50a,euler,64x64,49699,0.00019144215912092477,0.05137937221399625,1.0,0,0,0,,,0.41882357747979926
20260123_221112,2026-01-23T22:48:10.896302,15cedc7a9730972b927f01fdf3bc98946ca1b50a,euler,64x64,49799,-3.343653224874288e-05,0.05669827532787167,1.0,0,0,0,,,0.41795766100911547
20260123_221112,2026-01-23T22:48:12.914697,15cedc7a9730972b927f01fdf3bc98946ca1b50a,euler,64x64,49899,5.366275581764057e-05,0.05021573398647888,1.0,0,0,0,,,0.4189990612396884
20260123_221112,2026-01-23T22:48:14.923538,15cedc7a9730972b927f01fdf3bc98946ca1b50a,euler,64x64,49999,0.00022926034580450505,0.04523477716225898,1.0,0,0,0,,,0.4189461664476579
