{
  "enabled": true,
  "applied_to": {
    "training": true,
    "evaluation": true,
    "plotting": true
  },
  "y_scale": 1.2810252304406968,
  "z_scale": 0.045883146774112364,
  "w_min": 0.0,
  "w_max": 27.407527802303093,
  "w_steady": 6.851881950575773,
  "phi_steady": 0.20506403650817032,
  "steady_state": {
    "R_ss": 1.0416666666666667,
    "K_ss": 5.4468073801132295,
    "W_ss": 1.1781242629578252,
    "w_ss": 6.851881950575773,
    "c_ss": 1.4050745704625436
  }
}